{"type":"FeatureCollection","features":[{"type":"Feature","properties":{"shapeName":"Bayern","shapeISO":"DE-BY","shapeID":"10402087B60477050509260","shapeGroup":"DEU","shapeType":"ADM1"},"geometry":{"type":"Polygon","coordinates":[[[9.602077153000039,47.584337997000034],[9.60321489000006,47.58238067900004],[9.603825455000049,47.58136299300003],[9.604214418000026,47.580413673000066],[9.60439382100003,47.57930087600005],[9.604601408000065,47.578835310000045],[9.605064349000031,47.578201112000045],[9.605944388000069,47.57726481800006],[9.606765476000021,47.57665153200003],[9.606981792000056,47.576437645000055],[9.607040547000054,47.57612361500003],[9.606913253000073,47.57581704300003],[9.606812194000042,47.57552865800005],[9.606574764000072,47.57469998900007],[9.606425763000061,47.57412365700003],[9.606458933000056,47.57375550200004],[9.606691096000077,47.57339796900004],[9.607918630000029,47.572329730000035],[9.609486635000053,47.57152486500007],[9.611783180000032,47.57081579700008],[9.615847272000053,47.569267410000066],[9.617342618000066,47.56880331200006],[9.618224231000056,47.568504947000065],[9.618607953000037,47.568579949000025],[9.618778946000077,47.568671196000025],[9.61894994000005,47.568762442000036],[9.61923437300004,47.569196076000026],[9.619292642000062,47.56965483400006],[9.619365938000044,47.570014868000044],[9.619601569000054,47.57020548400004],[9.620076332000053,47.570389050000074],[9.620671856000058,47.57050170300005],[9.621508258000063,47.57050847000005],[9.622730304000072,47.57048240000006],[9.623606535000022,47.57048947200008],[9.625344299000062,47.57058435000005],[9.626230969000062,47.57075323200007],[9.626771828000074,47.57095527200005],[9.627167912000061,47.57108425900003],[9.62751341400002,47.57106906200005],[9.628007474000071,47.570911281000065],[9.62859588200007,47.57067338000007],[9.629013895000071,47.57030830600007],[9.630194921000054,47.569589904000054],[9.630611500000043,47.56930568700005],[9.630620762000035,47.56877558900004],[9.630309995000061,47.568323803000055],[9.62979947100007,47.56790636000005],[9.629176089000055,47.56758169200003],[9.62846918400004,47.567293637000034],[9.628312555000036,47.567139619000045],[9.628316333000043,47.56692398600006],[9.628507851000052,47.56660202900008],[9.628870214000074,47.566380286000026],[9.629351577000023,47.56618645400005],[9.629830109000068,47.56615434400004],[9.630186337000055,47.566283],[9.630250672000045,47.56640033300005],[9.630271255000025,47.56674196400007],[9.63043661100005,47.567156641000054],[9.63067258500007,47.56732926300003],[9.631160794000039,47.567503902000055],[9.631771308000054,47.56751776900006],[9.63242368400006,47.567415149000055],[9.633665025000028,47.56703865900005],[9.637054410000076,47.56605920900006],[9.637506074000044,47.56604482400007],[9.63774378000005,47.56611859900005],[9.637818605000064,47.56639775700006],[9.637945286000047,47.566749214000026],[9.63812802700005,47.566930382000066],[9.638353085000062,47.56696811100005],[9.638605938000069,47.56693417300005],[9.63900777300006,47.56673068200007],[9.639358835000053,47.56639199800003],[9.639626823000071,47.56625034500007],[9.640133762000062,47.56611058400006],[9.640788585000053,47.56586415900006],[9.641313598000067,47.56544597100003],[9.641474912000035,47.56533042900003],[9.642226359000063,47.56486909700004],[9.642441852000047,47.564691080000046],[9.642905108000036,47.56400282000004],[9.643173257000058,47.56307938700007],[9.643368531000021,47.562532787000066],[9.643653782000058,47.56215762800008],[9.64391170700003,47.56182718300005],[9.643955856000048,47.561575926000046],[9.643918662000033,47.561422873000026],[9.64396126500003,47.56126146200006],[9.644256688000041,47.56106610100005],[9.645022244000074,47.56055094700008],[9.645704597000076,47.560241810000036],[9.64647923800004,47.55996933800003],[9.64791395900005,47.55913593000008],[9.648543950000033,47.55878143500007],[9.649200479000058,47.55842714500005],[9.650204549000023,47.55793179700004],[9.650699940000038,47.55768406800007],[9.651047640000058,47.55753402600004],[9.651421424000034,47.55741114500006],[9.651554765000071,47.55737624400007],[9.653552559000047,47.556987468000045],[9.655305774000055,47.55692922900005],[9.656570789000057,47.55669644200003],[9.657836857000063,47.556400748000044],[9.658460970000021,47.55638761300003],[9.659467862000042,47.55650324000004],[9.660646545000077,47.556665114000054],[9.662644664000027,47.55703996900007],[9.663650523000058,47.55721845000005],[9.664458201000059,47.55734148200003],[9.66587583100005,47.55750513700008],[9.666683670000054,47.55761916700004],[9.66741397900006,47.55760679600007],[9.668570671000055,47.55749884000005],[9.669646672000056,47.557453157000054],[9.670382614000061,47.55741411200006],[9.670907401000022,47.55753699300004],[9.671465329000057,47.55777900100003],[9.671956587000068,47.55780652200008],[9.672519267000041,47.55776326000006],[9.673151899000061,47.557408010000074],[9.67379257400006,47.55719722500004],[9.674725245000047,47.556988656000044],[9.675416915000028,47.55690405100006],[9.675894138000046,47.55694361600007],[9.677161635000061,47.55735758700007],[9.677506877000042,47.55735121600003],[9.677852861000076,47.55729992100004],[9.678371688000027,47.55723196000008],[9.679038885000068,47.55702134500007],[9.679507134000062,47.55680023800005],[9.679738100000066,47.55647849400003],[9.679973652000058,47.555878224000026],[9.680034291000027,47.55542040600005],[9.680282959000067,47.554829221000034],[9.680515834000062,47.554390675000036],[9.68074811300005,47.553988067000034],[9.681248929000049,47.553398782000045],[9.681585303000077,47.55312275800003],[9.682014132000063,47.55287438700003],[9.682416266000075,47.55263479900003],[9.682804388000022,47.55244003300004],[9.681122044000062,47.548504525000055],[9.67995436800004,47.54818626200006],[9.67893803100003,47.54784611000008],[9.678383644000064,47.54766220300007],[9.677842828000053,47.547460424000064],[9.677486760000022,47.54732294100006],[9.677144557000076,47.54714962000003],[9.676671291000048,47.54687646100007],[9.676291812000045,47.54655009700008],[9.675757711000074,47.545944001000066],[9.675645573000054,47.54550284900006],[9.675623646000076,47.54522412600005],[9.675694003000046,47.54506643900004],[9.67770704000003,47.544381446000045],[9.67957817000007,47.54334000100005],[9.679864437000049,47.54308299500008],[9.680775633000053,47.54226491600008],[9.682220536000045,47.54262538100005],[9.681553098000052,47.543668731000025],[9.683773816000041,47.54442721700008],[9.68492502600003,47.54452156800005],[9.685170753000023,47.54329237200005],[9.686703211000065,47.54362026600006],[9.686381242000039,47.544732080000074],[9.687635144000069,47.54516188900004],[9.689331708000054,47.546109080000065],[9.690093905000026,47.546573039000066],[9.691505414000062,47.54833656200003],[9.690584385000022,47.54905675400005],[9.691923699000029,47.54994732900008],[9.69220369900006,47.54986854100008],[9.693279805000032,47.54980465400007],[9.694620161000046,47.549814602000026],[9.696140651000064,47.55017631000004],[9.697489364000035,47.55049180000003],[9.698149877000048,47.55068537900007],[9.698746498000048,47.55072572500006],[9.699396783000054,47.55073052100005],[9.699688747000039,47.55073267200004],[9.699873098000069,47.55082388800008],[9.69994926000004,47.55104010700006],[9.700186120000069,47.55116765200006],[9.700623205000056,47.551224784000055],[9.702125500000022,47.55089719100005],[9.702099825000062,47.549869932000036],[9.70379344500003,47.54936882700008],[9.704164904000038,47.54985655400003],[9.704624745000046,47.550088161000076],[9.705256775000066,47.55009278800003],[9.706184208000025,47.55007104100008],[9.707152867000048,47.550106647000064],[9.708675639000035,47.55029740400005],[9.70963581500007,47.550365217000035],[9.710760149000066,47.550607022000065],[9.711328102000039,47.55078187600003],[9.71169898200003,47.55082949800004],[9.71221741100004,47.55077934500008],[9.712683322000032,47.550692867000066],[9.713139369000032,47.55039065700004],[9.71384180900003,47.54961398800003],[9.714837172000045,47.54877653300008],[9.715747501000067,47.548279912000055],[9.716937479000023,47.547722401000044],[9.718084938000061,47.54733529900005],[9.718711601000052,47.54715111000007],[9.719285882000065,47.54692161200006],[9.720154353000055,47.546550454000055],[9.720597187000067,47.546239135000064],[9.721054551000066,47.54584704700005],[9.721352531000036,47.54546280100004],[9.722148361000052,47.54464182400005],[9.723509184000022,47.54333067300007],[9.726014828000075,47.54007779500006],[9.727638805000026,47.538040642000055],[9.727830684000025,47.53764664000005],[9.72827770300006,47.53695920400003],[9.728622653000059,47.536448128000075],[9.729132999000058,47.53613793000005],[9.729349357000046,47.535768586000074],[9.729228728000066,47.53539684900005],[9.728896602000077,47.53508067000007],[9.729027828000028,47.53476778000004],[9.729281889000049,47.53468399700006],[9.730833370000028,47.53515146600006],[9.731433658000071,47.534471016000055],[9.729670258000056,47.53408763900006],[9.72984380400004,47.53372620400006],[9.730712749000077,47.53382898800004],[9.731003004000058,47.533863319000034],[9.731865002000063,47.53381789700006],[9.733215095000048,47.533684795000056],[9.734097894000058,47.53380514300005],[9.73523211500003,47.53401284200004],[9.735985732000074,47.53434956900003],[9.736566459000073,47.53490663800005],[9.736766578000072,47.53559274600008],[9.736758270000053,47.53613474300005],[9.736450281000032,47.53698845500003],[9.736102782000046,47.53767071200008],[9.736091402000056,47.538412393000044],[9.736159461000057,47.539468456000066],[9.736230586000033,47.54032483600008],[9.736093263000043,47.541037104000054],[9.735873868000056,47.54160614700004],[9.735865549000039,47.542148147000034],[9.735851538000077,47.543060989000026],[9.735841468000046,47.543717095000034],[9.73561899200007,47.54448582300006],[9.73535350000003,47.545311308000066],[9.735134077000055,47.54588035300003],[9.735114686000031,47.54633337300004],[9.735247327000025,47.546737035000035],[9.735844980000024,47.54717417900008],[9.737250465000045,47.548006421000025],[9.737746898000069,47.548609027000055],[9.737864129000059,47.54920897000005],[9.738022625000042,47.54986626200008],[9.73822369900006,47.55049532400005],[9.738760497000044,47.55092370700004],[9.739520324000068,47.55113206100003],[9.740314822000073,47.55153703600007],[9.740602380000041,47.552024051000046],[9.740595417000065,47.55248047600003],[9.74054588000007,47.55296513300004],[9.740663591000043,47.55353655000005],[9.740905981000026,47.55422295500006],[9.741529809000042,47.55476937700007],[9.74224010100005,47.55517375100004],[9.743124170000044,47.55523697400008],[9.743970435000051,47.55501463100006],[9.74464856800006,47.55476258200008],[9.745323233000022,47.55473874200004],[9.745952733000024,47.55491429300008],[9.746622218000027,47.55523276400004],[9.747037145000036,47.55566358600004],[9.74724008100003,47.55617852700004],[9.747147170000062,47.55674847800003],[9.746634999000037,47.55717287300007],[9.746083269000053,47.557425812000076],[9.745279978000042,47.55759141200008],[9.74426597400003,47.55775554000007],[9.743673384000033,47.55792259300006],[9.743372751000038,47.558291387000054],[9.743408389000024,47.55871958100005],[9.74382461600004,47.55906483700005],[9.744746572000054,47.559413609000046],[9.74570809000005,47.559933826000076],[9.746502346000057,47.56036728600003],[9.747043749000056,47.560798987000055],[9.747246275000066,47.56134245700008],[9.747152921000065,47.56194093600004],[9.747139975000039,47.562796742000046],[9.747170470000071,47.56356726000007],[9.747369989000049,47.56431041900004],[9.747866276000025,47.564941515000044],[9.748532032000071,47.56551672000006],[9.749367690000042,47.56600750600006],[9.750331102000075,47.56641357800004],[9.751126361000047,47.56678995200008],[9.751710881000065,47.56716486900007],[9.75195906600004,47.56748040700006],[9.752037363000056,47.567880366000054],[9.751863185000047,47.56825005700006],[9.75139523200005,47.568532133000076],[9.750717376000068,47.568755700000054],[9.749532403000046,47.56906135100007],[9.748769366000033,47.569341379000036],[9.748300524000058,47.56968049500006],[9.74808329700005,47.57010694300004],[9.748035109000057,47.57050603000005],[9.748284148000039,47.570764524000026],[9.748956014000044,47.57094035100005],[9.750343634000046,47.57117817500006],[9.750888623000037,47.57138164400004],[9.751220702000069,47.57172629400003],[9.751552784000069,47.57207094300003],[9.752265976000047,47.57230409400006],[9.753359424000053,47.57248279500004],[9.754076480000037,47.57245918900003],[9.754626199000029,47.572348841000064],[9.755386688000044,47.572239936000074],[9.755849107000074,47.57232869400008],[9.756265534000022,47.572673906000034],[9.756472899000073,47.572903566000036],[9.756509512000036,47.57327470800004],[9.756116893000069,47.57415645400005],[9.755550511000024,47.575379370000064],[9.75549810900003,47.57606373400006],[9.755530876000023,47.576691623000045],[9.755728012000077,47.57760594000007],[9.756042248000028,47.57914872300006],[9.756455324000058,47.57972215600006],[9.757001284000069,47.57986854100005],[9.758139202000052,47.579904846000034],[9.759108054000023,47.579968516000065],[9.759903596000072,47.58034483100005],[9.760784320000027,47.580664659000035],[9.761541958000066,47.58075540100003],[9.76195892000004,47.58107206600005],[9.761953418000076,47.581442922000065],[9.76156676100004,47.58192531000003],[9.761136236000027,47.58252152000006],[9.760831344000053,47.58317564400005],[9.761035807000042,47.58360498900004],[9.761578859000053,47.58395104500005],[9.762203709000062,47.58446883500005],[9.762531300000035,47.58512725700007],[9.762689814000055,47.58581306100007],[9.763062123000054,47.58630060200005],[9.763691663000031,47.58650458300008],[9.76419977200004,47.586365371000056],[9.764588126000035,47.585768862000066],[9.76497394300003,47.58534351700007],[9.765776351000056,47.58526335000005],[9.766068563000033,47.58546503600007],[9.766022188000022,47.585750027000074],[9.765635115000066,47.586260958000025],[9.765152743000044,47.587513036000075],[9.765183953000076,47.58825503700007],[9.76547028400006,47.58885611200003],[9.766098603000046,47.58914566100003],[9.766604628000039,47.58914907700006],[9.767199614000049,47.58883925600003],[9.767796273000044,47.58841532000008],[9.768182922000051,47.58793290700004],[9.768610472000034,47.58753636000006],[9.769032566000021,47.58751066900004],[9.769367810000062,47.58765557500004],[9.769488029000058,47.588084339000034],[9.769566919000056,47.58845576500005],[9.769985251000037,47.58868681900003],[9.770575609000048,47.58869078200007],[9.771458641000038,47.58886788800004],[9.772128329000054,47.589214740000045],[9.772372161000021,47.58984404200004],[9.772826016000067,47.59053181000007],[9.77332330300004,47.59113427700004],[9.775030258000072,47.59265779100008],[9.775780213000075,47.59329046200003],[9.776240788000052,47.59352177400007],[9.77632015200004,47.59386466900003],[9.776272583000036,47.594235249000064],[9.77614705700006,47.594567150000046],[9.776493354000024,47.59489154100004],[9.776772101000063,47.59518696900005],[9.777214104000052,47.59528563900005],[9.777769965000061,47.59534039000005],[9.778298452000058,47.59533113600003],[9.778705500000058,47.595238108000046],[9.778924424000024,47.59510553800004],[9.779087575000062,47.59491516000003],[9.779420913000024,47.59449470200008],[9.779853281000044,47.59416077600008],[9.780337541000051,47.59394699500007],[9.780791004000037,47.59390532200007],[9.781138113000054,47.59404164000006],[9.781456554000044,47.594203296000046],[9.781833443000039,47.59423769700004],[9.782296249000069,47.594202462000055],[9.782768305000047,47.594180050000034],[9.783069725000075,47.59421394800006],[9.78340731700007,47.59435657900008],[9.78373483300004,47.594543816000055],[9.784091940000053,47.59464189800008],[9.78439400700006,47.594631123000056],[9.78460311200007,47.59452400600003],[9.784711762000029,47.59424909900008],[9.785014196000077,47.59387433400008],[9.78546080600006,47.59380192000003],[9.786125128000037,47.59408257100006],[9.786828026000023,47.59426300400003],[9.787387098000067,47.59411596900003],[9.788576251000052,47.59404840800005],[9.789243825000028,47.59410300800005],[9.789765043000045,47.594005948000074],[9.79006636300005,47.59370651300003],[9.790662544000043,47.59355970300004],[9.791330473000073,47.59358917700007],[9.79188380200003,47.59384395300003],[9.792438565000054,47.593998268000064],[9.79295834800007,47.59400165000005],[9.79354988800003,47.594181314000025],[9.794290299000068,47.594336826000074],[9.794888256000036,47.59406442000005],[9.795337342000039,47.59381616300004],[9.79585712200003,47.593819531000065],[9.79637299500007,47.59409915800006],[9.797039159000065,47.594254170000056],[9.797889901000076,47.59448572100007],[9.798516821000021,47.59479117200004],[9.799067723000064,47.59522171500004],[9.799434052000038,47.59557571400006],[9.799949256000048,47.59590555400007],[9.800505127000065,47.59598448400004],[9.80091531000005,47.595861537000076],[9.801658237000026,47.59584119600004],[9.802437589000021,47.59587131700005],[9.802961262000053,47.59559839000008],[9.803634499000054,47.59525106700005],[9.804010350000055,47.59492695400007],[9.804201964000072,47.59450119300004],[9.804910901000028,47.594254559000035],[9.805314250000038,47.59420761100006],[9.805729109000026,47.59415932100006],[9.806288824000035,47.59396195900007],[9.806702125000072,47.59361295900004],[9.807077595000067,47.59331395100003],[9.807490536000046,47.59299006200007],[9.808163706000073,47.59264271300003],[9.808835470000076,47.59239581800006],[9.809135968000021,47.59214655900007],[9.80936325700003,47.591821485000025],[9.80996075400003,47.59157411100006],[9.810560680000037,47.59115093100007],[9.810863250000068,47.59075098100004],[9.81098053900007,47.59032473900004],[9.811355959000025,47.59002571600007],[9.811879175000058,47.58977786200006],[9.812847875000045,47.58953282300007],[9.813222236000058,47.58930913800003],[9.813600060000056,47.588834305000034],[9.813718014000074,47.58835783100005],[9.814093055000058,47.58808391500003],[9.814649899000074,47.58808742800005],[9.815427064000062,47.58826814300005],[9.816054013000041,47.588573491000034],[9.816831534000073,47.58872908200004],[9.817573659000061,47.58875886100003],[9.81813051100005,47.588762356000075],[9.818837578000057,47.588641206000034],[9.819323619000045,47.58839308300003],[9.819849182000041,47.58796938800003],[9.820373364000034,47.58764615000007],[9.821005821000028,47.58754963600006],[9.82167437000004,47.58752869400007],[9.822493120000047,47.58738310100006],[9.823052008000047,47.58723588300006],[9.823746519000053,47.587183898000035],[9.824212776000024,47.58646638400006],[9.824483099000076,47.58596878700007],[9.824547104000033,47.585137056000065],[9.82436950400006,47.58398286000005],[9.824393691000068,47.583495621000054],[9.82469816500003,47.58306956200005],[9.824755064000044,47.58276084000005],[9.824746047000076,47.58213074500003],[9.824727046000021,47.580941875000065],[9.825347231000023,47.58055343900003],[9.826280558000065,47.58039280400004],[9.827199688000064,47.57998243600008],[9.827337444000023,47.578889641000046],[9.826974329000052,47.57845944300004],[9.827017604000048,47.57804487000004],[9.82707059300003,47.57753720800008],[9.826928468000062,47.57719710900005],[9.826779586000043,47.57684083600003],[9.826258245000076,47.57651573100003],[9.826065780000022,47.57593855300007],[9.825827876000062,47.575029147000066],[9.825795807000077,47.574906559000055],[9.825902020000058,47.57392777000007],[9.825440061000052,47.572998787000074],[9.824681441000052,47.57279593000004],[9.824232949000077,47.57264067500006],[9.823609702000056,47.572450450000076],[9.822988532000068,47.57210776800008],[9.822742834000053,47.57176742400003],[9.822445464000054,47.571545341000046],[9.821770791000063,47.57145642900008],[9.821149184000035,47.57114761500003],[9.820767851000028,47.57069937700004],[9.821413119000056,47.57014976500005],[9.821844399000042,47.56972894200004],[9.821951905000049,47.56918751300003],[9.82175813300006,47.56871196700007],[9.821968754000068,47.567950954000025],[9.822132950000025,47.56749153100003],[9.822307047000038,47.56700439200006],[9.823094033000075,47.565598512000065],[9.823338242000034,47.56521364900004],[9.823811420000027,47.56458759700007],[9.824311014000045,47.563970693000044],[9.82460806000006,47.563604127000076],[9.82494468300007,47.56325577800004],[9.82507901300005,47.563139799000055],[9.825495033000038,47.56280991300008],[9.825602813000046,47.56269376800003],[9.825670890000026,47.56256839200006],[9.825685990000068,47.56243370000004],[9.82566138900006,47.562289777000046],[9.825650063000069,47.562145936000036],[9.825720087000036,47.56187680100004],[9.825928572000066,47.56118619800003],[9.825958771000046,47.56091681600003],[9.825976060000073,47.56062039700004],[9.825964611000074,47.56048554100005],[9.825953284000036,47.56034170000004],[9.825941714000066,47.56021582900007],[9.825930387000028,47.56007198900005],[9.825905908000038,47.55991908100003],[9.825894217000041,47.55980219500003],[9.825529838000023,47.55912683200006],[9.825112551000075,47.55900824300005],[9.824681647000034,47.55849001900003],[9.823601163000035,47.55813530300003],[9.82378249200002,47.55740178000008],[9.823238264000054,47.55681840400007],[9.822404618000064,47.55651676800005],[9.821780226000044,47.556229321000046],[9.821034705000045,47.55505180000006],[9.820543600000065,47.55476518000006],[9.819612353000025,47.554643353000074],[9.818891050000047,47.554484169000034],[9.818418647000044,47.55422343400005],[9.817967052000029,47.55383394100005],[9.81698526100007,47.55323489600005],[9.816727060000062,47.55262750900005],[9.81648142900002,47.55110511100003],[9.815955506000023,47.55058625800007],[9.816093006000074,47.55027779800008],[9.815661741000042,47.54979820600005],[9.81509298100002,47.54962706900005],[9.815697784000065,47.54856113300008],[9.815676109000037,47.547609151000074],[9.816485960000023,47.54744783000007],[9.817082202000051,47.54749913000006],[9.818065650000051,47.54748153500003],[9.819049423000024,47.547440160000065],[9.820208427000068,47.54742364600003],[9.821262742000044,47.54735891800004],[9.822000083000034,47.54736352400005],[9.822876575000066,47.54746409000006],[9.823719897000046,47.54742179600004],[9.824598652000077,47.54735594200008],[9.825198769000053,47.54712193000006],[9.825660046000053,47.54676818000007],[9.826292688000024,47.54672455800005],[9.827452314000027,47.54666042300005],[9.82826147000003,47.54654656000008],[9.828967533000025,47.546265634000065],[9.82925354300005,47.54588701200004],[9.829506681000055,47.54534176800007],[9.82972342200003,47.54489139400005],[9.829846717000066,47.54428159500003],[9.830736683000055,47.54444180300004],[9.831711292000023,47.54439707500006],[9.832498946000044,47.544325824000055],[9.83332439700007,47.544229434000044],[9.833812379000051,47.544156334000036],[9.834041201000048,47.54385335600006],[9.834231547000059,47.54362623700007],[9.834684095000057,47.543400725000026],[9.835208847000047,47.54337857400003],[9.83580885200007,47.543331515000034],[9.83618546100007,47.54318162800007],[9.836638335000032,47.542930744000046],[9.837088840000035,47.54285740000006],[9.83753630700005,47.54301232200004],[9.837984789000075,47.543091151000056],[9.838735967000048,47.54294353800003],[9.839375104000055,47.542769873000054],[9.83964033500007,47.54254320100006],[9.840054720000069,47.54236816400004],[9.84032028200005,47.54211612800003],[9.840733318000048,47.54204254100006],[9.84118213100004,47.54209599500007],[9.841670750000048,47.54197213300006],[9.842122915000061,47.54177195300008],[9.842610525000055,47.54172417600006],[9.842947301000038,47.54175158000004],[9.843472365000025,47.54170402500006],[9.843811817000073,47.54152852200008],[9.844375670000034,47.541379738000046],[9.84486260600005,47.54138267700006],[9.845497034000061,47.54156405800006],[9.84624250500002,47.54184756400008],[9.846914068000046,47.542054525000026],[9.847661881000022,47.54216048100005],[9.84844881400005,47.54213984000006],[9.849237734000042,47.54196701500007],[9.84999018700006,47.54171787200005],[9.850369057000023,47.541390395000064],[9.850485398000046,47.54108671000006],[9.850825151000038,47.540885822000064],[9.851313074000075,47.54081264300004],[9.85165315200004,47.540586389000055],[9.852217632000077,47.540386839000064],[9.852630306000037,47.540338570000074],[9.85308241100006,47.54013834400007],[9.85349738800005,47.53991253100003],[9.853877539000052,47.53948359000003],[9.854224504000058,47.53872470600004],[9.85452973100007,47.53829531700006],[9.855020908000029,47.53796849300005],[9.85540135900004,47.53751418300004],[9.855745006000063,47.537008926000055],[9.855751241000064,47.53652703000006],[9.85590630300004,47.536122112000044],[9.85639515400004,47.535972822000076],[9.856883020000055,47.53589961800003],[9.857337360000031,47.53552183600004],[9.857943137000063,47.53501812300004],[9.858175367000058,47.534436105000054],[9.858369161000041,47.53392995400003],[9.858896414000071,47.533704786000044],[9.859421705000045,47.53363179200005],[9.860283725000045,47.53358614500007],[9.860656279000068,47.53374052800007],[9.861142491000066,47.53379411900005],[9.861670054000058,47.53354357400008],[9.862008411000033,47.53344410500006],[9.862569197000028,47.533523493000075],[9.863393114000075,47.533528327000056],[9.863881594000077,47.53340436600007],[9.864599455000075,47.53309696700006],[9.865654053000071,47.53245087600004],[9.866294898000035,47.53212487700006],[9.866859868000063,47.53187452600008],[9.867348646000039,47.531725186000074],[9.867946548000077,47.53183012800008],[9.868319756000062,47.531933759000026],[9.86869586000006,47.53180912300007],[9.869262099000025,47.531457309000075],[9.869789920000073,47.53118136200004],[9.870352617000037,47.531108532000076],[9.870917556000052,47.53085816000004],[9.871334294000064,47.53048010400005],[9.872272746000021,47.53030798100008],[9.872986500000025,47.53013455300004],[9.87336545100004,47.52978163600005],[9.873483537000027,47.52932575400007],[9.873600666000073,47.528945960000044],[9.87397800900004,47.52871985400003],[9.874659653000037,47.52860878400003],[9.874932542000067,47.52906354600003],[9.875031608000029,47.52922863500004],[9.875166025000055,47.529855809000026],[9.875336317000063,47.53045909600007],[9.875576547000037,47.53115915400008],[9.875674802000049,47.53183430400003],[9.875453219000065,47.532483522000064],[9.874771918000022,47.53291326300007],[9.874162960000035,47.53324704800008],[9.873944077000033,47.53367944800004],[9.87450929800002,47.533995907000076],[9.875393171000042,47.534434658000066],[9.87592163000005,47.53484726700003],[9.876271023000072,47.53535521500004],[9.876086817000044,47.53586009700007],[9.87615223000006,47.53631822800003],[9.876539021000042,47.53668183700006],[9.876996364000036,47.53709403300007],[9.877522455000076,47.53769936200007],[9.877833902000077,47.53839982800008],[9.878035920000059,47.53931649800006],[9.877868931000023,47.54129112600003],[9.877754972000048,47.54186869400007],[9.876967732000026,47.54222556800005],[9.875896758000067,47.54250852900003],[9.875215625000067,47.54291418500003],[9.875103144000036,47.54337129600003],[9.875486658000057,47.543999910000025],[9.876292615000068,47.54499233800004],[9.877141118000054,47.54543087500008],[9.877953152000032,47.545941474000074],[9.878774108000073,47.54654033500003],[9.880104950000032,47.547884905000046],[9.880978140000025,47.54805756600007],[9.881680384000049,47.54806156700005],[9.882209279000051,47.54788627100004],[9.882634899000038,47.547543965000045],[9.883093857000063,47.547344493000026],[9.883693256000072,47.54714581700006],[9.884414954000022,47.54699537800008],[9.88490871700003,47.546819869000046],[9.885140317000037,47.546547779000036],[9.88556561200005,47.546229235000055],[9.886023666000028,47.54610106900003],[9.886499126000047,47.54598488500005],[9.886624796000035,47.54575974100004],[9.886452759000065,47.545473479000066],[9.886649673000022,47.54516552800004],[9.887355095000032,47.54490799600006],[9.887901637000027,47.54472088500006],[9.888413505000074,47.54449791500008],[9.888785221000035,47.54425038000005],[9.88924310300007,47.54413408600004],[9.88985737300004,47.544149427000036],[9.890648644000066,47.54404688600005],[9.891158021000024,47.544025969000074],[9.891946821000033,47.54412548500005],[9.892611435000049,47.544331284000066],[9.893118061000052,47.54453619600008],[9.893593056000043,47.54445564000008],[9.894530031000045,47.54464801000006],[9.895863772000041,47.54469109900003],[9.89731766500006,47.544960692000075],[9.897884457000032,47.54454779100007],[9.89849672400004,47.54472948800003],[9.898902784000029,47.544541544000026],[9.899427423000077,47.54471086600006],[9.900188013000047,47.54423958800004],[9.900444759000038,47.54444273000007],[9.901046547000021,47.544059677000064],[9.901997012000038,47.54417824300003],[9.904009639000037,47.543238348000045],[9.905494288000057,47.542402509000055],[9.90667324900005,47.54217121700003],[9.906817930000045,47.54181539800004],[9.90710204900006,47.54154354900004],[9.907382910000024,47.54154508200003],[9.908057163000024,47.54094252400006],[9.908428896000032,47.540683037000065],[9.908503771000028,47.54029117400006],[9.908385982000027,47.539862603000074],[9.908447961000036,47.53907840100004],[9.908542786000055,47.53848457000004],[9.908883131000039,47.53804334000006],[9.909274082000024,47.53764131200006],[9.909734392000075,47.537310981000076],[9.910618201000034,47.53679275800005],[9.911468291000062,47.536155475000044],[9.912097811000024,47.53533235100008],[9.912466909000045,47.53482955000004],[9.91275726400005,47.534022812000046],[9.913118375000067,47.53316890800005],[9.913475553000069,47.532647815000075],[9.914576086000068,47.53219188500003],[9.915063495000027,47.531943170000034],[9.915980580000053,47.53156772800003],[9.916582584000025,47.53111926300005],[9.917184575000022,47.53067079700003],[9.918353920000072,47.530208464000054],[9.918984544000068,47.53003849500004],[9.91972136000004,47.53006620900004],[9.920178624000073,47.52998544500008],[9.920707544000038,47.52974482700006],[9.921551236000028,47.52967182200007],[9.922235397000065,47.52969923900008],[9.923180603000048,47.52991822800004],[9.923616870000046,47.53013450900005],[9.92412375400005,47.530315501000075],[9.924526440000022,47.53040084400004],[9.924769943000058,47.530592324000054],[9.925031958000034,47.530700694000075],[9.925504987000068,47.53077451900003],[9.925853933000042,47.53095466700006],[9.926290359000063,47.53115905100003],[9.926623129000063,47.531220243000064],[9.92709876300006,47.53106822500007],[9.92750269000004,47.531046582000045],[9.927905116000034,47.531155685000044],[9.928586300000063,47.53144455700004],[9.929180287000065,47.53168541900004],[9.929635372000064,47.53179479100004],[9.930036311000038,47.53203463400007],[9.93038460200006,47.53227419900003],[9.930768406000027,47.53247828800005],[9.931257789000028,47.53265915600008],[9.932255608000048,47.53289022900003],[9.933185260000073,47.53294263400005],[9.93354019900005,47.53259976800007],[9.934095609000053,47.53314945900007],[9.934723664000046,47.533485563000056],[9.93578794900003,47.53404978100008],[9.936053102000074,47.533884743000044],[9.937045727000054,47.53457933300007],[9.937496828000064,47.535045258000025],[9.93777362700007,47.53540329800006],[9.938834370000052,47.53628841600005],[9.94027916500005,47.53736569300003],[9.94109452300006,47.53822575000004],[9.942045567000036,47.53794535500003],[9.942734776000066,47.53753285300007],[9.943951871000024,47.53700418300008],[9.944409690000043,47.53687577100004],[9.945464547000029,47.53672663400005],[9.946686858000021,47.53662831300005],[9.948771787000055,47.536468196000044],[9.94985629200005,47.53618190200007],[9.950984077000044,47.535783458000026],[9.95282812000005,47.535608151000076],[9.954686948000074,47.53549170900004],[9.956266716000073,47.53523228900008],[9.957545198000048,47.53501803200004],[9.958308014000067,47.53478280100006],[9.958988771000065,47.534602319000044],[9.959801484000025,47.53477185400004],[9.960750951000023,47.53485012500005],[9.961538315000041,47.534854033000045],[9.962547048000033,47.53447288900003],[9.963684783000076,47.53471755500004],[9.963897434000046,47.53514152200006],[9.963051403000065,47.53554187000003],[9.962149070000066,47.53612581100003],[9.961954641000034,47.53652937600003],[9.961082017000024,47.53687441500006],[9.960315398000034,47.53745901600007],[9.959629019000033,47.53815433600005],[9.959516018000045,47.53855830300006],[9.959620638000047,47.538926579000076],[9.960237972000073,47.53959160900007],[9.96049894400005,47.540567458000055],[9.960488982000072,47.54148679800005],[9.95978098200004,47.541667156000074],[9.958961961000057,47.54206761000006],[9.958897661000037,47.54298668100006],[9.95919236900005,47.543355905000055],[9.96017194600006,47.54317690000005],[9.961073433000024,47.54268490700008],[9.963168709000058,47.54229075400008],[9.96383905700003,47.54308474100003],[9.964323691000061,47.54347327800008],[9.964776037000036,47.54433973600004],[9.96540180200003,47.54423249100006],[9.966349488000048,47.54449458200003],[9.96694100600007,47.54504912200008],[9.967207451000036,47.54552851400007],[9.967813724000052,47.54624043000007],[9.970898558000044,47.54568043800003],[9.970754743000043,47.54525240800007],[9.970794401000035,47.54482467100007],[9.971043962000067,47.544469279000054],[9.971046740000077,47.54420778000008],[9.97073378500005,47.543920968000066],[9.970666599000026,47.54363535400006],[9.970354407000059,47.543277225000054],[9.969830303000037,47.54303692900004],[9.969236238000065,47.54277251500008],[9.968748267000024,47.54243729500007],[9.968226463000065,47.54198303800007],[9.967669053000066,47.54157615200006],[9.967285154000024,47.54136030500007],[9.967287443000032,47.541146352000055],[9.967397345000052,47.540718963000074],[9.967367069000034,47.54026711200004],[9.967195858000025,47.53986211800003],[9.967304230000025,47.53957736500007],[9.967482051000047,47.53936427300005],[9.967310334000047,47.53900682500006],[9.967103260000044,47.538672975000054],[9.966684790000045,47.53840941000004],[9.966053653000074,47.53833498700004],[9.96545711300007,47.538308278000045],[9.965036867000038,47.538211113000045],[9.964900278000073,47.53785383400003],[9.965258224000024,47.537213707000035],[9.965581821000058,47.53650208800008],[9.965832143000057,47.53607539400008],[9.965800098000045,47.53578995100003],[9.965521564000028,47.535574618000055],[9.965136701000063,47.53545385400008],[9.964963737000062,47.53521526500003],[9.965002162000076,47.53490639600005],[9.965322940000021,47.53445627700006],[9.965575294000075,47.53383940400005],[9.965581162000035,47.53329263900008],[9.965410501000065,47.532840099000055],[9.965028979000067,47.53241029600008],[9.964926572000024,47.53217093100005],[9.965035364000073,47.531815986000026],[9.965355101000057,47.531460957000036],[9.965360971000052,47.53091419300006],[9.965332507000028,47.53029594000003],[9.965441379000026,47.529963646000056],[9.965828496000029,47.52987045700007],[9.966353208000044,47.53003945300003],[9.966948886000068,47.53013747300008],[9.967512518000035,47.52995005100007],[9.967587546000061,47.52949872100004],[9.967592629000023,47.52902327500004],[9.967947683000034,47.52864463900005],[9.968301971000074,47.52833731900006],[9.968305524000073,47.52800450700005],[9.968167924000056,47.52774232400003],[9.967710344000068,47.527361763000044],[9.967362232000028,47.52704633600007],[9.967304658000046,47.52683322100006],[9.967564870000047,47.52628721500008],[9.96770592100006,47.52568995000007],[9.96784664300003,47.52512308900003],[9.967746567000063,47.52468680000004],[9.967405481000071,47.52440135100005],[9.966899171000023,47.524175899000056],[9.966483177000043,47.523900215000026],[9.966187748000038,47.52354404300007],[9.965802230000065,47.52321783200006],[9.965071737000073,47.52297099800006],[9.965274651000072,47.52271957500005],[9.965276692000032,47.522529398000074],[9.965104028000042,47.52226704000003],[9.965088779000041,47.52205300300005],[9.965284732000043,47.52178057500004],[9.965112070000032,47.52151821700005],[9.965203633000044,47.52116206800008],[9.965435695000053,47.52079472300005],[9.965843348000021,47.520416356000055],[9.96628392100007,47.52024022300003],[9.966655069000069,47.519992427000034],[9.966939499000034,47.519649111000035],[9.967433843000038,47.51936625800005],[9.968016040000066,47.519071946000054],[9.968836555000053,47.518786404000025],[9.969532720000075,47.518354283000065],[9.97032594600006,47.51801344300003],[9.97087390200005,47.51763574300003],[9.971105401000045,47.51731593200003],[9.971125850000021,47.51704263900007],[9.97126974500003,47.51671051400007],[9.971553116000052,47.51646227500004],[9.971625818000064,47.51622489600004],[9.971558664000042,47.51593929100005],[9.971578857000054,47.51568976900006],[9.971808705000058,47.51552447600005],[9.972212360000071,47.51551455300006],[9.972861643000044,47.51550582100003],[9.973301268000057,47.51541286300005],[9.973759315000052,47.51523678500007],[9.974235156000077,47.51503701900003],[9.974465241000075,47.51484794800007],[9.974817511000026,47.51471890000005],[9.975274795000075,47.51461413200008],[9.975785962000032,47.51439075700006],[9.976191232000076,47.514226301000065],[9.976579331000039,47.51402610100007],[9.977090236000038,47.51382649200008],[9.977741240000057,47.51365132800004],[9.978216799000052,47.51347531600004],[9.978624170000046,47.51310878900006],[9.97906587600005,47.51281374600006],[9.979419982000024,47.51250639400007],[9.979475470000068,47.512233269000035],[9.979567038000027,47.511865224000076],[9.979902103000029,47.51170041800003],[9.980149695000023,47.511511419000044],[9.980221357000062,47.511369124000055],[9.980591749000041,47.511180711000065],[9.980734698000049,47.51093177800004],[9.981017989000065,47.51068351500004],[9.981371079000041,47.510471245000076],[9.981793347000064,47.51035439700007],[9.982285539000031,47.51026165300004],[9.982724112000028,47.51026374400004],[9.983388650000052,47.51046898200008],[9.984588110000061,47.51101272200003],[9.986868643000037,47.50912429300007],[9.987122813000042,47.508909853000034],[9.988422545000049,47.50760416700007],[9.989108207000072,47.50669092100003],[9.989834451000036,47.50569699600004],[9.990260780000028,47.505501329000026],[9.992406,47.504487090000055],[9.993631788000073,47.503908789000036],[9.994684360000065,47.50341053400007],[9.995696954000039,47.502930054000046],[9.995301918000052,47.50265866600006],[9.992298417000029,47.50073084600007],[9.990728122000064,47.499995702000035],[9.98795722400007,47.49868882100003],[9.987653590000036,47.49856159700005],[9.987895460000061,47.49824826400004],[9.988277837000055,47.49775018100007],[9.988795794000055,47.49707547700007],[9.989073317000077,47.49660303500008],[9.990198578000047,47.494687345000045],[9.990630289000023,47.49395233800004],[9.991022066000028,47.49328530400004],[9.992437349000056,47.49100525400007],[9.993596196000055,47.48914631200006],[9.994364047000033,47.487936931000036],[9.995348118000038,47.48631524800004],[9.996763067000074,47.48533348400008],[9.99867178900007,47.48401256200003],[9.999464231000047,47.48346512200004],[9.99985967400005,47.48319143800006],[10.000914086000023,47.48245953700007],[10.001354504000062,47.48215607700007],[10.001804212000025,47.48192166800004],[10.003141115000062,47.48180855900006],[10.005766849000054,47.48229523800006],[10.006798605000029,47.48248645400008],[10.007903806000058,47.48233395900007],[10.010735495000063,47.48194124100007],[10.013315699000032,47.482884270000056],[10.014488436000022,47.483628261000035],[10.015130359000068,47.484332420000044],[10.016405951000024,47.48478979200007],[10.017005794000056,47.48441210500005],[10.019023455000024,47.48429032200005],[10.019923178000056,47.48372376900005],[10.021341237000058,47.48395587400006],[10.022725835000074,47.48402140700006],[10.025001038000028,47.48477796600008],[10.025976833000072,47.48511730900003],[10.028166130000045,47.48538835200003],[10.028828162000025,47.48584290700006],[10.03118726200006,47.48670893800005],[10.032251415000076,47.48729595800006],[10.033735215000036,47.48801552100008],[10.034887324000067,47.48857912200003],[10.036189949000061,47.48883363300007],[10.037608417000058,47.48882171900004],[10.03789676100007,47.488773869000056],[10.03982551200005,47.48845378200008],[10.04201788000006,47.48788802900003],[10.04268875200006,47.487658933000034],[10.044684744000051,47.487611740000034],[10.045622052000056,47.48717899800005],[10.045941363000054,47.48677620300003],[10.046431103000032,47.486522903000036],[10.046996042000046,47.48649534400005],[10.047138696000047,47.48623444200007],[10.047021030000053,47.48567529800005],[10.045567301000062,47.48549092400003],[10.045306785000037,47.48481107600003],[10.04579095400004,47.48429233000007],[10.046545179000077,47.48348421500003],[10.046845870000027,47.48316203100006],[10.047445894000077,47.48251976200004],[10.048135990000048,47.481781056000045],[10.048786685000039,47.481087923000075],[10.049496408000039,47.480282241000054],[10.050219036000044,47.47951254800006],[10.050808308000057,47.47883214700005],[10.051888244000054,47.477485596000065],[10.052652659000046,47.47631202600007],[10.053546427000072,47.47635136800005],[10.054146100000025,47.47594970700004],[10.054170009000075,47.47523663800007],[10.054390344000069,47.47483067500008],[10.054633453000065,47.474382743000035],[10.054391533000057,47.473989509000035],[10.053796459000068,47.473880087000055],[10.053222861000052,47.47333096600005],[10.05248304500003,47.47177084000003],[10.052064249000068,47.471248381000066],[10.051649843000064,47.47073138400003],[10.051519037000048,47.47054216500004],[10.05156088900003,47.47030873500006],[10.051964930000054,47.469768094000074],[10.052889695000033,47.46922476800006],[10.053109784000071,47.46807667600007],[10.053551732000074,47.46730376800008],[10.053568642000073,47.466579386000035],[10.054925440000034,47.46598299000004],[10.055453537000062,47.465864416000045],[10.056890299000031,47.465541804000054],[10.05904143500004,47.46502568300008],[10.060435461000054,47.464684721000026],[10.062611382000057,47.46414889700003],[10.06467064100002,47.46364175100007],[10.065011010000035,47.46279921400003],[10.065590933000067,47.462623249000046],[10.065976306000039,47.46264856500005],[10.066322022000065,47.462394963000065],[10.066299326000035,47.46178218400007],[10.067158515000074,47.46173807300005],[10.067915429000038,47.46136074200007],[10.06833812900004,47.46091596700006],[10.068573279000077,47.46040445700004],[10.068967518000022,47.459546869000064],[10.069272816000023,47.45888273000003],[10.069418276000022,47.458566294000036],[10.070165978000034,47.45786025700005],[10.07052684200005,47.45751949300006],[10.070490970000037,47.45707012100007],[10.070364076000033,47.456422728000064],[10.070354467000072,47.45600041500006],[10.07126996900007,47.456090449000044],[10.071843544000046,47.45626433100006],[10.072280852000063,47.45623485500005],[10.072881444000075,47.45594079600005],[10.073504230000026,47.45574043100004],[10.074055874000067,47.45578940300004],[10.074582788000043,47.456041095000046],[10.07520224600006,47.45623074000008],[10.075846038000066,47.456264463000025],[10.076720912000042,47.45617427500008],[10.077366687000051,47.45597397600005],[10.077944112000068,47.45569540100007],[10.07842820600007,47.455572475000054],[10.079234056000075,47.45548199700005],[10.079694748000065,47.45540577700007],[10.080315794000057,47.45540818300003],[10.080889525000032,47.45556641600007],[10.081508085000053,47.455865231000075],[10.08208012600005,47.45622626900007],[10.08265152100006,47.45666530800003],[10.08296924900003,47.45718137600005],[10.083240715000045,47.45772846800003],[10.083719084000052,47.45829195400006],[10.084290129000067,47.45877778800008],[10.084839998000064,47.45904511800006],[10.085437309000042,47.45914101300008],[10.086128705000021,47.45898764000003],[10.086659722000036,47.45875564500005],[10.087211929000034,47.458742148000056],[10.087666068000033,47.459053621000066],[10.08766606000006,47.45946154000006],[10.087685710000073,47.45986725100005],[10.088234966000073,47.46021256900008],[10.088969805000033,47.460371371000065],[10.089264843000024,47.46039432300006],[10.089727198000048,47.460062433000076],[10.089947103000043,47.45969554000004],[10.090138836000051,47.45945724400008],[10.090654674000064,47.45936726200006],[10.091116142000033,47.45929545800004],[10.091470374000039,47.45907616000005],[10.09158182300007,47.458708855000054],[10.091232266000077,47.45835819900003],[10.091289197000037,47.458027462000075],[10.091698239000038,47.457734825000045],[10.091862697000067,47.45751481000008],[10.091676249000045,47.45710961100008],[10.09167971100004,47.456686743000034],[10.092321423000044,47.455507864000026],[10.092615357000057,47.45498035000003],[10.092969852000067,47.454724276000036],[10.093243323000024,47.45443112400005],[10.093246172000022,47.45408179800006],[10.093222365000031,47.45367721400004],[10.093307432000074,47.45321788100006],[10.093501222000043,47.45272218200006],[10.093775727000036,47.45230033200005],[10.094158350000043,47.45191565600004],[10.094458904000021,47.45162260400008],[10.094542611000065,47.451328740000065],[10.094464735000031,47.45090556800005],[10.094467425000062,47.45057462900007],[10.094686804000048,47.450262887000065],[10.094851523000045,47.450006098000074],[10.094826062000038,47.44980375600005],[10.094610572000022,47.44963747600008],[10.094476843000052,47.44941634300005],[10.094507086000021,47.449030349000054],[10.09431930200003,47.44879062800004],[10.09402310400003,47.44855050100006],[10.093428920000065,47.44829087000005],[10.093133480000063,47.44795881300007],[10.093055469000035,47.44755402700008],[10.092948071000023,47.44695033600004],[10.092957163000051,47.44583629300007],[10.092989442000032,47.44512664100006],[10.09298532500003,47.444695840000065],[10.092957797000054,47.44411578000006],[10.092995324000071,47.44347030900008],[10.09324600900004,47.44239888000004],[10.093493564000028,47.44171042700003],[10.093756081000038,47.44116428400008],[10.093823981000071,47.44074872300007],[10.093891791000033,47.44034410300003],[10.09459804200003,47.43949043400005],[10.09828245400007,47.435829529000046],[10.099817436000023,47.434307862000026],[10.101299004000055,47.432830902000035],[10.10231329000004,47.43182838000007],[10.103594545000021,47.43054831200004],[10.104915860000062,47.429241492000074],[10.10542274100004,47.42874014800003],[10.104542719000051,47.42818492200007],[10.101823581000076,47.42653476100003],[10.101107420000062,47.426294416000076],[10.100584771000058,47.425947810000025],[10.100185770000053,47.42547091800003],[10.09933219800007,47.42489726000008],[10.098653297000055,47.424383671000044],[10.098340361000055,47.424097259000064],[10.097747510000033,47.42377415100003],[10.097137923000048,47.42335589400005],[10.09693026900004,47.42304609800004],[10.096252763000052,47.42236610300006],[10.095854122000048,47.421853541000075],[10.095596546000024,47.42122265000006],[10.095375735000061,47.42037795700003],[10.095276930000068,47.41960503300004],[10.095281845000045,47.418998894000026],[10.095392598000046,47.418298066000034],[10.095700685000054,47.417815346000054],[10.095413932000042,47.41773133600003],[10.095055371000058,47.417681267000034],[10.094601749000049,47.41754962700003],[10.094245169000033,47.41725591900007],[10.093840471000021,47.416994516000045],[10.093386990000056,47.41684662700004],[10.092765473000043,47.41676307900008],[10.092096629000025,47.41661437500005],[10.091547970000022,47.41640115100006],[10.09097551800005,47.41617159000003],[10.090235032000066,47.416006362000076],[10.089588932000026,47.41600391600008],[10.08913493800003,47.41592098000007],[10.088658489000068,47.41565928600005],[10.088277896000022,47.41538171000008],[10.087872976000028,47.41515276900003],[10.087276492000058,47.414939341000036],[10.086679206000042,47.41482336300004],[10.086129109000069,47.41478877600008],[10.085628082000028,47.414608189000035],[10.085053924000022,47.414589748000026],[10.084168283000054,47.41461883800008],[10.083281286000044,47.414810344000045],[10.08289665600006,47.41502002200008],[10.082370080000032,47.415034236000054],[10.081652207000047,47.41503146600007],[10.080790486000069,47.415060621000066],[10.079952283000068,47.41513858900004],[10.079472742000064,47.415250428000036],[10.079066219000026,47.41521636400006],[10.078828571000031,47.415020525000045],[10.07842273700004,47.414905246000046],[10.077657144000057,47.41488602000004],[10.07727469300005,47.41483580000005],[10.07694133900003,47.41463958400004],[10.076535787000068,47.41449181300004],[10.075984733000041,47.41457087100008],[10.075433126000064,47.41471489800006],[10.07490599700003,47.414794044000075],[10.074499481000032,47.41475996300005],[10.073998220000021,47.41461180700003],[10.073593372000062,47.41438281200004],[10.073214122000024,47.41395900300006],[10.072739166000076,47.41353481500005],[10.07236020800002,47.41307851900007],[10.072052206000023,47.41271995900007],[10.071959280000044,47.41239473400003],[10.072010478000038,47.41200510600004],[10.071990312000025,47.411566469000036],[10.071826581000039,47.41112726400007],[10.071423026000048,47.410752082000045],[10.071066912000049,47.41042581500005],[10.070613838000043,47.410245348000046],[10.07011123500007,47.41025959700005],[10.069727986000032,47.41030680400007],[10.069370065000044,47.41019168200006],[10.06915766800006,47.40984973700006],[10.069325995000042,47.40975294900005],[10.069613675000028,47.40968912200003],[10.069948366000062,47.40972293600004],[10.070355397000071,47.40969206700004],[10.070523860000037,47.409579034000046],[10.070717787000035,47.40928743200004],[10.070887925000022,47.40897949200007],[10.070796130000076,47.408524329000045],[10.070536298000036,47.40813347100004],[10.070418627000038,47.40790560500005],[10.070468155000071,47.407710887000064],[10.070780864000028,47.40751721400005],[10.071188853000024,47.40737264400008],[10.071572496000044,47.40727670500007],[10.072004267000068,47.40714846900005],[10.072364956000058,47.406938738000065],[10.072654283000077,47.40667999500005],[10.07289700900003,47.40627488200005],[10.073090213000057,47.40606448700004],[10.073473566000075,47.40600102700006],[10.07383354700005,47.40587250200008],[10.074122722000027,47.40562999700006],[10.074435127000072,47.405468797000026],[10.074722359000077,47.40545368200003],[10.075033516000076,47.40543866100006],[10.075346054000022,47.40526121600004],[10.075491674000034,47.40501814600003],[10.075661076000074,47.404791411000076],[10.07602214600007,47.40453294100007],[10.076621901000067,47.40434037400007],[10.077317760000028,47.40409945000005],[10.077725427000075,47.40398734100006],[10.078107934000059,47.40402131700006],[10.07848989300004,47.40412026100006],[10.078727349000076,47.40433234100004],[10.078989554000032,47.40444706000005],[10.07942059800007,47.40440000600006],[10.07978096200003,47.404222735000076],[10.080213641000057,47.40398077100008],[10.080599561000042,47.40360868300007],[10.080865312000071,47.40330110000008],[10.08086899400007,47.402862560000074],[10.080871312000056,47.40258644200003],[10.081113134000077,47.40227876600005],[10.081402389000061,47.40202000100004],[10.081548240000075,47.401744439000026],[10.081646246000048,47.40146869000006],[10.081862501000046,47.40135582700003],[10.082174039000051,47.40129205800008],[10.082366506000028,47.401162860000056],[10.082799961000035,47.40082343300003],[10.083207996000056,47.40066257700005],[10.08375847800005,47.40063220900004],[10.084094471000071,47.400503558000025],[10.084384648000025,47.40013109100005],[10.084889710000027,47.399808173000054],[10.085393148000037,47.39968016000006],[10.085728053000025,47.39968144200003],[10.086087687000031,47.39958536100005],[10.086257428000067,47.39930988500004],[10.086308098000075,47.39896898300003],[10.086142663000032,47.39831537200007],[10.085719362000077,47.39784598800003],[10.08531513400004,47.39755207300004],[10.08489798200003,47.39730855500005],[10.084338701000036,47.396147463000034],[10.08406534900007,47.39560736900006],[10.083724878000055,47.39518381000005],[10.08314484300007,47.394930024000075],[10.082952242000033,47.39422852600006],[10.082890220000024,47.39373416400008],[10.083115796000072,47.393166002000044],[10.083701785000073,47.39179236000007],[10.08449372800004,47.38993581200003],[10.084731173000023,47.38937914200005],[10.084949876000053,47.388866402000076],[10.085505343000023,47.38754533800005],[10.086031267000067,47.38629447400007],[10.086355955000045,47.385522200000025],[10.087852687000066,47.381961888000035],[10.088353182000048,47.38077123100004],[10.089515310000024,47.378046493000056],[10.091915510000035,47.37260787300005],[10.092723496000076,47.37077678600008],[10.094273489000045,47.36726374700004],[10.096376598000063,47.36249627300003],[10.097908526000026,47.35902300600003],[10.099153794000074,47.356199306000065],[10.09958959000005,47.35518174200007],[10.099780481000039,47.354736004000074],[10.10017915900005,47.35516219400006],[10.100526736000063,47.35553375200004],[10.104476325000064,47.359755379000035],[10.110907815000076,47.36669186700004],[10.113455503000068,47.36943897500004],[10.11527828100003,47.371404211000026],[10.117634487000032,47.37394429700004],[10.119265687000052,47.37570261700006],[10.124533185000075,47.37344809900003],[10.130091935000053,47.37108652000006],[10.133753288000037,47.36952680200005],[10.137560258000065,47.36791354800005],[10.138720695000075,47.36770075900006],[10.141673252000032,47.36715928400008],[10.142687842000043,47.36716263800008],[10.148915553000052,47.36709924200005],[10.149755655000035,47.367090663000056],[10.153582244000063,47.36746836300006],[10.155979043000059,47.367704865000064],[10.157134910000025,47.36782979100008],[10.159802585000023,47.36811806400004],[10.162810515000047,47.368443022000065],[10.163947584000027,47.36856584100008],[10.164744824000024,47.368661072000066],[10.165863958000045,47.36879474400007],[10.166627196000036,47.36933303600006],[10.168182571000045,47.370303026000045],[10.169482359000028,47.37134625900006],[10.169244546000073,47.37255290600007],[10.16901208400003,47.373692230000074],[10.168842895000068,47.374518067000054],[10.168706176000057,47.37519143700007],[10.168717435000076,47.37548793800005],[10.16875073600005,47.376449312000034],[10.16880468000005,47.37763942600003],[10.168877515000077,47.37927063400008],[10.168957950000049,47.381103593000034],[10.168980891000047,47.38163371300004],[10.168992212000035,47.38192123300007],[10.169015867000041,47.38234354900004],[10.16904863700006,47.383220695000034],[10.169084217000034,47.38400578100004],[10.16910656400006,47.38462574000005],[10.169141962000026,47.38527269100007],[10.16919321000006,47.38579391600007],[10.172141251000028,47.38580288300005],[10.173372624000024,47.38562692700003],[10.175265965000051,47.38536310400008],[10.176459731000023,47.38519698600004],[10.177077422000025,47.38548531400005],[10.178264340000055,47.38604585100006],[10.179200759000025,47.38647985800003],[10.17989482400003,47.38680381900008],[10.180255960000068,47.38695912800006],[10.182010111000068,47.387781833000076],[10.18234256900007,47.387943387000064],[10.182705426000041,47.38811971200005],[10.181507206000049,47.38881007100008],[10.181397692000075,47.390466236000066],[10.181421130000047,47.39132945000006],[10.181712556000036,47.39228284100005],[10.182465623000041,47.39221201500004],[10.182781410000075,47.39209409000006],[10.183378125000047,47.39183436400003],[10.183940735000022,47.391431915000055],[10.184538038000028,47.39107710500008],[10.185344748000034,47.390817981000055],[10.186011291000057,47.39058221500005],[10.186678425000025,47.39025136600003],[10.187379806000024,47.39003946200006],[10.188186039000072,47.38985162600005],[10.189202720000026,47.389593078000075],[10.189833341000053,47.38949980600006],[10.190567638000061,47.389620757000046],[10.191022219000047,47.38969336500003],[10.191513419000046,47.38950460500007],[10.192214038000031,47.38941151900008],[10.192598470000064,47.38950769100006],[10.193263208000076,47.38955711700004],[10.194173833000036,47.38946461200004],[10.194839881000064,47.38930010100006],[10.195192942000062,47.38880192400006],[10.195229975000075,47.388469247000046],[10.195547591000036,47.388042280000036],[10.195829768000067,47.38768652200008],[10.196007374000033,47.38725916000004],[10.19639512200007,47.38680861800003],[10.196711851000032,47.38652426500005],[10.19702944200003,47.38609729500007],[10.197136604000036,47.38574104400004],[10.197769319000031,47.38529118200006],[10.198260592000054,47.38507862300003],[10.198822432000043,47.38477117700006],[10.199069999000073,47.38434400600005],[10.19907186100005,47.384035002000076],[10.19928442400004,47.383607733000076],[10.199705538000046,47.38341874300005],[10.200369917000046,47.383515663000026],[10.200894594000033,47.383564654000054],[10.20135140900004,47.38325690600004],[10.201598095000065,47.38297234700008],[10.202403877000052,47.38283194500008],[10.202964818000055,47.38266709700008],[10.203664049000054,47.38278786200004],[10.204328007000072,47.382956067000066],[10.205097660000035,47.38300570600006],[10.205902034000076,47.38310297400005],[10.206951949000029,47.38310582100007],[10.207862571000021,47.382989433000034],[10.208563623000032,47.38280116200008],[10.20905551800007,47.38246970700004],[10.209442694000074,47.38209042900007],[10.210144417000038,47.38178330100004],[10.210810584000058,47.38157115300004],[10.211687683000036,47.38119317500008],[10.212179542000058,47.38086170500003],[10.212637083000061,47.380411293000066],[10.213403979000077,47.38093626300008],[10.21410144400005,47.38136596500004],[10.214449228000035,47.38174720100005],[10.21511212300004,47.382105496000065],[10.215916231000051,47.38225022900008],[10.216756148000059,47.38225242900006],[10.217351224000026,47.38223021500005],[10.21815547500006,47.38235116100003],[10.218644090000055,47.382590132000075],[10.219096776000072,47.38299539500008],[10.219338550000032,47.38356650000003],[10.219860845000028,47.38404325100004],[10.220454345000064,47.38430625500007],[10.221153111000035,47.38452198600004],[10.221675963000052,47.38490365100006],[10.222268029000077,47.38542811100007],[10.222685112000022,47.38595211900008],[10.223521934000075,47.38652473800005],[10.224114562000068,47.38695411000003],[10.224847989000068,47.387241216000064],[10.225547207000034,47.38738561100007],[10.226210908000041,47.38762499100005],[10.22652382800004,47.38800610200008],[10.226661489000037,47.38843431000004],[10.226981860000024,47.38884788800004],[10.227497955000047,47.38858988900006],[10.227953292000052,47.38853161000003],[10.228548309000075,47.38853310400003],[10.229056662000062,47.38837987100004],[10.229460331000041,47.38816695100007],[10.229776946000072,47.38787061600004],[10.229901505000043,47.387490607000075],[10.230047131000049,47.38711269300006],[10.230360487000041,47.38675488200005],[10.230625230000044,47.38633956600006],[10.231065028000046,47.38591280000003],[10.231434309000065,47.38558093700004],[10.231961334000061,47.38520192400006],[10.232522459000052,47.38498938200007],[10.232943457000033,47.384800262000056],[10.233276958000033,47.38461092500006],[10.233505906000062,47.384338134000075],[10.233595684000022,47.383910497000045],[10.233807064000075,47.38364954800005],[10.23410612500004,47.38335315900008],[10.234738098000037,47.38297439100006],[10.235090024000044,47.382606819000046],[10.23559911500007,47.38229905500003],[10.236196380000024,47.38186077000006],[10.235934913000051,47.38166997400003],[10.234903472000042,47.38148917900003],[10.233414818000028,47.38072451000005],[10.232110826000053,47.37970611500003],[10.231731074000038,47.37899545100004],[10.23156106500005,47.378635676000044],[10.231813277000072,47.378465608000056],[10.233021313000052,47.37763309700006],[10.233831567000038,47.377203319000046],[10.234418055000049,47.37689222300003],[10.23555667200003,47.37589645800006],[10.236036678000062,47.37516095700005],[10.236602486000038,47.37415520700006],[10.236864400000059,47.37368962800008],[10.237011102000054,47.37345640600006],[10.236476612000047,47.37273280100004],[10.236226943000077,47.37230433900004],[10.235432503000027,47.371674882000036],[10.234815596000033,47.37099847600007],[10.234435251000036,47.37040461400005],[10.232828181000059,47.369232769000064],[10.230546412000024,47.368131094000034],[10.23005014000006,47.36697993700005],[10.229300616000046,47.36620546300003],[10.229182509000054,47.36596413800004],[10.229376605000027,47.36500908900007],[10.228918216000068,47.363572274000035],[10.228852886000027,47.363428371000055],[10.227823572000034,47.363057455000046],[10.22603263800005,47.36234800300008],[10.224905718000059,47.36116142600008],[10.22445460800003,47.36017414500003],[10.224246490000041,47.35955374000008],[10.22452789600004,47.35887169700004],[10.224038828000062,47.358506555000076],[10.222566022000024,47.357420313000034],[10.219497168000032,47.35622728300007],[10.218242209000039,47.355468159000054],[10.21744850500005,47.35479579500003],[10.216739414000074,47.35400955500006],[10.217009691000044,47.35106347300007],[10.217435283000043,47.350606421000066],[10.217608191000068,47.350418217000026],[10.217384796000033,47.35018406000006],[10.216045081000061,47.348671307000075],[10.215201270000023,47.34829177800003],[10.213570523000044,47.346841115000075],[10.211866213000064,47.344411025000056],[10.209942995000063,47.34329192400003],[10.209394736000036,47.342113608000034],[10.20859689200006,47.34145145100007],[10.207277155000043,47.34035610900003],[10.205962009000075,47.33925655200005],[10.204652018000047,47.33729457700008],[10.204207868000026,47.33673392900005],[10.20666766100004,47.33584216400004],[10.20753357700005,47.33493076500008],[10.207527090000042,47.333780862000026],[10.20747928000003,47.33291832000003],[10.207442530000037,47.33242413000005],[10.20659789900003,47.331490056000064],[10.205512639000062,47.330289814000025],[10.202573829000073,47.32897917300005],[10.201532904000032,47.32849120000003],[10.200889521000022,47.32812980700004],[10.200113790000046,47.32717569400006],[10.199483049000037,47.32659900500005],[10.200851814000032,47.325768277000066],[10.200980518000051,47.325571815000046],[10.201592359000074,47.32463784300006],[10.20238377100003,47.32412890300003],[10.204597104000072,47.32355813300006],[10.206261101000052,47.32263107500006],[10.206443043000036,47.32225770900004],[10.206892038000035,47.321336288000055],[10.20770284100007,47.32062790200007],[10.208569770000054,47.32065787300007],[10.211114672000065,47.31894093100004],[10.210674255000072,47.317430553000065],[10.212138099000072,47.31556592900006],[10.21441296300003,47.31276018800003],[10.215157969000074,47.31182789200005],[10.215876173000026,47.310958404000075],[10.214156441000057,47.31142100100004],[10.212371204000021,47.31124376400004],[10.211787220000076,47.310700291000046],[10.211721192000027,47.309977211000046],[10.211354079000046,47.309406300000035],[10.210124199000063,47.30749356200005],[10.210355225000058,47.30637127600005],[10.209566407000068,47.30574931700005],[10.208582722000074,47.30479898500005],[10.207701543000042,47.30394764600004],[10.206162148000033,47.30318227400005],[10.205739510000058,47.30297213500006],[10.204380455000035,47.30232876400004],[10.203105658000027,47.30172525100005],[10.202506957000026,47.30025036100005],[10.20052236400005,47.29867282400005],[10.199667548000036,47.29834282000007],[10.199089891000028,47.297527983000066],[10.19823823300004,47.29763568800007],[10.197980432000065,47.297569804000034],[10.196755234000022,47.29709924900004],[10.195421306000071,47.29714041400007],[10.192554097000027,47.29528176600007],[10.19074781300003,47.29484542200004],[10.189999477000072,47.29415157600005],[10.18953902000004,47.293880760000036],[10.188495037000052,47.29402148600008],[10.187569938000024,47.294153563000066],[10.18655364600005,47.29408773800003],[10.184930100000031,47.294002169000066],[10.183501944000056,47.29433935600008],[10.182290874000046,47.29583598900007],[10.18092861200006,47.29618231900008],[10.17872638800003,47.29572663700003],[10.178076934000046,47.29405383800008],[10.177895958000022,47.293451428000026],[10.17776258200007,47.29160948900005],[10.17756644700006,47.29131246000003],[10.177063677000035,47.29042488300007],[10.176226844000041,47.29030109400003],[10.17499302400006,47.28909490600006],[10.174652040000069,47.28874353900005],[10.175370617000056,47.28787433900004],[10.175401917000045,47.287119854000025],[10.175514595000038,47.285713636000025],[10.175629646000061,47.28427770900004],[10.175775378000026,47.28245876300008],[10.175803991000066,47.282117493000044],[10.175699027000064,47.282018365000056],[10.173535831000038,47.27973016000004],[10.172836862000054,47.279471467000064],[10.172036400000025,47.279041223000036],[10.172581692000051,47.278436803000034],[10.173374384000056,47.277381544000036],[10.175165957000047,47.27577075200003],[10.173406969000041,47.27506430700004],[10.172470155000042,47.274134538000055],[10.173648065000066,47.27290219200006],[10.174005316000034,47.27166736300006],[10.174025949000054,47.27118019200003],[10.173979531000043,47.270265007000035],[10.178345299000057,47.27012360600003],[10.179510261000075,47.270875742000044],[10.179835769000022,47.270936705000054],[10.181672798000022,47.271262414000034],[10.183512669000038,47.27177397100007],[10.18717655100005,47.27260209100007],[10.192564314000037,47.27258537800003],[10.19498548000007,47.273117521000074],[10.195348764000073,47.27382368100007],[10.195646922000037,47.274403230000075],[10.19641567800005,47.27472147800006],[10.198695411000074,47.27532971900007],[10.200762137000027,47.276251727000044],[10.201252905000047,47.276871725000035],[10.203546595000034,47.276349233000076],[10.20617874900006,47.275649989000044],[10.207610085000056,47.27526971200007],[10.214069730000062,47.27544149000005],[10.219059400000049,47.27569001300003],[10.222226481000064,47.27581498100005],[10.223179584000036,47.275314381000044],[10.224900511000044,47.27439353300008],[10.225866759000041,47.27389294400007],[10.226766947000044,47.27340116200003],[10.22913619600007,47.272158500000046],[10.230565733000049,47.271389543000055],[10.231545208000057,47.270861989000025],[10.232299538000063,47.270477596000035],[10.234183107000035,47.27117393100008],[10.236488303000044,47.27201499100005],[10.23807219300005,47.27199189400005],[10.238373115000059,47.272495667000044],[10.239429586000028,47.274262253000074],[10.240552627000056,47.27469276000005],[10.24198984000003,47.27753481700006],[10.242264297000077,47.27806546800008],[10.242606930000022,47.27817408000004],[10.245116540000026,47.27893609300003],[10.245615310000062,47.28045837900004],[10.246582972000056,47.28004488800008],[10.246912321000025,47.27949885100003],[10.248281871000074,47.27909967900007],[10.249795278000022,47.27917282100003],[10.249670278000053,47.27953654600003],[10.250612808000028,47.279816434000054],[10.253631614000028,47.28058121600003],[10.255083540000044,47.28096395400007],[10.257033875000047,47.280888719000075],[10.257311552000033,47.281245857000044],[10.259198033000075,47.281516915000054],[10.25992164400003,47.28160951000007],[10.260577366000064,47.28270095500005],[10.261523270000055,47.28426183500005],[10.263423369000066,47.28500280800006],[10.26423526800005,47.28504153600005],[10.266202019000048,47.285099708000075],[10.26644075300004,47.28583428500008],[10.266819613000052,47.28698545800006],[10.266329532000043,47.28751263500004],[10.265972739000063,47.28790183600006],[10.267100306000032,47.28806290000006],[10.268761591000043,47.28828521200006],[10.269952145000047,47.28777571900008],[10.272236802000066,47.28762784600008],[10.273001876000023,47.28777857400007],[10.273453886000027,47.28824061600005],[10.273999653000033,47.28820340200008],[10.27651250100007,47.28803202800003],[10.279074592000029,47.28783966900005],[10.280224833000034,47.28746472600005],[10.281478671000059,47.28754811700003],[10.284513832000073,47.290922858000044],[10.284737354000072,47.29113889700005],[10.286120710000034,47.29183334000004],[10.287888792000047,47.29210631700005],[10.290102149000063,47.293251491000035],[10.290734567000072,47.29357610800008],[10.292289350000033,47.29436063700007],[10.292406619000076,47.294738152000036],[10.293410894000033,47.29774942000006],[10.29580528100007,47.29992788900006],[10.297311082000022,47.29971649200007],[10.298107863000041,47.29872847400003],[10.301634060000026,47.29861822200007],[10.301777461000029,47.29909392700006],[10.30240466400005,47.29952289800008],[10.303277153000067,47.29977405300008],[10.304462664000027,47.30039417100005],[10.306588043000033,47.30193102900006],[10.308578470000043,47.302243556000064],[10.309038653000073,47.30297940200006],[10.313308518000042,47.305376385000045],[10.315029929000048,47.30652464600007],[10.31684618600002,47.306751157000065],[10.318701159000057,47.30594141700004],[10.321043885000051,47.30644948400004],[10.32407224800005,47.305331556000056],[10.324352662000024,47.30462449000004],[10.324130970000056,47.30407271100006],[10.324711776000072,47.303733590000036],[10.326292239000054,47.30402442800005],[10.32913939100007,47.30454829800004],[10.33003062900002,47.30471226600008],[10.332291060000045,47.306345142000055],[10.334075485000028,47.30760215400005],[10.334457487000066,47.30790816800004],[10.335603935000051,47.30870044000005],[10.33907240700006,47.31031389200007],[10.339362516000051,47.310448834000056],[10.33969385000006,47.31144997400003],[10.340124888000048,47.31275232100006],[10.340486614000042,47.31384518900006],[10.340579157000036,47.31412477900005],[10.343523193000067,47.31463663400007],[10.346467289000032,47.315148409000074],[10.347375965000026,47.31605700600005],[10.348403290000022,47.31705559400007],[10.348779406000062,47.31740104800008],[10.34824259100003,47.317774031000056],[10.34695868700004,47.31859868400005],[10.345293408000032,47.319520442000055],[10.34560405600007,47.320923433000075],[10.345760342000062,47.321651305000046],[10.346180747000062,47.32241548600007],[10.346667167000021,47.323197726000046],[10.348567416000037,47.32392805400008],[10.349196359000075,47.32462842600006],[10.352057025000022,47.32781369300005],[10.353810991000046,47.33037398600004],[10.35447246700005,47.331339480000054],[10.355449317000023,47.33205384900003],[10.356320352000068,47.333100830000035],[10.356642220000026,47.33363605200003],[10.356596744000058,47.33425397800005],[10.356159201000025,47.334835260000034],[10.356833691000077,47.33697581000007],[10.35773804400003,47.33726287700006],[10.359875154000065,47.33860420100007],[10.360837013000037,47.339638541000056],[10.36232783500003,47.34040986300005],[10.364883142000053,47.34149046300007],[10.366919727000038,47.34332044000007],[10.368264123000074,47.34473249500007],[10.36921512500004,47.344976204000034],[10.370668069000033,47.345346275000054],[10.372368563000066,47.34712703200006],[10.374649340000076,47.34948338500004],[10.377352130000077,47.352334272000064],[10.378227089000063,47.35209601400004],[10.379771004000077,47.352435806000074],[10.38084073300007,47.352868201000035],[10.381789996000066,47.35393828800005],[10.383533980000038,47.354371392000076],[10.383994835000067,47.35516244300004],[10.38457416700004,47.35617820900006],[10.38629269200004,47.356224947000044],[10.386498065000069,47.357498881000026],[10.386566462000076,47.35792313700006],[10.387065680000035,47.35932510400005],[10.386851295000042,47.360582589000046],[10.386309362000077,47.36110415100006],[10.385844254000062,47.36155176500006],[10.385842591000028,47.362279439000076],[10.386434714000075,47.363537775000054],[10.38726629100006,47.364167501000054],[10.388387495000075,47.36609175800004],[10.389007659000072,47.36705281800005],[10.389123840000025,47.367232856000044],[10.389089512000055,47.36737912900003],[10.388683293000042,47.369109998000056],[10.38924933900006,47.37026947800007],[10.390568646000077,47.37076847600008],[10.391528644000061,47.37177964600005],[10.392576207000047,47.37276712600004],[10.39248755500006,47.373313738000036],[10.39316887900003,47.37377791900008],[10.393342184000062,47.37455060000008],[10.39486183400004,47.375728681000055],[10.397361459000024,47.37686013700005],[10.400526907000028,47.37757618100005],[10.403747069000076,47.37718689400003],[10.409344892000036,47.37779785200007],[10.410937126000022,47.377787288000036],[10.415815682000073,47.37960957100006],[10.417028810000033,47.38068855100005],[10.41899668900004,47.382477821000066],[10.418766939000022,47.38318916800006],[10.419604563000064,47.38462786400004],[10.420934506000037,47.384628844000076],[10.42234038600003,47.38426805300003],[10.423098071000027,47.38417901400004],[10.423583868000037,47.38421503400008],[10.425488420000022,47.38436908700004],[10.42747390300002,47.38345408500004],[10.429259888000047,47.38325762200003],[10.430053178000037,47.383509685000035],[10.43096547500005,47.38379775300007],[10.431283208000025,47.383600311000066],[10.432792301000063,47.38273881100008],[10.434314581000024,47.38186831500008],[10.435870875000035,47.380987944000026],[10.436472140000035,47.38064780500008],[10.436099158000047,47.38117279700003],[10.435438576000024,47.38210257000003],[10.43489528200007,47.38285688600007],[10.434219448000022,47.38379977900007],[10.432682148000026,47.385954955000045],[10.431442667000056,47.38769453000003],[10.431383288000063,47.38777786300005],[10.431237489000068,47.38798439900006],[10.430879619000052,47.38848726800006],[10.429872277000072,47.389879121000035],[10.429103380000072,47.391010590000064],[10.429249392000031,47.39169511500006],[10.429287371000044,47.39187316400006],[10.429747464000059,47.393966714000044],[10.430248832000075,47.394955269000036],[10.430525885000066,47.395521435000035],[10.430379408000022,47.396195136000074],[10.430667185000061,47.39668003100007],[10.431795600000044,47.39723539500005],[10.432242393000024,47.398082945000056],[10.433603342000026,47.39949426900006],[10.434158374000049,47.40002466200008],[10.43358897500002,47.40034773700006],[10.43251641300003,47.40092204800004],[10.431186659000048,47.40188689100006],[10.431084282000029,47.402163821000045],[10.431243635000044,47.40273601200005],[10.433134758000051,47.403581691000056],[10.433729887000027,47.403842593000036],[10.434404373000064,47.40413947600007],[10.437550549000036,47.40674669900005],[10.436953992000042,47.40757288400005],[10.436039937000032,47.408291070000075],[10.43558437200005,47.40961234500003],[10.436102180000034,47.41042470300005],[10.436173530000076,47.41098241800006],[10.436792722000064,47.41142305100004],[10.437253149000071,47.412049479000075],[10.438562887000046,47.41355693100007],[10.439427546000047,47.41368460600006],[10.441070427000056,47.41391053900003],[10.446527502000038,47.41484613700004],[10.45011265200003,47.416590762000055],[10.45159443800003,47.41728321000005],[10.454319971000075,47.41856013800003],[10.455431384000065,47.419090664000066],[10.456182528000056,47.419251203000044],[10.455822227000056,47.42024716200007],[10.456434814000033,47.42088493500006],[10.456096660000071,47.42155778600005],[10.45672920000004,47.422016244000076],[10.456420581000032,47.423178851000046],[10.456747203000077,47.42362670800003],[10.457174190000046,47.424293187000046],[10.458244732000026,47.426240921000044],[10.458201788000054,47.427128681000056],[10.458644886000059,47.42763830800004],[10.459103804000051,47.42816611600006],[10.460542903000032,47.42841826600005],[10.463876037000034,47.42952199000007],[10.464769138000065,47.42970440500005],[10.465211886000077,47.430019112000025],[10.465964609000025,47.43064927700004],[10.468731735000063,47.431137412000055],[10.46989972700004,47.43148746300005],[10.471113440000067,47.43185119700007],[10.472010023000053,47.431907651000074],[10.47344018900003,47.43150372100007],[10.474301533000073,47.43143601200006],[10.474844500000074,47.43147179500005],[10.475412879000032,47.43170184000007],[10.475930146000053,47.432149510000045],[10.47596491400003,47.432696246000035],[10.475824515000056,47.43325483000007],[10.475263656000038,47.43393217300007],[10.475035561000027,47.43469278900005],[10.474229524000066,47.435203674000036],[10.47424682600007,47.43561966900006],[10.47311963200002,47.43668755300007],[10.473331031000043,47.43755907900004],[10.472933309000041,47.43842147200007],[10.472275521000029,47.43996641900003],[10.472060817000056,47.44063545700004],[10.472401954000077,47.44144904600006],[10.472821243000055,47.441720934000045],[10.473116233000042,47.44299452700005],[10.470275650000076,47.44472968300005],[10.469812328000046,47.44602745900005],[10.469828521000068,47.44859989300005],[10.467549493000035,47.45003673400004],[10.46640949500005,47.45140201400005],[10.46666070200007,47.45208490500005],[10.465719267000054,47.45353110100007],[10.466579801000023,47.45421418500007],[10.467148258000066,47.455930383000066],[10.468073736000065,47.45872482000004],[10.467278355000076,47.45954216800004],[10.467383513000073,47.460800025000026],[10.466905686000075,47.462156536000066],[10.46609703200005,47.46290199800006],[10.465570686000035,47.463688612000055],[10.465591335000056,47.46424487300004],[10.46639022900007,47.46475858800005],[10.46649274200007,47.46549864100007],[10.467565204000039,47.46661304600008],[10.467807070000049,47.46723783700003],[10.468558339000026,47.46752976000005],[10.470200814000066,47.46835680000004],[10.468901493000033,47.46967716200004],[10.468065986000056,47.47082694100004],[10.467654646000028,47.47170730500005],[10.467468858000075,47.47212952400008],[10.466805502000057,47.47334224000008],[10.46680462200004,47.47466297200003],[10.46680440700004,47.474986417000025],[10.466883840000037,47.475103241000056],[10.467770790000031,47.476523074000056],[10.468022327000028,47.47691847100003],[10.467863277000049,47.47695436200007],[10.466471555000055,47.477304340000046],[10.466391265000027,47.478454345000046],[10.465529458000049,47.47901112100004],[10.463514039000074,47.480367140000055],[10.46336586800004,47.481583356000044],[10.46322069300004,47.48277492400007],[10.460755797000047,47.482378736000044],[10.456965061000062,47.482583945000044],[10.454020814000046,47.48465819300003],[10.452382570000054,47.485279019000075],[10.451310954000064,47.485685095000065],[10.450154948000034,47.48528182300004],[10.449171587000023,47.48493876400005],[10.447009537000042,47.48442139300005],[10.444942382000022,47.48396214500008],[10.44427947500003,47.48414150000008],[10.442767954000033,47.48461690000005],[10.441441558000065,47.486132233000035],[10.440207545000021,47.48655695800005],[10.440256916000067,47.48960204700006],[10.439758704000042,47.48991015400003],[10.438039476000029,47.490455944000075],[10.437319541000022,47.49120435300006],[10.43758202600003,47.49165617400007],[10.436991628000044,47.49308627200003],[10.436473374000059,47.49406530600004],[10.433855106000067,47.499095209000075],[10.43338060000002,47.49978746700003],[10.433097909000026,47.50019987400003],[10.433031645000028,47.500330458000064],[10.43219528000003,47.50197861800007],[10.431608895000068,47.503088587000036],[10.431323512000063,47.50367761800004],[10.431804186000022,47.50397789300007],[10.432429334000062,47.504368412000076],[10.434118712000043,47.50583490000008],[10.434728887000063,47.50604922000008],[10.435581562000039,47.50711070500006],[10.435463578000054,47.50764716900005],[10.435778588000062,47.508232159000045],[10.435651600000028,47.508759833000056],[10.436113853000052,47.50944475400007],[10.436702122000042,47.51037222700006],[10.437627915000064,47.510772142000064],[10.438132444000075,47.51135723500005],[10.440550845000075,47.51356943600007],[10.440797750000058,47.51414883500007],[10.441127966000067,47.51528111400006],[10.441378874000065,47.516197711000075],[10.441748705000066,47.51750072500005],[10.442105252000033,47.51883967200007],[10.441759857000022,47.51930670400003],[10.441068942000072,47.52033061600008],[10.440178736000064,47.52160599300004],[10.438876535000077,47.52349211200004],[10.439220517000024,47.52422907400006],[10.441178862000072,47.528336300000035],[10.443163993000042,47.53250641500006],[10.44447016600003,47.53518425400006],[10.445239608000065,47.53676039900006],[10.446830942000076,47.540019803000064],[10.449108359000036,47.54477402900005],[10.450525415000072,47.54765892200004],[10.451399569000046,47.54943838200006],[10.451976530000024,47.550640274000045],[10.452414475000069,47.55154388500006],[10.452828216000057,47.552397522000035],[10.453283505000059,47.553336846000036],[10.453674763000038,47.55414403800006],[10.454223477000028,47.55526036700007],[10.454459536000059,47.555738344000076],[10.455049354000039,47.55544943600006],[10.456019137000055,47.55497439700008],[10.456621097000038,47.55465776200003],[10.457214535000048,47.55434560300006],[10.458032935000062,47.55391509900005],[10.458529071000044,47.553654108000046],[10.459497015000068,47.55314491200005],[10.460481965000042,47.55262674900007],[10.462270039000032,47.55236806200003],[10.464236777000053,47.55208348800005],[10.466162723000025,47.551804780000055],[10.468067301000076,47.55152912800003],[10.468717691000052,47.551439465000044],[10.469447711000043,47.55134982100003],[10.470748489000073,47.55115250400007],[10.47139886900004,47.55106282600008],[10.47267307900006,47.55088345000007],[10.473536055000068,47.55031759600007],[10.474425561000032,47.54974275700005],[10.475633671000026,47.54894335300003],[10.477173617000062,47.54793734700007],[10.478368360000047,47.54715588200003],[10.479310855000051,47.54653608900003],[10.480027668000048,47.54606000900003],[10.480638272000022,47.545664773000055],[10.481301961000042,47.54523360200005],[10.481992189000039,47.54477547600004],[10.483266417000038,47.54394904600008],[10.484713149000072,47.542996834000064],[10.485536035000052,47.542457839000065],[10.486120005000032,47.54208952500005],[10.486279272000047,47.54197273900007],[10.486876506000044,47.54157746700008],[10.488110757000072,47.54077793300007],[10.488858469000036,47.540354284000045],[10.490881729000023,47.54005801800008],[10.492945211000062,47.53975581900005],[10.494249422000053,47.53956479500005],[10.495739079000032,47.53934658700007],[10.498210947000075,47.53898445500005],[10.500928806000047,47.53858621400008],[10.503463097000065,47.538253714000064],[10.505652375000068,47.53793015800005],[10.50781508700004,47.537606561000075],[10.510694237000052,47.53717503100006],[10.520525443000054,47.53573600400006],[10.523749329000054,47.53528609300008],[10.524479008000071,47.535187095000026],[10.52526182400004,47.535222856000075],[10.52705312300003,47.53550096200007],[10.531763601000023,47.53611965700003],[10.533860134000065,47.53639756100006],[10.535837213000036,47.53658561300006],[10.53770813500006,47.53673772600007],[10.540812944000038,47.53680848400006],[10.546398967000073,47.53693203200004],[10.548084065000069,47.536967239000035],[10.549410915000067,47.53699359800004],[10.550618342000064,47.53701101200005],[10.552608616000043,47.53704600700007],[10.554320249000057,47.53707211900007],[10.55556748500004,47.537089458000025],[10.55701375600006,47.537115664000055],[10.557348314000023,47.53712230700006],[10.559083648000069,47.537150498000074],[10.560422686000038,47.536278207000066],[10.562763451000023,47.53632104900004],[10.562851589000047,47.53585785800004],[10.56311788000005,47.53445838300007],[10.564202503000047,47.53401478400008],[10.566642330000036,47.53398337300007],[10.567836374000024,47.53396466400005],[10.569414659000074,47.533577308000076],[10.571073266000042,47.53371101100004],[10.573367983000026,47.533917091000035],[10.574071296000056,47.53499314700008],[10.575417336000044,47.537052422000045],[10.575804769000058,47.53769287500006],[10.576975823000055,47.53967200400007],[10.577305810000041,47.540247900000054],[10.577784817000065,47.54109215900007],[10.578569904000062,47.54248428900007],[10.579739868000047,47.54387613400007],[10.580019406000076,47.54441503700008],[10.580884699000023,47.546094621000066],[10.581656873000043,47.547603552000055],[10.582003030000067,47.54827717900008],[10.582070112000054,47.54871740300007],[10.582204220000051,47.54956190900003],[10.58228456300003,47.54999313800005],[10.582159524000076,47.55024034300004],[10.58163326700003,47.55052602000006],[10.581440562000068,47.55078767100008],[10.581089718000044,47.55097812100007],[10.580773931000067,47.551132884000026],[10.580616430000077,47.55145394200008],[10.580458908000026,47.55176311300005],[10.580108284000062,47.55209620100004],[10.579722519000029,47.552417426000034],[10.579477482000073,47.55290496100008],[10.57942543300004,47.55329726000008],[10.579461005000041,47.55358251600006],[10.579672147000053,47.553855756000075],[10.579795611000065,47.554200381000044],[10.579796163000026,47.55454509500004],[10.579849413000034,47.55490165800006],[10.580148415000053,47.55521049400005],[10.580289444000073,47.55555510500005],[10.580553142000042,47.555745098000045],[10.581027265000046,47.555756632000055],[10.581624286000022,47.555756185000064],[10.581940512000074,47.55585104100004],[10.582133960000021,47.55602919700004],[10.582345264000026,47.55638563900004],[10.582609684000033,47.55700355000005],[10.583540915000071,47.557335667000075],[10.584507238000072,47.557643976000065],[10.585228179000069,47.558213978000026],[10.586844470000074,47.55864062200004],[10.58759645300006,47.55877260700004],[10.587930544000073,47.55902196000005],[10.58863326200003,47.55918780400003],[10.589761451000072,47.559719949000055],[10.590711469000041,47.560670103000064],[10.592527463000067,47.56273496400007],[10.593210671000065,47.56361591900003],[10.594313537000062,47.56421326100008],[10.594722580000052,47.56443480300004],[10.595863490000056,47.56479869300006],[10.595732722000037,47.565366623000045],[10.595692464000024,47.56635089000008],[10.595630251000046,47.56687872200007],[10.595989670000051,47.56746323900006],[10.596560279000073,47.568261532000065],[10.597373817000062,47.56899841300003],[10.597954197000035,47.56971524000005],[10.59928923700005,47.568937179000045],[10.600391762000072,47.568269920000034],[10.600692301000038,47.568088025000065],[10.601465602000076,47.56832356600006],[10.603198181000039,47.56794582400005],[10.605797639000059,47.56665842000007],[10.607918591000043,47.56571340700003],[10.609823255000038,47.56576649500005],[10.61068457400006,47.565790492000076],[10.611843006000072,47.56546835900008],[10.613415516000032,47.56550061300004],[10.614215272000024,47.56602457400004],[10.614593812000066,47.56673252200005],[10.616535232000047,47.566723436000075],[10.618116377000035,47.56691191800007],[10.619047121000051,47.566863355000066],[10.62002986300007,47.56652944100006],[10.622310597000023,47.565516513000034],[10.623186532000034,47.564624009000056],[10.624257045000036,47.564301845000045],[10.624602931000027,47.56401360400008],[10.625744197000074,47.563062509000076],[10.625994325000022,47.56285405400007],[10.625939684000059,47.56208943900003],[10.625882742000044,47.56129260400007],[10.626110226000037,47.56097139600007],[10.628630173000033,47.560568699000044],[10.629585119000069,47.56025307900006],[10.63007951800006,47.560126825000054],[10.631429147000063,47.55982855500008],[10.633843741000021,47.55933141600008],[10.635409164000066,47.55898803600007],[10.637334203000023,47.55909344200006],[10.640268235000065,47.55925142800004],[10.641741947000071,47.559348353000075],[10.644422547000033,47.55907526400006],[10.645377993000068,47.55897515200007],[10.65196710600003,47.55878735700003],[10.65483017200006,47.55924794400005],[10.656191843000045,47.55932825700006],[10.657364957000027,47.55911119700005],[10.65851931800006,47.558956769000076],[10.660312676000046,47.559376446000044],[10.663236020000056,47.558630925000045],[10.664228455000057,47.558377808000046],[10.66564760600005,47.55898207400003],[10.668128860000024,47.55889826200007],[10.670815078000032,47.55880746300005],[10.673220983000022,47.55883931300008],[10.676612266000063,47.55904566800007],[10.676954494000029,47.55840810700005],[10.677525768000066,47.55734380200005],[10.677693555000076,47.55703120100003],[10.679600665000066,47.55584200900006],[10.680064220000077,47.555562698000074],[10.680448815000034,47.55547220700004],[10.680882864000068,47.555500804000076],[10.681258934000027,47.55559665200008],[10.681830270000034,47.555757432000064],[10.682348682000054,47.55596322400004],[10.683079768000027,47.556249523000076],[10.683970509000062,47.55663438500005],[10.685339981000027,47.55725204100003],[10.686855971000057,47.557995222000045],[10.687424586000077,47.55820459000006],[10.687799495000036,47.558281124000075],[10.688197711000043,47.55828043400004],[10.688807865000058,47.55816256700007],[10.690041920000056,47.558052591000035],[10.69046671700005,47.55806083300007],[10.691187265000053,47.55844114100006],[10.691487763000055,47.557789479000064],[10.691659214000026,47.55750164700004],[10.692343889000028,47.55606279300008],[10.692091384000037,47.555982372000074],[10.690177530000028,47.55532981600004],[10.69026903300005,47.55496126000003],[10.690571078000062,47.554116116000046],[10.690846947000068,47.55336985500003],[10.691044035000061,47.552848365000045],[10.69122777800004,47.55230892700007],[10.691490803000022,47.551679497000066],[10.691819940000073,47.55098705300003],[10.692188258000044,47.55013280500003],[10.692530299000055,47.54935048500005],[10.69279339700006,47.548748009000064],[10.693030156000077,47.54819949100005],[10.693372519000036,47.54750702100006],[10.693991529000073,47.54629291500004],[10.694834381000021,47.544638132000046],[10.696259653000027,47.544484401000034],[10.696840971000029,47.54442169500004],[10.698821594000037,47.54363356600004],[10.700173144000075,47.543583537000075],[10.700583550000033,47.543625888000065],[10.70175652000006,47.54374692400006],[10.702998094000066,47.543875024000045],[10.704731639000045,47.54405385700005],[10.708916161000047,47.54370970900004],[10.710844856000051,47.54314730800007],[10.711860260000037,47.54249156600008],[10.712381550000032,47.54186969800003],[10.712908202000051,47.54124141800003],[10.714100254000073,47.54085870100005],[10.715624375000061,47.540510589000064],[10.716009112000052,47.53980889700006],[10.717531923000024,47.53880738100003],[10.718336407000038,47.53812823000004],[10.719196930000066,47.538221589000045],[10.721546695000029,47.53795056000007],[10.724232116000053,47.53764075000004],[10.726069305000067,47.53803399200007],[10.729685854000024,47.53875119600008],[10.730549524000025,47.538922451000076],[10.73087014600003,47.53871387500004],[10.731578514000034,47.53825304700007],[10.733470675000035,47.53869918200007],[10.734217528000045,47.53826541500007],[10.734984759000042,47.53781979900003],[10.736461774000077,47.538706122000065],[10.738584926000044,47.53873741900003],[10.73925035800005,47.538638598000034],[10.742284616000063,47.53829849500005],[10.743211081000027,47.53759263000006],[10.744469932000072,47.53744843800007],[10.747573862000024,47.537270687000046],[10.75046674300006,47.53734491900008],[10.752285451000034,47.53644215300005],[10.753882118000035,47.53580052800004],[10.753944425000043,47.53500969100003],[10.755271740000069,47.535114400000055],[10.757582351000053,47.53472579800007],[10.758536842000069,47.534204946000045],[10.759571811000058,47.53338756100004],[10.759786918000032,47.53268325600004],[10.760921444000076,47.53212689600008],[10.760629149000067,47.53162555200004],[10.761311060000025,47.531290539000054],[10.761471636000067,47.53062340400004],[10.763107743000035,47.529093644000056],[10.764018432000057,47.52821089500003],[10.76357338500003,47.526837261000026],[10.764091421000046,47.52557261700008],[10.764604285000075,47.52497510900008],[10.762775967000039,47.523643106000065],[10.762293482000075,47.523102581000046],[10.762371838000035,47.52183474900005],[10.762791566000033,47.520846823000056],[10.763801096000066,47.51973853000004],[10.765391645000022,47.51892836400003],[10.766756660000055,47.51878109300003],[10.768572711000047,47.51785139000003],[10.772597123000025,47.51562082000004],[10.775754986000038,47.51590069000008],[10.776421636000066,47.51571394900003],[10.777572470000052,47.51393853900004],[10.778664298000024,47.51450551800008],[10.78076388900007,47.51559575500005],[10.781697012000052,47.51608026100007],[10.782284998000023,47.51638555300008],[10.78245763600006,47.51670845800004],[10.782669733000034,47.51698129300007],[10.782846264000057,47.517129846000046],[10.783285926000076,47.517348165000044],[10.783848,47.51745367500007],[10.784375663000048,47.51767813600003],[10.784727192000048,47.51778419200008],[10.78504301700002,47.517783363000035],[10.785528552000073,47.517679893000036],[10.785935607000056,47.51738876300004],[10.786371313000075,47.516876499000034],[10.786791792000031,47.516768410000054],[10.787876702000062,47.51732599500008],[10.788874760000056,47.517838923000056],[10.789951224000049,47.51839212400006],[10.790870939000058,47.51886475200007],[10.791648270000053,47.51926419800003],[10.792403404000027,47.51965222700005],[10.793982949000053,47.52046384600004],[10.795397921000074,47.521190861000036],[10.796044691000077,47.520773072000054],[10.797007718000032,47.52042573400007],[10.79825233300005,47.52022025100007],[10.798778449000054,47.52017125900005],[10.799481248000063,47.52032384600005],[10.800921449000043,47.520545706000064],[10.80153566100006,47.52055588800005],[10.802271331000043,47.520339886000045],[10.802971901000035,47.52012397500005],[10.80391898800002,47.520050009000045],[10.804708735000077,47.52007156800005],[10.805534085000033,47.520176226000046],[10.806202614000028,47.520459618000075],[10.806607143000065,47.520613],[10.806957713000031,47.52055257600006],[10.807727646000046,47.52020568900008],[10.808340531000056,47.52000187900006],[10.809041217000072,47.51980970300008],[10.809742046000054,47.51964129600003],[10.810532085000034,47.519710357000065],[10.810901453000042,47.519851937000055],[10.811113200000023,47.52004151400007],[10.811779973000057,47.520039600000075],[10.812463250000064,47.51987122500003],[10.812764378000054,47.52032204400007],[10.812151583000059,47.52053776400004],[10.812083162000022,47.52106433100005],[10.811670014000072,47.52209627800005],[10.811586292000072,47.52273838900004],[10.811290063000058,47.52307206100005],[10.811104388000047,47.52424935700003],[10.811160077000068,47.52473654500005],[10.81181353200003,47.52540031600006],[10.811833166000042,47.525733083000034],[10.813118553000038,47.52641880200008],[10.81534545900007,47.52612707800006],[10.816327589000025,47.52602912900005],[10.817978008000068,47.526155059000075],[10.818926254000075,47.52624736900003],[10.821880837000037,47.52722523300008],[10.823198338000054,47.52742339000008],[10.824386538000056,47.52758989800003],[10.82543159900007,47.528106139000045],[10.827239353000039,47.52812447800005],[10.828048745000046,47.52844297200005],[10.82938243700005,47.528427048000026],[10.831014235000055,47.52837453800004],[10.831645862000073,47.52834883700007],[10.832733458000064,47.52827419000005],[10.834399549000068,47.52810265900007],[10.835466545000031,47.52757635800003],[10.836271004000025,47.52715783900004],[10.836847955000053,47.52683511300006],[10.837195958000052,47.52639423000005],[10.837895897000067,47.52609489000008],[10.838505742000052,47.525451116000056],[10.839666426000065,47.52703017300007],[10.839996624000037,47.527738799000076],[10.841350857000066,47.528162466000026],[10.84294508000005,47.52775329800005],[10.84666379500004,47.53001182600008],[10.848437858000068,47.53022010500007],[10.84899450200004,47.530604065000034],[10.849690017000057,47.53108380200007],[10.853066027000068,47.53338071700006],[10.853523710000047,47.53462549200003],[10.854471844000045,47.534669947000054],[10.854715621000025,47.53439575700003],[10.855643823000037,47.53410744200005],[10.857328689000042,47.53409002200004],[10.858824171000037,47.53458433000003],[10.86096453500005,47.53444648200008],[10.86210211100007,47.53399100100006],[10.866408095000054,47.534772962000034],[10.866935770000055,47.53569369100006],[10.875192578000053,47.53615286300004],[10.880776384000058,47.536418705000074],[10.884762514000045,47.53663050100005],[10.886286126000073,47.53674085400007],[10.888814395000054,47.53701851400007],[10.890209020000043,47.53720220100007],[10.890593077000062,47.53661240100007],[10.890815598000074,47.53610766400004],[10.890906981000057,47.535384296000075],[10.891190240000071,47.53437540500005],[10.891602547000048,47.53332222800003],[10.892305995000072,47.532267999000055],[10.892561693000061,47.531872691000046],[10.892688331000045,47.531521670000075],[10.892652698000063,47.53110550500003],[10.89264941600004,47.53068922500006],[10.892776051000055,47.53033820400003],[10.893191924000064,47.529745125000034],[10.893770052000036,47.52921718600004],[10.894586713000024,47.528648360000034],[10.89508887900007,47.52827025900007],[10.895812914000032,47.527765447000036],[10.896183489000066,47.52760896600006],[10.896375135000028,47.52730152500004],[10.896597032000045,47.52673105300005],[10.897045002000027,47.52611593300003],[10.897557479000056,47.52547866500004],[10.89794073400003,47.52486377900004],[10.898260865000054,47.524446314000045],[10.898869819000026,47.52374295700008],[10.899189935000038,47.52332548900006],[10.89928310700003,47.522843126000055],[10.899729426000022,47.52203081400006],[10.900329617000068,47.52194449600006],[10.90063030400006,47.52143592200008],[10.900917870000058,47.52099666000004],[10.90136873800003,47.520753984000066],[10.902046355000039,47.52055428700004],[10.902272050000022,47.520465811000065],[10.902917495000054,47.52028813700008],[10.90327184900002,47.52011154200005],[10.903656768000076,47.519715731000076],[10.903912310000067,47.51932040100007],[10.904165183000032,47.51859643200004],[10.904452346000028,47.51811334300004],[10.904837953000026,47.51780516700006],[10.905288949000067,47.51758438500008],[10.90567615200007,47.51747338900003],[10.906193611000049,47.51747145400003],[10.907510254000044,47.51764087400005],[10.90796178000005,47.51771105900008],[10.90925005300005,47.51792185100004],[10.910884064000072,47.51823914000005],[10.91165539900004,47.51848780000006],[10.913929436000046,47.51920694300003],[10.915601435000042,47.51929939000007],[10.916313298000034,47.51877552700006],[10.918396879000056,47.51733888700005],[10.91719865600004,47.51521403900006],[10.917010126000037,47.514873332000036],[10.917494952000027,47.51417063400004],[10.91791481100006,47.51362991500008],[10.917622374000075,47.513550175000034],[10.916670212000042,47.51329253800003],[10.916133324000043,47.51308741100007],[10.915596655000058,47.51290817700004],[10.914983756000026,47.51275513100006],[10.914218606000077,47.51268035900006],[10.913376364000044,47.51252817900007],[10.912610362000066,47.51234980500004],[10.911652813000046,47.512120355000036],[10.91096327400004,47.511941679000074],[10.910197289000052,47.511763288000054],[10.90958506000004,47.51168790500003],[10.90901169500006,47.511690067000075],[10.908361030000037,47.51158892300003],[10.907365080000034,47.51133368200004],[10.906369564000045,47.51113022700008],[10.905450291000022,47.510900579000065],[10.904797962000032,47.51059223300007],[10.904336336000028,47.510231377000025],[10.903952004000075,47.50997382300005],[10.90322345900006,47.509691651000026],[10.902304019000042,47.50943607900007],[10.901347618000045,47.509336027000074],[10.90042881900007,47.50915813200004],[10.899853610000036,47.50892716800007],[10.899240602000077,47.508748136000065],[10.898512308000022,47.508491830000025],[10.897822246000032,47.50823537700006],[10.89720925100005,47.50805633500005],[10.896367552000072,47.507955819000074],[10.895564488000048,47.50790695300003],[10.89476142600006,47.50785808000006],[10.894149472000038,47.50780850800004],[10.893308192000063,47.50775976400007],[10.89262020600006,47.507762255000046],[10.892045866000046,47.50763484000004],[10.891433917000029,47.50758525200007],[10.890821768000023,47.507509764000076],[10.890475544000026,47.50722612800007],[10.889777299000059,47.50697044800006],[10.889249234000033,47.506816161000074],[10.88859685600005,47.50648182200007],[10.88794428500006,47.50612158000007],[10.887406786000042,47.50581272100004],[10.88667920100005,47.50563402900008],[10.886027256000034,47.50535146800007],[10.885338904000037,47.50530211900008],[10.884765010000024,47.505226460000074],[10.884035846000074,47.504840570000056],[10.883384127000056,47.50458389200003],[10.88257993600007,47.504379544000074],[10.881890210000051,47.50414889000007],[10.881315657000073,47.50411199700005],[10.881125441000052,47.504099782000026],[10.880398891000027,47.50405053500003],[10.879594722000036,47.50384616600007],[10.878790756000058,47.503667688000064],[10.878061858000024,47.50330765500007],[10.877219296000021,47.50307750300004],[10.876452982000046,47.50282118300004],[10.875646896000035,47.502357809000046],[10.874802413000054,47.501868665000075],[10.874378719000049,47.50142985800005],[10.873802362000049,47.501017475000026],[10.873226789000057,47.50070867900007],[10.872589861000051,47.50050823000004],[10.87203899900004,47.50029838800003],[10.871845793000034,47.50001417200008],[10.871856551000064,47.499601263000045],[10.87144429600005,47.49947059100003],[10.871019027000045,47.49941969500003],[10.870477884000024,47.49936919100003],[10.870205562000024,47.49910836000004],[10.870124814000064,47.49863746600005],[10.870121314000073,47.498166310000045],[10.870156243000054,47.49766884600007],[10.870423303000052,47.497222942000064],[10.870767215000058,47.496724423000046],[10.87107366600003,47.49638308600004],[10.87137991800006,47.49601557400007],[10.871375041000022,47.49536119100003],[10.871255860000076,47.49491660800004],[10.871021791000032,47.494603297000026],[10.871058658000038,47.494367587000056],[10.87144233500004,47.49402598700004],[10.871633683000027,47.49378974800004],[10.871591160000037,47.49326637400003],[10.871509625000044,47.49269078300006],[10.871274394000068,47.49222042300005],[10.870999576000031,47.49161931700007],[10.870878653000034,47.49093915700007],[10.870526220000045,47.490285965000055],[10.870095783000068,47.489528335000045],[10.86985960800007,47.488927096000054],[10.869623441000044,47.48832585700006],[10.869542520000039,47.48782879300006],[10.869538445000046,47.487279115000035],[10.86953417500007,47.48670326200005],[10.869562118000033,47.48600411600006],[10.86948605200007,47.485420813000076],[10.869482365000067,47.48492348700006],[10.869555518000027,47.484373548000065],[10.869861319000051,47.483953694000036],[10.869935632000022,47.48356080500008],[10.870048944000075,47.48322013400008],[10.870432153000024,47.48282619100007],[10.870775576000028,47.48227532800007],[10.871042937000027,47.48188177900005],[10.87154332800003,47.48167066100007],[10.87200725200006,47.48174759800003],[10.872432175000029,47.48177231500006],[10.873048590000053,47.481586967000055],[10.87320802000005,47.481457069000044],[10.873574463000068,47.48115849900006],[10.874045415000069,47.480641211000034],[10.874506777000022,47.48037786200007],[10.87481254200003,47.48035376100006],[10.875201373000039,47.48032311000003],[10.875819338000042,47.48034714700003],[10.876271418000044,47.48032367900004],[10.877014877000022,47.48015976800008],[10.877772411000024,47.479739927000026],[10.878207228000065,47.47955357700005],[10.878862800000036,47.47944658800003],[10.879558174000067,47.47949650700008],[10.880060301000071,47.47952092500003],[10.880715869000028,47.47941392300004],[10.88106052300003,47.47932492000007],[10.88133242300006,47.47925470300004],[10.881989388000022,47.47933091800007],[10.882454511000049,47.47956486000004],[10.882879622000075,47.479615710000076],[10.883458166000025,47.47953514000005],[10.884267762000036,47.479375221000055],[10.885040360000062,47.47942483300005],[10.885736551000036,47.47957941200008],[10.886318336000045,47.47991762400005],[10.886745890000043,47.480282560000035],[10.887019415000054,47.48070039500004],[10.887692746000027,47.48090942600004],[10.888334014000066,47.48093127800007],[10.888952809000045,47.48105993900003],[10.889610834000052,47.48126698200008],[10.890228611000055,47.481264761000034],[10.890922381000053,47.48110520900008],[10.891462524000076,47.48105091000008],[10.892042100000026,47.481101168000066],[10.892448909000052,47.481334437000044],[10.893271821000042,47.482110110000065],[10.893687340000042,47.48241664500006],[10.894556376000025,47.482609515000036],[10.895260847000031,47.482886988000075],[10.89584095500004,47.48310890400006],[10.89662583200004,47.48310603600004],[10.897534861000054,47.48313071300004],[10.898403476000055,47.48326754500005],[10.898694658000068,47.48351851100006],[10.89906779000006,47.483685163000075],[10.899892863000048,47.48354210400004],[10.90063643700006,47.483539360000066],[10.901547054000048,47.48376002400005],[10.902168509000035,47.48398175300008],[10.902871233000042,47.484035153000036],[10.903574638000066,47.48417255800007],[10.904238554000074,47.484534137000026],[10.904595651000022,47.48463630700007],[10.904818265000074,47.48469999900004],[10.905852171000049,47.48483615600003],[10.906761692000032,47.48491676000003],[10.907922330000076,47.48500490400005],[10.908229365000068,47.48503728900005],[10.909036313000058,47.485216251000054],[10.909450803000027,47.48538271100006],[10.91011293500003,47.48552022900003],[10.910773223000035,47.48543371900007],[10.911681375000057,47.48534626400004],[10.911926477000065,47.48529638500003],[10.91218378900004,47.48524402100003],[10.912438739000038,47.485165033000044],[10.912834377000024,47.484893818000046],[10.913677653000036,47.48472258100003],[10.914444098000047,47.48471965500005],[10.915186756000026,47.48460480000006],[10.91551886700006,47.48445287100003],[10.915680614000053,47.48437887700004],[10.91625685400004,47.48412463100004],[10.917000436000023,47.48412177500006],[10.917938608000043,47.48417417200005],[10.918488070000024,47.484172053000066],[10.919188930000075,47.484001324000076],[10.919971223000061,47.48369025400007],[10.920670653000059,47.48335149600007],[10.921206966000057,47.483265403000075],[10.921826607000071,47.483262995000075],[10.922694341000067,47.483287621000045],[10.923643029000061,47.48311589600007],[10.924591710000072,47.48294416200008],[10.925291576000063,47.48266138100007],[10.926033220000022,47.48243443800004],[10.926899023000033,47.48223500700004],[10.927641856000037,47.48214806900006],[10.928261482000039,47.482145624000054],[10.928758388000062,47.48228368100007],[10.929125629000055,47.482340727000064],[10.929461599000035,47.48239291400006],[10.93016360300004,47.48236212900008],[10.930617031000054,47.48224831400006],[10.931196319000037,47.48235802800008],[10.931943271000023,47.48274711200003],[10.93281197400006,47.482883669000046],[10.933844699000076,47.48287954300008],[10.934587041000043,47.48273655100007],[10.934817457000065,47.48265729500008],[10.935410773000058,47.48245320800004],[10.935863209000047,47.48222736000008],[10.93647891300003,47.48177682000005],[10.937054525000065,47.48146645800006],[10.937340732000052,47.48112925800007],[10.937461213000063,47.48073671700007],[10.937705860000051,47.48037167900003],[10.938311159000023,47.479810031000056],[10.936564353000051,47.478590918000066],[10.934366152000052,47.47705664600005],[10.931984571000044,47.47539423000006],[10.928892971000039,47.47323595700004],[10.928072665000059,47.47192523700005],[10.92836251600005,47.471647759000064],[10.929006540000046,47.47103425300003],[10.929625053000052,47.470537646000025],[10.929795758000068,47.470357275000026],[10.93067708500007,47.469608049000044],[10.932491956000035,47.46802850500006],[10.93316597100005,47.46782815100005],[10.934143547000076,47.46749180900008],[10.934723079000037,47.467094161000034],[10.935328943000059,47.46667843500006],[10.935735824000062,47.466236552000055],[10.936022984000033,47.465741241000046],[10.936376541000072,47.46526363100003],[10.93690248300004,47.46480329600007],[10.937441506000027,47.464324936000025],[10.938230346000068,47.46362993200006],[10.939834693000023,47.46226675400004],[10.944212657000037,47.45995782400007],[10.947232474000032,47.45840005500003],[10.948422163000032,47.45777175000006],[10.951188063000075,47.45633517400006],[10.951754245000075,47.455955464000056],[10.954558537000025,47.45405697700005],[10.957178249000037,47.45227599900005],[10.958191875000068,47.451588892000075],[10.959199683000065,47.450272882000036],[10.959919537000076,47.44933543600007],[10.961216635000028,47.44820363400004],[10.96240278700003,47.447168582000074],[10.966000691000033,47.44383788500005],[10.969653037000057,47.44073091900003],[10.973462871000038,47.437489449000054],[10.978446846000054,47.43386479600008],[10.980905158000041,47.43202109100008],[10.982653568000046,47.430719561000046],[10.983600034000062,47.43001455700005],[10.983687136000071,47.429439166000066],[10.983785995000062,47.42871098900008],[10.983946951000064,47.427560268000036],[10.984120004000033,47.426292697000065],[10.984231479000073,47.425501574000066],[10.984318479000024,47.42491720100003],[10.984392152000055,47.42432390400006],[10.984491950000063,47.42369455200003],[10.984578333000059,47.423047292000035],[10.98466454000004,47.42238206500008],[10.984801162000053,47.421456067000065],[10.984836160000043,47.42097075600003],[10.984197293000022,47.42061424000008],[10.982133839000028,47.41941055900003],[10.980310641000074,47.41840343000007],[10.978066119000061,47.41799378400003],[10.973914999000044,47.417687156000056],[10.972254471000042,47.417549404000056],[10.971467764000067,47.41694189900005],[10.970854582000072,47.41648636700006],[10.970744628000034,47.41605559900006],[10.970180969000069,47.41382994800006],[10.970071026000028,47.413399180000056],[10.969362384000021,47.412638592000064],[10.968640360000052,47.411860088000026],[10.968796223000027,47.411544965000076],[10.969983316000025,47.40970703700003],[10.970283215000052,47.40922957200007],[10.971003286000041,47.40839989400007],[10.970919815000059,47.40796901500005],[10.970696385000053,47.406730166000045],[10.970599686000071,47.40629934400005],[10.969684358000052,47.404659210000034],[10.969523114000026,47.40439936800004],[10.969614052000054,47.40421929000007],[10.97019021400007,47.40292060000007],[10.970837914000072,47.40254696400007],[10.970705017000057,47.40182015900007],[10.970258923000074,47.40129438900004],[10.970192462000057,47.40100044800005],[10.970328786000039,47.40002058400006],[10.971569074000058,47.39964684000006],[10.97379888200004,47.398972281000056],[10.977585430000033,47.39782364600006],[10.979441871000063,47.39694513900008],[10.980210357000033,47.39697651400007],[10.981626653000035,47.39703311300008],[10.982751528000051,47.397055056000056],[10.983984425000074,47.39658871600005],[10.985272928000029,47.39645981800004],[10.985735300000044,47.39638587200005],[10.98630255200004,47.39621262700007],[10.987407480000059,47.39598678200008],[10.988036654000041,47.395702904000075],[10.98886426200005,47.395688998000026],[10.991129202000025,47.396160664000035],[10.992748923000022,47.396497930000066],[10.99330952500003,47.39592541900004],[10.993862327000045,47.39536085800006],[10.994447904000026,47.39524484200007],[10.995608851000043,47.395014822000064],[10.996463874000028,47.39474942900006],[10.999248301000023,47.39489113600007],[11.000986694000062,47.394654321000075],[11.002508699000032,47.394701173000044],[11.005836953000028,47.39411967700005],[11.006371858000023,47.39421067200004],[11.008525435000024,47.39457699400003],[11.011748100000034,47.395125077000046],[11.014850491000061,47.39607225100008],[11.015544093000074,47.39628399400004],[11.016590205000057,47.396532697000055],[11.017692840000052,47.39679482400004],[11.020192309000038,47.39667503600003],[11.022390377000022,47.39683515300004],[11.024098452000032,47.39695267800005],[11.025518761000058,47.39612823600004],[11.02657362900004,47.39467738800005],[11.028034971000068,47.393843005000065],[11.028323271000033,47.39358105900004],[11.02990555200006,47.393481433000034],[11.031417128000044,47.393386236000026],[11.033308529000067,47.393971315000044],[11.03447269700007,47.394809432000045],[11.035440298000026,47.39526817800004],[11.036022347000028,47.39568128500008],[11.037378272000069,47.39653720900003],[11.038604726000074,47.39654798600003],[11.04080391900004,47.39596652900008],[11.04198649400007,47.39525938200006],[11.043817396000065,47.39462028000003],[11.045059149000053,47.39453084000007],[11.046890506000068,47.393939224000064],[11.048272645000054,47.393884694000064],[11.049096939000037,47.39403502600004],[11.050767631000042,47.394751546000066],[11.05213767400005,47.39518432600005],[11.053425761000028,47.39611669300007],[11.054280008000035,47.39601916000004],[11.05541852500005,47.39588916100007],[11.056779926000047,47.395711634000065],[11.05893287200007,47.39543085300005],[11.059356406000063,47.39583662800004],[11.061301855000067,47.39650091100003],[11.061485908000066,47.396558637000055],[11.06512889000004,47.395776030000036],[11.067627275000063,47.39557429400003],[11.069385693000072,47.39561929700005],[11.07203964100006,47.39613504700003],[11.073795378000057,47.39597221500003],[11.074299766000024,47.39592543200007],[11.076102202000072,47.396185384000034],[11.076873454000065,47.39601355700006],[11.078050013000052,47.39562093300003],[11.081290616000047,47.395829407000065],[11.08194029200007,47.39600419800007],[11.087452518000077,47.395879352000065],[11.088325690000033,47.39570821600006],[11.09120418200007,47.39550204200003],[11.092000238000026,47.395592556000054],[11.09437069300003,47.39586204500006],[11.095583867000073,47.395216892000064],[11.096431899000038,47.39502990200003],[11.099564134000047,47.39433917900004],[11.10055840900003,47.394390429000055],[11.102270376000035,47.39482114700007],[11.102670493000062,47.39499907700008],[11.104185934000043,47.39567296100006],[11.105336570000077,47.39550654000004],[11.106576568000037,47.39532718000004],[11.112101133000067,47.39591600400007],[11.113948223000023,47.39547089000007],[11.115455044000043,47.39559307500008],[11.117068151000069,47.39634601000006],[11.12141450300004,47.39792933700005],[11.12337215100007,47.399417561000064],[11.124299992000033,47.40012287300004],[11.123940348000076,47.40035663500004],[11.123184296000034,47.400848042000064],[11.121931834000065,47.403343894000045],[11.122721502000047,47.40405810100003],[11.122519418000024,47.404831915000045],[11.122693226000024,47.406034816000044],[11.122752098000035,47.40651064700006],[11.123643533000063,47.40722920400003],[11.124077063000072,47.40829640900006],[11.125189885000054,47.40884151800003],[11.125457824000023,47.40910051800006],[11.126622230000066,47.410207179000054],[11.126541405000069,47.41074249900004],[11.127984765000065,47.41218550700006],[11.129196926000077,47.41279839600003],[11.132352584000046,47.41238666000004],[11.13515178800003,47.41287654000007],[11.13721012800005,47.41323671200007],[11.141063001000077,47.41436398400003],[11.141691867000077,47.414890342000035],[11.142364220000047,47.41535254100006],[11.143000613000027,47.415790009000034],[11.144752691000065,47.416165926000076],[11.145831518000023,47.41668059700004],[11.14833605900003,47.41791447600008],[11.150408451000033,47.419254617000036],[11.151512867000065,47.41934306700006],[11.152097243000071,47.41983875200003],[11.15295823300005,47.42005939400008],[11.154019289000075,47.420279169000025],[11.155162454000049,47.42083034400008],[11.155804456000055,47.42113987300007],[11.157300039000063,47.421293029000026],[11.158004255000037,47.421574013000054],[11.161396739000054,47.421582056000034],[11.162005084000043,47.42170207200007],[11.164223875000062,47.42213976800008],[11.164700135000032,47.42216585800003],[11.166436280000028,47.422260949000076],[11.167034429000068,47.42239833900004],[11.169137276000072,47.422492344000034],[11.170882451000068,47.42310500600007],[11.172809100000052,47.42334915300006],[11.174075751000032,47.42376916900008],[11.176124248000065,47.424033766000036],[11.17712467900003,47.42556387700006],[11.179688677000058,47.42621268000005],[11.186698981000063,47.42669856600003],[11.189215500000046,47.42709653400004],[11.19103425700007,47.42689477500005],[11.192081092000024,47.42719441100007],[11.192815457000052,47.427229863000036],[11.198162189000072,47.42748782700005],[11.198842285000069,47.42792580400004],[11.199792156000058,47.42853749600005],[11.200681978000034,47.42940572200007],[11.200993717000074,47.42970988800005],[11.201672536000046,47.43037219800004],[11.202605988000073,47.431282915000054],[11.203598976000023,47.43225167400004],[11.204038339000022,47.43268030000007],[11.204544938000026,47.433174509000025],[11.205162201000064,47.43377666100008],[11.206910414000049,47.43380120900008],[11.207657955000059,47.43336205000003],[11.20970236900007,47.43300398700006],[11.21176857100005,47.43277211000003],[11.214512437000053,47.43222478300004],[11.217273398000032,47.43167396500007],[11.218475804000036,47.43143405500007],[11.220534145000045,47.43041478100008],[11.221297186000072,47.43047891500004],[11.221661571000027,47.431451139000046],[11.224349055000062,47.43112496500004],[11.226068491000035,47.43091624300007],[11.226989268000068,47.43102324900008],[11.227970601000038,47.431137283000055],[11.230126287000076,47.431387749000066],[11.231811162000042,47.43158348000003],[11.234865271000047,47.43193820400006],[11.236603689000049,47.43232928900005],[11.239003258000025,47.43231295100003],[11.24027127900007,47.43159113400003],[11.242225504000032,47.43225526900005],[11.243359378000036,47.431938460000026],[11.243786502000034,47.43219346400008],[11.244225412000048,47.43245550000006],[11.245289928000034,47.43218669100003],[11.247414314000025,47.432285782000065],[11.247954352000022,47.432310965000056],[11.248886575000029,47.432566019000035],[11.249951605000035,47.43233281800008],[11.250397702000043,47.43171165600006],[11.25083889800004,47.43160097700007],[11.251100166000072,47.43116287600003],[11.25144182200006,47.43058996600007],[11.251779933000023,47.430022988000076],[11.251927507000062,47.42977551600006],[11.252183590000072,47.42933395700004],[11.252394354000046,47.429146728000035],[11.253146848000029,47.42847825200005],[11.253410755000061,47.42824380500008],[11.253577814000039,47.427707774000055],[11.253028440000037,47.42728369800005],[11.25189331000007,47.426689889000045],[11.250955313000077,47.42619918400004],[11.249655394000058,47.42551911400005],[11.24825359700003,47.42475237700006],[11.247959316000049,47.424536344000046],[11.247058036000055,47.42387469400006],[11.246156780000035,47.42321303600005],[11.245668174000059,47.42285431500005],[11.245190046000062,47.42250327900007],[11.244903646000068,47.42205850400006],[11.244551906000027,47.42151224500003],[11.244275682000023,47.42108325600003],[11.241440131000047,47.41999711300008],[11.240312752000023,47.41956524300008],[11.239729474000058,47.41565878200004],[11.235562607000077,47.41333376600005],[11.23446141900007,47.41295457700005],[11.233985578000045,47.41155528000007],[11.23355927700004,47.41114216600005],[11.232735370000057,47.41107642800006],[11.232273719000034,47.41063977600004],[11.232318045000056,47.41008084500004],[11.23184081900007,47.40830816700003],[11.230480234000026,47.40758062500004],[11.230692179000073,47.406689733000064],[11.230490747000033,47.40558600400004],[11.230135092000069,47.40512066000008],[11.228941762000034,47.40492664200008],[11.228127147000066,47.40429029400008],[11.227780685000027,47.403341768000075],[11.226493779000066,47.402836698000044],[11.224467502000039,47.401830732000064],[11.223800624000035,47.40136229500007],[11.223798181000063,47.40039164600006],[11.223313521000023,47.39956289100007],[11.222899235000057,47.39875743500005],[11.222962192000068,47.39826970400003],[11.223220952000077,47.398006492000036],[11.222744412000054,47.39773630500008],[11.222352984000054,47.39729915000004],[11.223253318000047,47.396615661000055],[11.22432589300007,47.395740844000045],[11.225001752000026,47.39527278300005],[11.228377583000054,47.39510750100004],[11.229235755000047,47.39541380000003],[11.230308575000038,47.39584813000005],[11.231417987000043,47.39658172700007],[11.232746205000069,47.39763056700008],[11.233658971000068,47.39767566200004],[11.23598639000005,47.39797625300008],[11.23686658500003,47.39808991800004],[11.238179492000029,47.39805913500004],[11.23896648400006,47.39804067500006],[11.240137295000068,47.39799868700004],[11.241375842000025,47.39826028200008],[11.242362511000067,47.398120110000036],[11.243109889000038,47.39801788300008],[11.24432670400006,47.398088382000026],[11.245498224000073,47.39815624400006],[11.247055020000062,47.39824640300003],[11.249054158000035,47.39836214700006],[11.251041979000036,47.39847350800005],[11.253025527000034,47.39859776800006],[11.254830336000055,47.39871594500005],[11.25669724100004,47.39831068800004],[11.259478972000068,47.39820801500008],[11.260622284000021,47.39856844700006],[11.262839854000049,47.39934918900008],[11.26441158700004,47.398762334000025],[11.264940324000065,47.39856490600005],[11.267058552000037,47.39780129700006],[11.267922698000064,47.39754996200003],[11.268887967000069,47.39760900400006],[11.269639453000025,47.39756576500008],[11.270289441000045,47.39771565700005],[11.270968966000055,47.39775137400005],[11.271708292000028,47.397790231000045],[11.272891854000022,47.39785257200003],[11.273531922000075,47.39814673800004],[11.274596169000063,47.398632004000035],[11.275498774000027,47.399043550000044],[11.276010278000058,47.39927676600007],[11.276263621000055,47.39940073300005],[11.277036748000057,47.399763551000035],[11.278229027000066,47.39991253200003],[11.279947956000058,47.40061411600004],[11.280971194000074,47.40063446100004],[11.281502338000053,47.40101572700007],[11.282877848000055,47.40180588000004],[11.284465108000063,47.40260299800008],[11.284891773000027,47.40280655000004],[11.285659560000056,47.403663495000046],[11.286736954000048,47.404850614000054],[11.288286764000077,47.40661828100008],[11.290032492000023,47.40737823100005],[11.290061366000032,47.408366321000074],[11.290075159000025,47.40923772200006],[11.290111137000054,47.41151055500006],[11.291143550000072,47.412347570000065],[11.291203323000047,47.41277839400004],[11.29121628200005,47.41359589700005],[11.291289293000034,47.41402662400003],[11.292730670000026,47.41560636100007],[11.292790461000038,47.41603718500005],[11.292820928000026,47.41628853200007],[11.292893670000069,47.41670129200003],[11.292422358000067,47.41786375800007],[11.29234593800004,47.41805299400005],[11.292508478000059,47.41828540600005],[11.293023291000054,47.419027363000055],[11.29322625900005,47.41930440100003],[11.292044580000038,47.42075059200005],[11.290253222000047,47.422156296000026],[11.290828530000056,47.42363253100007],[11.291055253000025,47.42467684400003],[11.291011758000025,47.42524769100004],[11.290741164000053,47.425855854000076],[11.290948309000044,47.426769566000075],[11.291059795000024,47.42717287800008],[11.292629605000059,47.42786268200007],[11.293032548000042,47.42794010000006],[11.293834625000045,47.42763991100003],[11.294538186000068,47.42782493100003],[11.295008585000062,47.427666962000046],[11.295693880000044,47.42780456400004],[11.297051331000034,47.42835323200006],[11.297684859000071,47.42853874600007],[11.298682554000038,47.42958925800008],[11.298865306000039,47.430063354000026],[11.299277651000068,47.43065461800006],[11.299788234000061,47.43081725700006],[11.300418181000055,47.43077694600004],[11.300712111000053,47.430537052000034],[11.301255819000062,47.43058057800005],[11.301993713000059,47.43071775200008],[11.303128250000043,47.43083070200004],[11.303763239000034,47.430740299000036],[11.305854982000028,47.430106685000055],[11.307782308000071,47.430139878000034],[11.308432451000044,47.430265777000045],[11.310151543000075,47.43041934200005],[11.311040520000063,47.43015119700004],[11.31153555700007,47.43043275800005],[11.31209794700004,47.43054740500003],[11.312640890000068,47.43054333500004],[11.313642693000077,47.430749767000066],[11.314242059000037,47.43098298700005],[11.314897665000046,47.431441618000065],[11.315761709000071,47.431791700000076],[11.316661574000022,47.43218905100008],[11.317453476000026,47.43235896200008],[11.319688373000076,47.43541472700008],[11.320237876000022,47.43581488600006],[11.321162265000055,47.43646377700003],[11.321246659000053,47.43756827200008],[11.322942244000046,47.437600333000034],[11.32322931300007,47.43754213100004],[11.324552297000025,47.43726464000008],[11.324922001000061,47.43719893300005],[11.329372922000061,47.438081415000056],[11.33000197900003,47.43848091700005],[11.330938888000048,47.43907572300003],[11.330624908000061,47.44010240500006],[11.330233188000022,47.44200438400003],[11.33039896400004,47.442490451000026],[11.33070172500004,47.44278528800004],[11.330709642000045,47.44326067900005],[11.331155532000025,47.44373271300003],[11.330917790000058,47.44418621500006],[11.33133043500004,47.44476548000006],[11.33233180700006,47.44492420200004],[11.333244152000077,47.446046393000074],[11.333968817000027,47.44642118200005],[11.334101791000023,47.44703824900006],[11.334462832000042,47.447321120000026],[11.335071560000074,47.447399258000075],[11.335449437000022,47.44799066300004],[11.336103867000077,47.44835409400008],[11.336179726000069,47.448698214000046],[11.33670993000004,47.44896750800007],[11.337506145000077,47.44942492800004],[11.338124368000024,47.44971730900005],[11.338529548000054,47.449844925000036],[11.339125662000072,47.44986408500006],[11.339718774000062,47.44970496900004],[11.341154890000041,47.44965817500008],[11.341871844000025,47.449569404000044],[11.343171202000065,47.44972571400007],[11.344187014000056,47.44969403400006],[11.34565192100007,47.44927847900004],[11.345928222000055,47.44903859500005],[11.347289990000036,47.44874268500007],[11.34827053600003,47.448699358000056],[11.348892781000075,47.448195257000066],[11.350073229000031,47.44754414200003],[11.350793785000064,47.44766923800006],[11.351406991000033,47.44766442300005],[11.35195539600005,47.44796916000007],[11.352446168000029,47.44797718800004],[11.35368949900004,47.44793174400007],[11.354497264000031,47.448032356000056],[11.355289550000066,47.44825194800006],[11.356892482000035,47.44873851700004],[11.357511901000066,47.448752150000075],[11.36199653600005,47.44689262700007],[11.362849422000068,47.44613184200006],[11.364434108000069,47.44471820700005],[11.365344460000074,47.444954893000045],[11.367467589000057,47.44512810300006],[11.368978801000026,47.44537749800003],[11.371030663000056,47.44542773200004],[11.371219756000073,47.44561185300006],[11.372451106000028,47.44655012900006],[11.372916592000024,47.44723651100003],[11.373539476000076,47.44777858200007],[11.374194872000032,47.44837628800008],[11.37517381400005,47.44866039800007],[11.375509770000065,47.44910482000006],[11.377522928000076,47.449023657000055],[11.378827693000062,47.44894980500004],[11.382232578000071,47.44877446700008],[11.385020876000056,47.44862087900003],[11.386006934000022,47.44828755000003],[11.387038348000033,47.44793887600008],[11.38793707900004,47.446974956000076],[11.388439091000066,47.44643651200005],[11.39128067300004,47.44706013700005],[11.393631102000029,47.44719530800006],[11.394426958000054,47.447604769000066],[11.396163578000028,47.447709289000045],[11.397454076000031,47.44736579100004],[11.398783060000028,47.447463251000045],[11.400366680000047,47.44757936500008],[11.402469286000041,47.44809963600005],[11.40321766300002,47.447734],[11.404136728000026,47.447286071000065],[11.40561946500003,47.44655110400004],[11.406843021000043,47.44594457800008],[11.407553781000047,47.44580777200008],[11.407890809000037,47.44614054600004],[11.408674455000039,47.446987558000046],[11.40981173800003,47.446888167000054],[11.411074065000037,47.446383386000036],[11.412351813000043,47.446723055000064],[11.41546924100004,47.446984291000035],[11.416843765000067,47.44610112300006],[11.41725696800006,47.44552258400006],[11.418595994000043,47.444873306000034],[11.418859657000041,47.444808246000036],[11.42004541800003,47.44451564700006],[11.420481410000036,47.44440805800008],[11.421134278000068,47.44461815200003],[11.421453927000073,47.44471427000008],[11.421208289000049,47.445039820000034],[11.420716010000035,47.445637016000035],[11.420314597000072,47.44613460200003],[11.419809716000032,47.44676784200004],[11.419032505000075,47.44771786600006],[11.41786671500006,47.44914738500006],[11.416908307000028,47.45033254100008],[11.415936774000045,47.451526786000045],[11.414965359000064,47.45273000700007],[11.41433052900004,47.45350808200004],[11.413850999000033,47.45408717200007],[11.413462366000033,47.45456665900008],[11.412611944000048,47.45514886900003],[11.411704926000027,47.45618331000003],[11.412148219000073,47.457318186000066],[11.412181678000024,47.45842307600003],[11.411073188000046,47.46011261900003],[11.410700397000028,47.461463525000056],[11.410566491000054,47.462111581000045],[11.410448447000022,47.46249092200003],[11.410216066000032,47.46323767000007],[11.408534451000037,47.46402450000005],[11.408298520000073,47.46454889900008],[11.408218684000076,47.464977488000045],[11.408385946000067,47.465499101000034],[11.408900058000029,47.465815733000056],[11.409362465000072,47.466180343000076],[11.409372653000048,47.466738932000055],[11.408829324000067,47.46674348800008],[11.407846961000075,47.46670417000007],[11.407338687000049,47.466708425000036],[11.40684555200005,47.46680046900008],[11.405829828000037,47.46685050800005],[11.40479970000007,47.467038813000045],[11.404020312000057,47.46717110700007],[11.40302682600003,47.46718837100008],[11.401568660000066,47.467155579000064],[11.401119918000063,47.46715930900007],[11.400124556000037,47.467167576000065],[11.399713848000033,47.46717098500005],[11.399215276000064,47.467275338000036],[11.398706779000065,47.467267667000044],[11.398037758000044,47.46710679700004],[11.397614331000057,47.46695577600008],[11.396959423000055,47.46660459600008],[11.396640737000041,47.46642893100005],[11.396094633000075,47.466278920000036],[11.395568408000031,47.46625949300005],[11.39495518900003,47.46627644300003],[11.39442875100002,47.466245127000036],[11.393903167000076,47.466261348000046],[11.393345509000028,47.46644424400006],[11.393084950000059,47.46657714400004],[11.392769470000076,47.46657974200008],[11.392207126000073,47.46650116400008],[11.391354971000055,47.46655714800005],[11.390151350000053,47.46687253600004],[11.38969609700007,47.46712568700008],[11.389256677000049,47.46753013800003],[11.388827683000045,47.46778307000005],[11.388570547000029,47.46809694800004],[11.388564238000072,47.46848003000008],[11.388359477000051,47.468784569000036],[11.387877453000044,47.469011210000076],[11.38731629800003,47.469220680000035],[11.386887122000076,47.46946469900007],[11.38634993100004,47.46974299100003],[11.385979857000052,47.470158009000045],[11.385764153000025,47.470587341000055],[11.385534046000032,47.47094552800007],[11.385225595000065,47.47133107800005],[11.384823136000023,47.47160159400005],[11.384340437000048,47.47179259400008],[11.384027866000054,47.47194657400007],[11.383809621000069,47.47220770000007],[11.384113978000073,47.47280957300006],[11.384556628000041,47.473449308000056],[11.384880829000053,47.47389505600006],[11.385004133000052,47.474361937000026],[11.385015621000036,47.47450216300007],[11.385040842000024,47.47481003000007],[11.385107637000033,47.47504312500007],[11.385163459000069,47.47523792700008],[11.385114956000052,47.47574520200004],[11.385296461000053,47.47625060000007],[11.38565724700004,47.47648938100008],[11.38590750800006,47.47665501200004],[11.38657468100007,47.47698098200004],[11.386928022000063,47.47744598200006],[11.386877800000036,47.47785579500004],[11.38704670900006,47.47813834500005],[11.387144547000048,47.47830200800007],[11.387757717000056,47.47882336600003],[11.388054202000035,47.478988523000055],[11.388309572000026,47.479130775000044],[11.388977837000027,47.47951520700008],[11.389186410000036,47.479922902000055],[11.389398463000077,47.48052552200005],[11.389837002000036,47.48089348100007],[11.390386180000064,47.48108278600006],[11.390965438000023,47.48131197500004],[11.391044764000071,47.48148695300006],[11.39111513100005,47.481642168000064],[11.39089136900003,47.48199492500004],[11.391040717000067,47.48230562600003],[11.391734661000044,47.48251437300007],[11.392568544000028,47.482507514000076],[11.393142589000036,47.482444301000044],[11.39365527800004,47.48216714100005],[11.393970108000076,47.48213400100008],[11.39425807200007,47.48210368700006],[11.394495526000071,47.482129669000074],[11.394920822000074,47.48217620200006],[11.395385095000051,47.48240631600004],[11.39571455500004,47.48279350700005],[11.395971850000024,47.48309688200004],[11.395911415000057,47.48345323500007],[11.395692071000042,47.48375512100006],[11.395654734000061,47.48389021000003],[11.395870821000074,47.48411305800005],[11.396431009000025,47.484306107000066],[11.39685559700007,47.484329553000066],[11.397463790000074,47.48424365400007],[11.398074570000063,47.48430149600006],[11.398451653000052,47.48463083100006],[11.398589045000051,47.48489925300004],[11.398647080000046,47.48517731700008],[11.398461302000044,47.48553377700006],[11.398396586000047,47.485988073000044],[11.398576172000048,47.48639092600007],[11.39899254900007,47.486692978000065],[11.399513827000021,47.48693126100005],[11.400099758000067,47.487079152000035],[11.40046005000005,47.48721094200005],[11.400889861000053,47.48752186000007],[11.401461574000052,47.48761595000008],[11.40186082200006,47.48770248400007],[11.402420911000036,47.48788651900003],[11.402972145000035,47.48831322900003],[11.403453859000024,47.488560809000035],[11.404052586000034,47.488681616000065],[11.404425828000058,47.48879531400007],[11.405108003000066,47.48913106900005],[11.405564043000027,47.48942378000004],[11.405806707000067,47.48964638900003],[11.405920256000059,47.49005876900003],[11.406083887000023,47.49030899300004],[11.40639234200006,47.49050409500006],[11.406778367000072,47.490590722000036],[11.407389727000066,47.49067546400005],[11.407671844000049,47.49087976800007],[11.408118098000045,47.491361245000064],[11.408337220000021,47.491745783000056],[11.408408573000031,47.49202373300005],[11.408429525000031,47.492445872000076],[11.408423967000033,47.49286823300008],[11.408497779000072,47.49328094400005],[11.40875946500006,47.49381787800007],[11.410218817000043,47.49532418100006],[11.410792424000022,47.49528796300007],[11.411368007000021,47.495521403000055],[11.411816677000047,47.49602396600005],[11.41200606700005,47.496766982000054],[11.41228280200005,47.49747948000004],[11.412512330000027,47.498013668000056],[11.413051649000067,47.498664387000076],[11.413633288000028,47.499225394000064],[11.414299549000077,47.49960697900008],[11.415009765000036,47.49998819000007],[11.415900152000063,47.50060615000007],[11.416261022000072,47.50110943900006],[11.416314825000029,47.50164510500008],[11.416676256000073,47.50217817300006],[11.417428828000027,47.50246965800005],[11.418092419000061,47.50270232100007],[11.418450033000056,47.50302692400004],[11.419069688000036,47.503259953000054],[11.41986294000003,47.50337237000008],[11.420615549000047,47.50366383200003],[11.420977041000071,47.504196887000035],[11.421206142000074,47.50470128000006],[11.42174013600004,47.50505416000004],[11.421834096000055,47.505380993000074],[11.421708859000034,47.50573947200007],[11.421715471000027,47.506096831000036],[11.422161584000037,47.50645045700003],[11.42287140600007,47.50680183800006],[11.423318086000052,47.50718523900008],[11.42420207500004,47.507445776000054],[11.424999829000058,47.50779639400008],[11.425272939000024,47.508300406000046],[11.425765816000023,47.50880254300006],[11.426471821000064,47.50894544100004],[11.427181709000024,47.50929679400008],[11.428204273000063,47.50991353300003],[11.429180685000063,47.51041151800007],[11.430111494000073,47.510820532000025],[11.430603333000022,47.51126308700003],[11.431273227000077,47.511823252000056],[11.43146980900002,47.51201052000005],[11.43167606000003,47.51220699700008],[11.432166254000037,47.512560206000046],[11.432660359000067,47.513121873000046],[11.432976417000077,47.51356593000003],[11.433733165000035,47.514065765000055],[11.434531651000043,47.51444609600003],[11.435553851000066,47.51503298700004],[11.436399124000047,47.515561827000056],[11.437108055000067,47.51585355800006],[11.437547639000059,47.51584976100003],[11.438340011000037,47.51590248400004],[11.439139123000075,47.51631256200005],[11.439846957000043,47.51654471400008],[11.440644967000026,47.51689522100003],[11.441268275000027,47.51730680700007],[11.441730600000028,47.51761800200006],[11.442128878000062,47.51710365900004],[11.442204224000022,47.51656728000006],[11.442174091000027,47.51610421100003],[11.442295459000036,47.51574118100007],[11.442610514000023,47.51544886500005],[11.442814337000073,47.514925849000065],[11.442977064000047,47.51449006400003],[11.443480033000071,47.51396444800008],[11.444049840000048,47.513583039000025],[11.444234743000038,47.51319049600005],[11.444505936000041,47.512840640000036],[11.444905057000028,47.51247519100008],[11.445302798000057,47.512037356000064],[11.44580516800005,47.511482777000026],[11.446438755000031,47.51108632000006],[11.44722299800003,47.51074646100005],[11.44777275000007,47.51043760300007],[11.448040873000025,47.50992849600004],[11.448137235000047,47.50937745300007],[11.448900760000072,47.50795184000003],[11.449547640000048,47.50713536000006],[11.450340446000041,47.507263383000065],[11.451305399000034,47.50768080600005],[11.451837534000049,47.507985208000036],[11.452261700000065,47.50814790800007],[11.453037605000077,47.508355067000025],[11.45367273000005,47.50853968300004],[11.454237239000065,47.508701141000074],[11.454799017000028,47.508719975000076],[11.455431418000046,47.508761958000036],[11.45592485800006,47.50887648400004],[11.456414648000077,47.50880084500005],[11.45679645000007,47.50858350900006],[11.45735548700003,47.50845970600005],[11.457953262000046,47.50852575400006],[11.458448991000068,47.50875912200007],[11.458874559000037,47.50899310700004],[11.459296012000038,47.50901315700003],[11.459678719000067,47.50884335100005],[11.46006004800006,47.50860223300003],[11.460479207000049,47.50850342600006],[11.461040527000023,47.50849845600004],[11.461605518000056,47.508683647000055],[11.462064347000023,47.50882222700005],[11.462766921000025,47.508863545000054],[11.463327786000036,47.50883479300006],[11.463783401000057,47.50880697300005],[11.464447673000052,47.50868219900008],[11.464936067000053,47.50853520900006],[11.465425840000023,47.50845953000004],[11.466021782000041,47.50843045200003],[11.466479698000057,47.50852147200004],[11.467009628000028,47.508706947000064],[11.467573720000075,47.50884456700004],[11.468240753000032,47.508862392000026],[11.469327856000064,47.50882891200007],[11.470695155000044,47.50876914100007],[11.47164238800002,47.50876066300003],[11.472624238000037,47.50872809200007],[11.474568480000073,47.508620654000026],[11.475257867000039,47.50869647500008],[11.477837718000046,47.50899711400007],[11.480239815000061,47.50919021300007],[11.481194208000034,47.50927588600007],[11.483592461000057,47.50900454100008],[11.485466096000039,47.50882112000005],[11.487557752000043,47.50901607600008],[11.488217580000025,47.507785676000026],[11.489135215000033,47.507171063000044],[11.491370964000055,47.50667516800007],[11.492744809000044,47.506947902000036],[11.493641514000046,47.50704668100008],[11.49392690700006,47.507281814000066],[11.494877430000031,47.50743952600004],[11.496382371000038,47.50724740800007],[11.496928987000047,47.50738503500003],[11.497876903000076,47.50741198400004],[11.499050943000043,47.507341745000076],[11.499595043000056,47.50713604100008],[11.501763218000065,47.506787778000046],[11.502844271000072,47.50645683300007],[11.504484415000036,47.505429537000055],[11.505598889000055,47.50473145400008],[11.508151582000039,47.50574700200008],[11.509162505000063,47.506131552000056],[11.509693338000034,47.50616762300007],[11.511417205000043,47.50628474700005],[11.512518513000032,47.50635955800004],[11.514977207000072,47.50831105800006],[11.516740415000072,47.50971041300005],[11.518341837000037,47.51095191100006],[11.522520342000064,47.509725272000026],[11.523157730000037,47.50976419300008],[11.52433932100007,47.50982493200007],[11.525870174000033,47.50933511000005],[11.527002196000069,47.50924908800005],[11.528383683000072,47.509401695000065],[11.530579168000031,47.50913986200004],[11.532313797000029,47.50916856300006],[11.535024219000036,47.50908249300005],[11.537614447000067,47.50963014200005],[11.539929322000035,47.50951490700004],[11.541809637000028,47.51018179700003],[11.543579542000032,47.511106925000036],[11.544751569000027,47.51179590400005],[11.546779662000063,47.51217133500006],[11.55035739400006,47.51283352000007],[11.551772337000045,47.51336664100006],[11.552871456000048,47.512238558000035],[11.559429369000043,47.513468741000054],[11.562167695000028,47.51400571600004],[11.568831896000063,47.51358972700007],[11.570850837000023,47.51416536900007],[11.572452231000057,47.514509771000064],[11.573826677000056,47.51561863200004],[11.575577395000039,47.51684134800007],[11.576019811000037,47.517672650000065],[11.576216345000034,47.518173912000066],[11.576496726000073,47.51887203100006],[11.577051865000044,47.51981364400007],[11.57733451200005,47.520224529000075],[11.578180995000025,47.52041583500005],[11.578992816000039,47.52081516100003],[11.580004017000022,47.52096831800003],[11.58052794300005,47.521258172000046],[11.581388340000046,47.521682060000046],[11.582120443000065,47.52189828000007],[11.583044556000061,47.52230748100004],[11.583637706000047,47.52273680700006],[11.585030563000032,47.523342924000076],[11.585792659000049,47.523749344000066],[11.58632067800005,47.52410281200008],[11.587010247000023,47.524697969000044],[11.587644031000025,47.52516787700006],[11.587980725000023,47.52539813800007],[11.587961346000043,47.52633287400005],[11.587954249000063,47.52722255800006],[11.587947616000065,47.528002291000064],[11.587940839000055,47.52903786500008],[11.58791370800003,47.52973923700006],[11.587885248000077,47.53047497100005],[11.588151181000057,47.530752945000074],[11.588661761000026,47.53128663600006],[11.587824471000033,47.53144780800005],[11.58781891700005,47.53176745400003],[11.587804918000074,47.53257295600008],[11.587789713000063,47.53344786700006],[11.587771839000027,47.53447621500004],[11.587755419000075,47.53542090500008],[11.587740212000028,47.53629581800004],[11.587724514000058,47.53719886500005],[11.587789265000026,47.53789063500005],[11.587580610000032,47.53906144100006],[11.586524687000065,47.540488700000026],[11.585865850000062,47.542255874000034],[11.585773567000047,47.543659570000045],[11.585779936000051,47.54556157300004],[11.586307891000047,47.546019923000074],[11.58668903900002,47.546456430000035],[11.587772569000037,47.54756258200007],[11.588207899000054,47.548266056000045],[11.58869549700006,47.549053970000045],[11.58876570700005,47.54916742100005],[11.589138347000073,47.55033410400006],[11.589365415000032,47.551044998000066],[11.58949242500006,47.55144262300007],[11.58919467100003,47.55178708500006],[11.588923936000072,47.55211666500003],[11.588668324000025,47.55257806000003],[11.588457162000054,47.55293448400005],[11.588501861000054,47.55320530300003],[11.58853003400003,47.55337598800003],[11.588072561000047,47.553778573000045],[11.587508866000064,47.554274623000026],[11.587103444000036,47.55463138700003],[11.58715741900005,47.55517294100008],[11.587572995000073,47.555867797000076],[11.588066544000071,47.55665094600005],[11.588183083000047,47.556860706000066],[11.588708776000033,47.55780688400006],[11.589722313000038,47.558646691000035],[11.590055990000053,47.559202940000034],[11.59045526400007,47.55975229900008],[11.591182557000025,47.560310824000055],[11.592064567000023,47.56073720200004],[11.592857483000046,47.561288826000066],[11.593926623000073,47.561868752000066],[11.594675709000057,47.56251407100007],[11.595376840000029,47.56306660300004],[11.596579019000046,47.56342754000008],[11.596738120000055,47.56352400800006],[11.59718422800006,47.56379449600007],[11.597429603000023,47.564507062000075],[11.598182889000043,47.565338851000035],[11.59897869300005,47.56601476000003],[11.599732137000046,47.56659199100005],[11.600436025000022,47.56752336800008],[11.600745500000073,47.568124502000046],[11.600959087000035,47.568326384000045],[11.601206603000037,47.56913219100005],[11.601361584000074,47.56990784700008],[11.601790077000032,47.57058746300004],[11.602398853000068,47.57110980200008],[11.602547660000027,47.57160571800006],[11.602332474000036,47.57226077400003],[11.602069974000074,47.57285413200003],[11.602192908000063,47.57322186000005],[11.602266780000036,47.57344283000003],[11.602693248000037,47.57402919700007],[11.602973524000049,47.57449085800005],[11.603124551000064,47.57483313900008],[11.603232267000067,47.57554709800007],[11.603523033000045,47.576228110000045],[11.60399409300004,47.57675184300007],[11.604466545000037,47.57733773800004],[11.604666848000022,47.57808184500004],[11.60495488600003,47.57863852500003],[11.60497007400005,47.579322337000065],[11.604981120000048,47.57981965500005],[11.605267790000028,47.580314170000065],[11.605554468000037,47.58080868400003],[11.606026284000052,47.58136349200004],[11.606663901000047,47.58168776700006],[11.607251272000042,47.58120270300003],[11.607951056000047,47.580795892000026],[11.608734914000024,47.580628026000056],[11.60944418400004,47.580647431000045],[11.61010992200005,47.58048076100005],[11.610810268000023,47.58010057100006],[11.611514771000031,47.57990685000004],[11.612497836000045,47.57984349900005],[11.613526828000033,47.58007276600006],[11.614280833000066,47.58033148900006],[11.615037831000052,47.580723403000036],[11.615753676000054,47.58103579800007],[11.616273271000068,47.58137685000003],[11.616682438000055,47.58187284200005],[11.617131777000054,47.58278022800005],[11.617499893000058,47.58338928500007],[11.618101265000064,47.583862715000066],[11.618777802000068,47.58417549600006],[11.61973680400007,47.58421384700006],[11.62213160500005,47.58425094800003],[11.622887004000063,47.58424314500007],[11.623551881000026,47.58411738900003],[11.624022173000071,47.583934199000055],[11.624280577000036,47.583705645000066],[11.624663962000056,47.583235441000056],[11.625519315000076,47.58274696900003],[11.626258343000075,47.58233963100008],[11.626722361000077,47.58196178600008],[11.627342651000049,47.581529027000045],[11.628316061000021,47.58103930800007],[11.629216153000073,47.58079015000004],[11.629880012000058,47.58054344200008],[11.63042454300006,47.58024468000008],[11.631058911000025,47.58036719200004],[11.631271567000056,47.580373965000035],[11.631736918000058,47.580396078000035],[11.63206099000007,47.580433708000044],[11.632376114000067,47.58047029800008],[11.632802655000035,47.580537744000026],[11.633002852000061,47.58058058900008],[11.633403247000047,47.58066627800008],[11.633751145000076,47.58077947400005],[11.633911714000021,47.58083171700008],[11.634072897000067,47.58091091400007],[11.634226175000038,47.58100260900005],[11.634295845000054,47.581145666000054],[11.634339368000042,47.58130696900008],[11.634356539000066,47.581477533000054],[11.634346743000037,47.581630406000045],[11.634323669000025,47.58178341800004],[11.634150180000063,47.58197051600007],[11.633607095000059,47.58245835000008],[11.633158752000043,47.582831568000074],[11.632922289000021,47.58325012900008],[11.632815,47.58377262700003],[11.632779131000063,47.58394730800006],[11.632630756000026,47.58407123600006],[11.632473247000064,47.584153756000035],[11.632275489000051,47.58421872300005],[11.631668527000045,47.58439578900004],[11.631470768000042,47.58446075400008],[11.63128628800007,47.58452558100004],[11.631209268000077,47.584643207000056],[11.631118968000067,47.584760972000026],[11.63105543100005,47.58488744500005],[11.630992098000036,47.58502290200005],[11.630905473000041,47.58530238600008],[11.631050967000022,47.58581981100008],[11.631084948000023,47.58625812900004],[11.631167318000053,47.58671219100006],[11.631319133000034,47.58705180000004],[11.631640123000068,47.587438388000066],[11.631842919000064,47.58790744300006],[11.631925668000065,47.58837774800003],[11.632150263000028,47.58874909300005],[11.632378188000075,47.58926662600004],[11.63253667500004,47.58989861400005],[11.632499379000024,47.59037017000003],[11.63241701800007,47.59097217300007],[11.632405950000077,47.591540939000026],[11.632610989000057,47.59210745400003],[11.63288288900003,47.59244581200005],[11.633270043000039,47.59257175300007],[11.633781190000036,47.59258749000003],[11.635260240000036,47.59279261000006],[11.635635732000026,47.593074012000045],[11.635962859000074,47.59354613600004],[11.636445414000036,47.593897749000064],[11.63713910000007,47.594259039000065],[11.637820558000044,47.59408546700007],[11.63816816700006,47.59391538800003],[11.638460886000075,47.593650774000025],[11.639039629000024,47.593597156000044],[11.639971692000074,47.593623050000076],[11.64060450900007,47.593628299000045],[11.641183795000074,47.59359844200003],[11.641391916000032,47.59347737100006],[11.641737053000043,47.593200308000064],[11.642101121000053,47.592982489000065],[11.642289755000036,47.59277840100003],[11.642406195000035,47.59249185200008],[11.642400462000069,47.59224225200006],[11.642587181000067,47.59195496400008],[11.642950143000064,47.59168959900006],[11.643049555000061,47.59142700600006],[11.643149510000057,47.59118818300004],[11.643355156000041,47.59096013700008],[11.643420244000026,47.590733570000054],[11.643338217000064,47.590223225000045],[11.643351497000026,47.589272003000076],[11.643809935000036,47.58933851000006],[11.645977238000057,47.58958911500008],[11.647354766000035,47.58988368300004],[11.649245395000037,47.59032736200004],[11.649639602000036,47.58989520400007],[11.649629437000044,47.58945543500005],[11.650292944000057,47.589270086000056],[11.65140911100002,47.58890161000005],[11.65233911000007,47.58808333200005],[11.652791704000037,47.58713933800004],[11.655295317000025,47.58598334100003],[11.65757282900006,47.584449610000036],[11.658119920000047,47.58408116500004],[11.659535598000048,47.58389921400004],[11.660253357000045,47.58378455700006],[11.661002272000076,47.584252099000025],[11.663903423000022,47.58357908500005],[11.665386572000045,47.58388417900005],[11.66678078700005,47.58414265600004],[11.66882528800005,47.58440600900008],[11.670252203000075,47.58530607100005],[11.672856134000028,47.58544443900007],[11.67416416900005,47.585026103000075],[11.677926711000055,47.58511615800006],[11.678065114000049,47.584282458000075],[11.678815718000067,47.58407221300007],[11.680621185000064,47.58388617300005],[11.68128704000003,47.58380760500006],[11.682671964000065,47.58441074800004],[11.686395379000032,47.58507158800006],[11.68654187200002,47.58531964900004],[11.687585453000054,47.58560546500007],[11.688466154000025,47.58568794400003],[11.688835881000045,47.58572256800005],[11.689349608000043,47.58589527600003],[11.689679191000039,47.58669774900005],[11.691891966000071,47.58718484600007],[11.695525468000028,47.58803461600007],[11.696704216000057,47.588141101000076],[11.697496276000038,47.588631700000064],[11.698633009000048,47.58854783700008],[11.70013983900003,47.58894493400004],[11.704105889000061,47.58909917200003],[11.707452605000071,47.58911498700007],[11.713976898000055,47.58914213300005],[11.716766646000053,47.58914688100003],[11.719583175000025,47.58916024500007],[11.722625471000072,47.589170996000064],[11.72749202600005,47.58881957600005],[11.730051328000059,47.58863786400008],[11.732705112000076,47.588484410000035],[11.734107187000063,47.58840330900006],[11.734498769000027,47.58838065600003],[11.738037528000064,47.588175867000075],[11.740875354000025,47.588011556000026],[11.74293373300003,47.58786818400006],[11.74503171400005,47.587722013000075],[11.746433472000035,47.58796140900006],[11.747624737000024,47.58797671700006],[11.748794477000047,47.58809159500004],[11.750562564000063,47.588673379000056],[11.751919931000032,47.588801895000074],[11.753299860000027,47.58916643300006],[11.755175939000026,47.589120732000026],[11.75691203200006,47.58866303800005],[11.757910537000043,47.58875034000005],[11.760520493000058,47.58899869100003],[11.763000673000022,47.58911772000005],[11.764456635000045,47.58968089900003],[11.767277227000022,47.59018975400005],[11.769538788000034,47.589462222000066],[11.772494895000023,47.58973086800006],[11.775865445000022,47.59065018000007],[11.77723695700007,47.590581486000076],[11.778486608000037,47.590812191000055],[11.779581862000043,47.59101366300007],[11.781035494000037,47.591185332000066],[11.782497243000023,47.59059425200007],[11.784830704000058,47.58965061100008],[11.786437123000042,47.58897359400004],[11.788448501000062,47.58824515200007],[11.789977304000047,47.58769144100006],[11.796350930000074,47.586962106000044],[11.796998384000062,47.58688799600003],[11.797778179000034,47.586798732000034],[11.799897194000039,47.58657362500003],[11.80880879700004,47.585626458000036],[11.810736667000072,47.58539405500005],[11.812779275000025,47.58476363600005],[11.815042770000048,47.58475947200003],[11.817000816000075,47.58437909100007],[11.818503319000058,47.58489566000003],[11.819663824000031,47.58507928600005],[11.821726831000035,47.58523395200007],[11.822432287000026,47.585288277000075],[11.824566923000077,47.58489416200007],[11.825877008000077,47.58525863400007],[11.827411995000034,47.58548956300007],[11.828409825000051,47.585346591000075],[11.828490042000055,47.585060275000046],[11.828849208000065,47.584033430000034],[11.829271954000035,47.582756139000026],[11.829395331000057,47.582112625000036],[11.830621761000032,47.58197872400007],[11.831855186000041,47.58210628100005],[11.833398112000054,47.58198035800007],[11.834205501000042,47.58194666900005],[11.834730240000056,47.58185700200005],[11.83522144400007,47.58182719000007],[11.836100368000075,47.58184016400003],[11.837120139000035,47.58186328800008],[11.837543633000053,47.581929409000054],[11.838145345000044,47.58208844600006],[11.838850537000042,47.58217487200005],[11.839658565000036,47.58216491300004],[11.84044186500006,47.58174244800006],[11.840912398000057,47.581498201000045],[11.841472255000042,47.58140806800003],[11.841929600000071,47.58142619900008],[11.842562600000065,47.581442157000026],[11.842984495000053,47.58144883400007],[11.843351125000027,47.58136107800004],[11.843867748000036,47.58121483800005],[11.844297416000074,47.58126615200007],[11.844674644000065,47.58157059900003],[11.845070406000048,47.58191048100008],[11.845497770000065,47.58211919300004],[11.846168486000067,47.58222977600008],[11.846731557000055,47.58225846600004],[11.847336871000039,47.582286260000046],[11.847469029000024,47.58275194300006],[11.847627258000045,47.58319932900008],[11.847753822000072,47.58345838200006],[11.847841279000022,47.58368969700007],[11.847911175000036,47.583918922000066],[11.848000005000074,47.58421023300008],[11.84817298400003,47.58471135800005],[11.848344992000023,47.58517654700006],[11.848673547000033,47.58602623400003],[11.848904528000048,47.58670637800003],[11.849349818000064,47.58794105700008],[11.849881393000032,47.58941731200008],[11.850240952000036,47.59042837900006],[11.850555805000056,47.59126026100006],[11.850887122000074,47.59220877000007],[11.851201997000032,47.59304065100008],[11.851350190000062,47.593467159000056],[11.851562098000045,47.59406968500008],[11.852709283000024,47.59704749500003],[11.852992351000069,47.59779313200005],[11.854327111000032,47.60095079000007],[11.854913363000037,47.60233756400004],[11.855981633000056,47.60170310500007],[11.856096145000038,47.60203457500006],[11.858919513000046,47.601785310000025],[11.859572327000024,47.60123024100005],[11.861113824000029,47.60103261100005],[11.862060128000053,47.60092564400003],[11.864295076000076,47.60101650900003],[11.865076465000072,47.60194595200005],[11.86769457500003,47.60254312400008],[11.870495236000068,47.603181850000055],[11.871181928000055,47.60332614600003],[11.872482297000033,47.60359938200003],[11.874048076000065,47.60392836300008],[11.875953667000033,47.60432870200003],[11.877540804000034,47.60466211000005],[11.879060710000033,47.60498516700005],[11.88059785400003,47.60530717100005],[11.882161585000063,47.605628815000046],[11.883391480000057,47.60589177500003],[11.884795086000054,47.60618845700003],[11.886546107000072,47.606552590000035],[11.888444538000044,47.606959748000065],[11.892160526000055,47.607730066000045],[11.894135045000041,47.608477668000035],[11.894680410000035,47.608832060000054],[11.895403874000067,47.609051054000076],[11.89618580900003,47.60909808400004],[11.896711860000039,47.60904852500005],[11.89713374400003,47.60878068900007],[11.897802931000058,47.608834760000036],[11.898499302000062,47.60884007200008],[11.899024946000054,47.608776239000065],[11.899594531000048,47.60863934300005],[11.90051309200004,47.60842893000006],[11.901270315000033,47.608347836000064],[11.902049831000056,47.60830925100004],[11.902747804000057,47.608371584000054],[11.903238102000046,47.608550732000026],[11.904317694000042,47.60904212400004],[11.905438575000062,47.60952102400006],[11.90601285200006,47.609684807000065],[11.90656281400004,47.60973476300006],[11.907117621000054,47.60995586200005],[11.907527221000066,47.61026444200007],[11.907874363000076,47.610602365000034],[11.908345226000051,47.610838812000054],[11.908836780000058,47.61106072200005],[11.909163654000054,47.61142743900007],[11.909510005000072,47.611736832000076],[11.910021856000071,47.61192993900005],[11.910683778000077,47.61220670100005],[11.911195639000027,47.61239980300007],[11.911497802000042,47.612638427000036],[11.911795015000052,47.61294015900006],[11.912169059000064,47.613243210000064],[11.912747454000055,47.61354958100003],[11.91317415800006,47.61371524400005],[11.913665544000025,47.61379568000007],[11.916727003000062,47.61358700200003],[11.919566401000054,47.61341515700008],[11.921185257000047,47.61332211000007],[11.922273433000043,47.61326294400004],[11.923242033000065,47.613205332000064],[11.924450036000053,47.613153563000026],[11.925910215000044,47.613089486000035],[11.92703849700007,47.61303873300005],[11.927981030000069,47.61299939600008],[11.929043136000075,47.61295847900004],[11.931286400000033,47.612857072000054],[11.93313159400003,47.61277884200007],[11.93502753200005,47.61307738100004],[11.936402739000073,47.61329289400004],[11.937324153000077,47.61344249000007],[11.938352381000072,47.61360864100004],[11.939607521000028,47.61380772700005],[11.943226071000026,47.61437988800003],[11.944168970000021,47.61452282100004],[11.944587802000058,47.61458649000008],[11.94582970600004,47.61478568100006],[11.946991378000064,47.61496795200003],[11.948286709000058,47.615175392000026],[11.949902500000064,47.61543246800005],[11.953601270000036,47.61601220600005],[11.95543983500005,47.616158373000076],[11.955988202000071,47.61619625000003],[11.963970218000043,47.61681131200004],[11.96820247100004,47.61713718900006],[11.969434209000042,47.616586942000026],[11.970670554000037,47.61647443100003],[11.971138214000064,47.61643186900005],[11.97164389300002,47.61638584500008],[11.972540984000034,47.616059042000074],[11.973446324000065,47.61572922300007],[11.974409920000028,47.615378167000074],[11.974965992000023,47.61490827700004],[11.975486441000044,47.61446847800005],[11.975575976000073,47.61427870000006],[11.97619776700003,47.61296071400005],[11.97677671300005,47.61431579300006],[11.977028706000056,47.61490558200006],[11.977440684000044,47.61532410500007],[11.979335573000071,47.61724898800003],[11.980852809000055,47.61879011000008],[11.982113754000068,47.619222774000036],[11.985332885000048,47.61984467900004],[11.986815875000048,47.62003842900003],[11.988317522000045,47.620267573000035],[11.989950428000043,47.62076836500006],[11.994429368000056,47.62117060800006],[11.997145466000063,47.62143049500003],[11.99943870800007,47.62151929300006],[12.001305956000067,47.62234810700005],[12.00186198700004,47.62246897800003],[12.006356579000055,47.62344590400005],[12.007506811000042,47.62433956000007],[12.008548722000057,47.62514902200007],[12.010407413000053,47.62438604400006],[12.012762474000056,47.62317620200008],[12.01222830200004,47.62180439600007],[12.01400708400007,47.620733329000075],[12.01531516600005,47.61934826900006],[12.016045649000034,47.61857475900007],[12.016998320000027,47.617123450000065],[12.01762014700006,47.615721689000054],[12.018334813000024,47.61421024400005],[12.019356008000045,47.611899116000075],[12.019852360000073,47.61178089600003],[12.02040507700002,47.61162509300004],[12.020965196000077,47.61147878100007],[12.021636577000038,47.61130340200003],[12.022278158000063,47.611135801000046],[12.023584998000047,47.61138236900007],[12.024096233000023,47.61147882100005],[12.024791352000022,47.611404090000065],[12.026090623000073,47.611264394000045],[12.027461024000047,47.61111703300003],[12.02953652900004,47.61161812300003],[12.030121357000041,47.612340741000025],[12.030880027000023,47.612995897000076],[12.030645308000032,47.61336778800006],[12.031116559000054,47.61382486000008],[12.03139118200005,47.614748408000025],[12.03210412900006,47.615059392000035],[12.033504408000056,47.615420130000075],[12.034106637000036,47.61672163500003],[12.03617768600003,47.61714210900004],[12.037147928000024,47.617585621000046],[12.038690360000032,47.61751069600007],[12.041170453000063,47.616900359000056],[12.042039011000043,47.61661841400007],[12.04382845300006,47.616500329000075],[12.045364133000021,47.61623908400003],[12.046086634000062,47.61628826200007],[12.047802710000042,47.61564881000004],[12.049814644000037,47.61489906000003],[12.051225651000038,47.614866609000046],[12.05299861800006,47.61555467000005],[12.054284159000076,47.61526929100006],[12.060001019000026,47.61764692000003],[12.060661981000067,47.618743445000064],[12.064237610000077,47.61873700400008],[12.065450922000025,47.61674223500006],[12.06895517700002,47.61573838400005],[12.07099564200007,47.61469394300008],[12.073480523000057,47.61428409700005],[12.078128139000057,47.61351736800003],[12.078778656000054,47.612960980000025],[12.07959777000002,47.61107045000006],[12.082350946000076,47.60973439600008],[12.087193068000033,47.60967570100007],[12.088070212000048,47.60988880300005],[12.088636644000076,47.60990796100003],[12.091757078000057,47.610013449000064],[12.092734667000059,47.61004647800007],[12.093275993000077,47.61047848000004],[12.09736330100003,47.60995899900007],[12.100042279000036,47.610704353000074],[12.109534745000076,47.61171758000006],[12.109785286000033,47.61130960400004],[12.111489703000075,47.61126208300004],[12.114335230000052,47.61118268700005],[12.11520488800005,47.61143135400005],[12.115826090000041,47.61123498100005],[12.119580552000059,47.61004241300003],[12.120504140000037,47.60870883900003],[12.123251203000052,47.60829926000008],[12.123764204000054,47.607933210000056],[12.124627780000026,47.60731699300004],[12.125055265000071,47.60701194600006],[12.12562080400005,47.60681433500008],[12.126780239000027,47.60640919200006],[12.127981429000044,47.60598943800005],[12.129001161000076,47.60563307800004],[12.130216758000074,47.60624503500003],[12.130816012000025,47.606254886000045],[12.132486006000022,47.60628232100004],[12.134504153000023,47.60599896400004],[12.134961610000062,47.60593139800005],[12.136150015000055,47.605943772000046],[12.137450995000052,47.605956667000044],[12.138259453000046,47.605731062000075],[12.139297644000067,47.60544133500008],[12.139767793000033,47.605303452000044],[12.142568048000044,47.60647284500004],[12.143308734000072,47.60676723800003],[12.144630861000053,47.60723041000006],[12.14558712400003,47.60756539500005],[12.146223491000057,47.60763144500004],[12.147385360000044,47.60775202700006],[12.148244711000075,47.60784120400007],[12.14983778800007,47.60890070900007],[12.151257226000041,47.60942099300007],[12.152961384000037,47.60980147300006],[12.154495331000021,47.60974803700003],[12.156051624000042,47.61028587700008],[12.157250408000039,47.61076194700007],[12.158792122000023,47.61155633900006],[12.16004980200006,47.61220225200003],[12.161680534000027,47.61296473600004],[12.163178127000037,47.61315255200003],[12.16356740200007,47.61347772100004],[12.165148362000025,47.61369925500003],[12.169070003000058,47.614281402000074],[12.170270864000031,47.614247910000074],[12.17116885400003,47.61447492900004],[12.172424315000058,47.61407934500005],[12.17400641200004,47.61413025300004],[12.174818452000068,47.614373089000026],[12.175846928000055,47.614583537000044],[12.179044991000069,47.61436863200004],[12.179613630000063,47.613405270000044],[12.180641511000033,47.61166378100006],[12.181402888000036,47.610373733000074],[12.180107182000029,47.60825650400005],[12.179906052000035,47.606020053000066],[12.179821977000074,47.60508513000008],[12.177688143000069,47.602223553000044],[12.177313036000044,47.60130090900003],[12.178144002000067,47.60086665400007],[12.179367845000058,47.60188335000004],[12.18070309500007,47.60269028000005],[12.182248282000046,47.60346541000007],[12.183962210000061,47.60423790400006],[12.185707726000032,47.60469597700006],[12.18748673500005,47.60489666900003],[12.18976505300003,47.604889814000046],[12.193592941000077,47.60502476000005],[12.195896682000068,47.60527945500007],[12.198057263000067,47.60553109700004],[12.200135469000031,47.605841059000056],[12.202464108000072,47.60638718900003],[12.20388194700007,47.60680973600006],[12.204998046000071,47.60736297900007],[12.205866990000061,47.608091313000045],[12.206569213000023,47.60887933400005],[12.207319514000062,47.609837818000074],[12.207910928000047,47.61108416800005],[12.208163960000036,47.61230729700003],[12.20823456200003,47.61313376900006],[12.208133503000056,47.61387732800006],[12.20791177700005,47.61479400700006],[12.20759686200006,47.61545531300004],[12.207007230000045,47.61672021700008],[12.204309924000029,47.62175658400008],[12.203799622000076,47.62287754500005],[12.20353754200005,47.62385192700003],[12.20331862100005,47.62485417100004],[12.20276377700003,47.62837298800008],[12.202536826000028,47.63037417900006],[12.201741574000039,47.633040634000054],[12.200834284000052,47.636136908000026],[12.199948590000076,47.638633549000076],[12.19879338000004,47.64144134800006],[12.19822137400007,47.64245607200007],[12.197499692000065,47.643580317000044],[12.196658176000028,47.644906193000054],[12.194051217000037,47.647729456000036],[12.184676511000077,47.660189055000046],[12.184449886000039,47.66085819700004],[12.184260452000046,47.661622410000064],[12.184283668000035,47.66230697100008],[12.184205495000072,47.663342337000074],[12.183854370000063,47.66459668200008],[12.183470807000049,47.66574415300005],[12.183039200000053,47.666721134000056],[12.182314890000043,47.66778825500006],[12.18179202500005,47.66856687400008],[12.181016742000054,47.66937792900006],[12.179991921000067,47.670306984000035],[12.17879718100005,47.67121011200004],[12.174213554000062,47.67436287100003],[12.172854483000037,47.675411154000074],[12.171541429000058,47.67657286700006],[12.170486525000058,47.677873297000076],[12.169633154000053,47.67888524000006],[12.168826780000074,47.68003915000003],[12.168107720000023,47.681277332000036],[12.167429905000063,47.682486340000025],[12.16688165200003,47.68377897600004],[12.164716502000033,47.69004140200008],[12.162598451000065,47.70112977800005],[12.163582693000023,47.70109677000005],[12.164119430000028,47.701078632000076],[12.164553625000053,47.70106395700003],[12.166868128000033,47.70099260200004],[12.168469749000053,47.700906331000056],[12.16977496800007,47.700861186000054],[12.170854528000064,47.70082383500005],[12.171706288000053,47.70079435700006],[12.172459901000025,47.70076827100007],[12.173262228000056,47.70074049300007],[12.173990051000033,47.70071528900007],[12.174717873000077,47.70069008000007],[12.17534611900004,47.700668316000076],[12.176299593000067,47.70063527900004],[12.177553223000075,47.700591829000075],[12.178808994000065,47.70054828900004],[12.180013189000022,47.70050652500004],[12.180965942000057,47.700473471000066],[12.181919409000045,47.700440384000046],[12.182723156000066,47.70041248700005],[12.18355054400007,47.70038376200006],[12.18393085100007,47.70037055800003],[12.18562961200007,47.701773486000036],[12.185666038000022,47.70206090700003],[12.185738761000039,47.702634716000034],[12.186190597000063,47.70339176500005],[12.186831762000054,47.70384728200003],[12.18790523000007,47.70442584400007],[12.188613973000031,47.70454566300003],[12.190418374000046,47.70539440200008],[12.191532596000059,47.70592734600007],[12.193699658000071,47.706963898000026],[12.194699927000045,47.70736454100006],[12.195535092000057,47.708088814000064],[12.196375700000033,47.708456252000076],[12.197742554000058,47.70875602600006],[12.198406808000072,47.70860297200005],[12.19935993100006,47.70762489500004],[12.199781313000074,47.70758264600005],[12.20183946000003,47.707491049000055],[12.203651084000057,47.70740327000004],[12.204585038000062,47.70843511000004],[12.204984632000048,47.70929693700003],[12.205959589000031,47.710494607000044],[12.206864212000028,47.710670701000026],[12.207967490000044,47.709963696000045],[12.208622716000036,47.71006044400008],[12.210226393000028,47.71058228800007],[12.211973851000039,47.71118509000007],[12.212601265000046,47.71149629900003],[12.213443942000026,47.71191933800003],[12.220007494000072,47.71511480000004],[12.222161558000039,47.71615944100006],[12.224951408000038,47.717481623000026],[12.226644590000035,47.71829077500007],[12.227281076000054,47.71897283700008],[12.229773563000037,47.72161496500007],[12.231043335000038,47.722958177000066],[12.232123257000069,47.72412756600005],[12.232488560000036,47.72451447600008],[12.235170312000037,47.727449980000074],[12.239863243000059,47.732480957000064],[12.242933601000061,47.735299429000065],[12.243810575000055,47.736110170000075],[12.246293482000056,47.73838286200004],[12.24959923700004,47.74143112000007],[12.251865260000045,47.741965297000036],[12.25697228100006,47.743007171000045],[12.258394588000044,47.741555911000034],[12.25929334600005,47.740694165000036],[12.260264853000024,47.739762625000026],[12.260911908000026,47.73914216500003],[12.261631979000072,47.73845166800004],[12.262291062000031,47.73781963400006],[12.262510273000032,47.737609415000065],[12.263101185000039,47.73698858900008],[12.264275190000035,47.73403011400006],[12.26488637600005,47.732483063000075],[12.26265813200007,47.72902233800005],[12.261543968000069,47.72728747100007],[12.257258405000073,47.72101934600005],[12.255087181000022,47.719517213000074],[12.254739666000035,47.71835423200008],[12.254139566000049,47.71732588100008],[12.253020349000053,47.716570931000035],[12.25194852900006,47.71516116200007],[12.251030241000024,47.71460512200008],[12.250675930000057,47.71405190400003],[12.250430640000047,47.71359206900007],[12.250426865000065,47.712985651000054],[12.250643636000063,47.71263730600003],[12.250117016000047,47.712193883000054],[12.249717865000036,47.71186732800004],[12.247571605000076,47.711461789000055],[12.247617762000061,47.71077133000006],[12.24686265500003,47.710842901000035],[12.246667316000071,47.71029901500003],[12.246515888000033,47.70986075500008],[12.246210757000028,47.70897762100003],[12.245852281000055,47.70794005700003],[12.245543094000027,47.70704511800005],[12.245110461000024,47.70579281100004],[12.244653921000065,47.704471227000056],[12.244098155000074,47.70286231600005],[12.243529415000069,47.70121573700004],[12.242958651000038,47.69956318800007],[12.242426198000032,47.69810201000007],[12.241573721000066,47.695436967000035],[12.241508846000045,47.695258196000054],[12.241261183000063,47.69449813600005],[12.241167476000044,47.69410412500008],[12.241433359000041,47.69371335300008],[12.24581838000006,47.687413880000065],[12.247521385000027,47.68650227900008],[12.248601326000028,47.68592202200006],[12.249398323000037,47.68549573400003],[12.249751170000025,47.68530860800007],[12.250613432000023,47.684846986000025],[12.25294959100006,47.68381963600007],[12.253143185000056,47.68342744100005],[12.254125772000066,47.68143674700008],[12.254872160000048,47.67992447600005],[12.25518949700006,47.67929499300004],[12.256745508000051,47.67907628200004],[12.259951217000037,47.67864243200006],[12.261421489000043,47.67844341600005],[12.262419608000073,47.678307731000075],[12.263200870000048,47.67820151900003],[12.265667886000074,47.67959639600008],[12.26757012400003,47.68067184900008],[12.268662738000046,47.68173814800008],[12.271003971000027,47.684022808000066],[12.271648429000038,47.68425766100006],[12.272287197000026,47.684490434000054],[12.275200862000077,47.68640322600004],[12.276377209000032,47.68724317300007],[12.277533505000065,47.68793442300006],[12.278528030000075,47.68819683800007],[12.281014549000076,47.68885732600006],[12.282778465000035,47.689412737000055],[12.283910295000055,47.68978971200005],[12.285096010000075,47.69018376900004],[12.289204415000029,47.69003543300005],[12.292009863000033,47.68993536100004],[12.30977531700006,47.69277074200005],[12.311696125000026,47.69304671400005],[12.314253477000022,47.69341408300005],[12.316101403000062,47.69367950100008],[12.317605406000041,47.69389549700003],[12.319486237000035,47.694165577000035],[12.321783004000054,47.69443180300004],[12.322771251000063,47.694546339000055],[12.324380166000026,47.69480919000006],[12.325491860000056,47.69498831900006],[12.327167360000033,47.69526620800008],[12.327978925000025,47.69539908200005],[12.328961378000031,47.69555933600003],[12.330501896000044,47.695812112000056],[12.33130559400007,47.695942424000066],[12.33221674300006,47.69609789000003],[12.333181125000067,47.69625245300006],[12.335780228000033,47.696685090000074],[12.338045374000046,47.697087347000036],[12.337313175000077,47.696012017000044],[12.336098350000043,47.694126813000025],[12.33556481000005,47.693380723000075],[12.335197931000039,47.69282059300008],[12.335301608000066,47.69226604200003],[12.338549191000027,47.690546392000044],[12.339984151000067,47.690296207000074],[12.341156870000077,47.69057367800008],[12.34500545700007,47.69215353700008],[12.345606602000032,47.69238397500004],[12.347349683000061,47.692301549000035],[12.349877506000041,47.692055054000036],[12.351542315000074,47.692095867000035],[12.352202928000054,47.691471930000034],[12.352249906000054,47.69059019500003],[12.354499258000033,47.69035913100004],[12.355289990000074,47.690309984000066],[12.356968791000043,47.690459743000076],[12.357338628000036,47.69012453600004],[12.358014249000064,47.68951216000005],[12.358917253000072,47.68860479600005],[12.360363746000075,47.68715123800007],[12.360841335000032,47.68667129200003],[12.363299912000059,47.68420041100006],[12.363702107000051,47.683799570000076],[12.364997897000023,47.68389511000004],[12.36651673800003,47.68400707600006],[12.367650900000058,47.684090670000046],[12.36872634100007,47.684170884000025],[12.37019583800003,47.684424973000034],[12.371148275000053,47.68458964600006],[12.374344395000037,47.68514217500007],[12.37514605900003,47.685427907000076],[12.376027683000075,47.68574212800007],[12.377082766000058,47.68630019600005],[12.378008399000066,47.68644524900003],[12.379839554000057,47.68637030200006],[12.380845934000035,47.68633347700006],[12.38117113100003,47.68647036400006],[12.38220340600003,47.686904869000045],[12.383585872000026,47.68748675000006],[12.383984576000046,47.68765455800008],[12.38494189000005,47.68788998200006],[12.385720236000054,47.688081605000036],[12.386430156000074,47.68825637700007],[12.38748578600007,47.68848693000007],[12.389659373000029,47.688884675000054],[12.390999659000045,47.68912990900003],[12.391419057000064,47.689206643000034],[12.392068553000058,47.68947060000005],[12.392544913000052,47.68966418900004],[12.393406244000062,47.690014218000044],[12.394849839000074,47.69049537800004],[12.395488698000065,47.69068229100003],[12.396357828000077,47.69093656600006],[12.39731346800005,47.69120757500008],[12.398619518000032,47.69158932600004],[12.39997880900006,47.69197013300004],[12.401358120000054,47.692244809000044],[12.405787064000037,47.69274957700003],[12.407432602000029,47.69295448500003],[12.40891814400004,47.69315318400004],[12.410069330000056,47.69331278300007],[12.410832241000037,47.69341625800007],[12.411661683000034,47.69351856000003],[12.412170409000055,47.69359053200003],[12.412531737000052,47.69363812200004],[12.415890512000033,47.69407348800007],[12.418232549000038,47.69438283900007],[12.42477313300003,47.69548997600003],[12.429222159000062,47.69622028900005],[12.430013121000059,47.69576292100004],[12.432477702000028,47.694337706000056],[12.440126465000048,47.69517254800007],[12.440255481000065,47.694719529000054],[12.440459730000043,47.69400232700008],[12.440594772000054,47.69352812200003],[12.441918587000032,47.69299212200008],[12.442798323000034,47.691996578000044],[12.443002764000028,47.691777184000046],[12.442715272000044,47.69157555700008],[12.441976070000067,47.69105836700004],[12.441687182000067,47.690820805000044],[12.441905981000048,47.690628125000046],[12.44248465100003,47.690105405000054],[12.442499956000063,47.68947587200006],[12.442539814000042,47.68913356300004],[12.44142944500004,47.68797575600007],[12.441526087000057,47.68633226500003],[12.440951333000044,47.68568606300005],[12.440902892000054,47.68498766300007],[12.441422295000052,47.684389116000034],[12.441644125000039,47.683946958000035],[12.441087478000043,47.68331636200003],[12.440474810000069,47.68296771000007],[12.440295165000066,47.68245851800003],[12.43982978400004,47.68110942000004],[12.439485582000032,47.68013571500006],[12.43936904800006,47.67980621800007],[12.43998816900006,47.67937165500007],[12.440909305000048,47.678665659000046],[12.44078016900005,47.67817993400007],[12.440502473000038,47.677205049000065],[12.440392865000035,47.67678450500006],[12.43909635600005,47.67664580200005],[12.438930149000043,47.67605354400007],[12.440041837000024,47.675213178000035],[12.440728358000058,47.673857130000044],[12.44143820100004,47.67399906900005],[12.443838026000037,47.67368271600003],[12.444584461000034,47.67385965700004],[12.445609327000057,47.67260456100007],[12.444287695000071,47.671676810000065],[12.444666377000033,47.671351247000075],[12.445436126000061,47.670698181000034],[12.44681778000006,47.670644537000044],[12.447846962000028,47.67040017200003],[12.449245799000039,47.66925726900007],[12.450024154000062,47.668854604000046],[12.452096402000052,47.668080332000045],[12.452843822000034,47.66779724400004],[12.452651389000039,47.66696469300007],[12.452567944000066,47.66653470500006],[12.453584492000061,47.66362191700006],[12.455941427000027,47.662312093000025],[12.456033561000027,47.66093508100005],[12.456514768000034,47.66031516100003],[12.458202442000072,47.65823525600007],[12.459598004000043,47.656511168000065],[12.460688574000073,47.655152127000065],[12.461601827000038,47.654021003000025],[12.462882829000023,47.652433777000056],[12.46435321100006,47.65059142100006],[12.465139758000078,47.649624362000054],[12.465295727000068,47.649531652000064],[12.466246243000057,47.64901108300006],[12.466597697000054,47.64881595700007],[12.467053360000023,47.64856501100007],[12.46720932200003,47.64847229900005],[12.467932265000059,47.64825247200008],[12.470560611000053,47.64744081300006],[12.471665976000054,47.64685906700004],[12.472403781000025,47.64647075100004],[12.472632455000053,47.646351528000025],[12.473530734000065,47.64585880800007],[12.474392331000047,47.64544764900006],[12.47523847900004,47.64498282900007],[12.476137422000022,47.64450805400003],[12.476958384000056,47.644079634000036],[12.477752747000068,47.64365169200005],[12.478690802000074,47.64315820600007],[12.480554639000047,47.64219840000004],[12.482863494000071,47.64105965500005],[12.489490223000075,47.63781041300007],[12.49113348000003,47.63699828400007],[12.491023171000052,47.63656882300006],[12.490778114000022,47.63543168500007],[12.490694751000035,47.635010720000025],[12.495451983000066,47.62944956100006],[12.496741160000056,47.627942278000035],[12.49706293500003,47.627505607000046],[12.499216430000047,47.625017005000075],[12.502118340000038,47.625078373000065],[12.502753011000038,47.62509407200008],[12.506345009000029,47.62518285800007],[12.509322122000071,47.62525635500003],[12.512033571000075,47.62532322200008],[12.51480351300006,47.62640001900007],[12.515997636000066,47.62686419000005],[12.520079787000043,47.628619799000035],[12.525005322000027,47.63098983800006],[12.530097995000062,47.63320147700006],[12.531681453000033,47.63403148100008],[12.536344090000057,47.636475215000075],[12.53739326300007,47.63636254600004],[12.54074145900006,47.63600291900008],[12.543790062000028,47.63567537800003],[12.547135916000059,47.63531579600004],[12.563052068000047,47.63360827100007],[12.564111067000056,47.63348929400007],[12.56513056700004,47.63338004500008],[12.566202845000078,47.63326079500007],[12.56956619600004,47.63290918100006],[12.570916389000047,47.63275762600006],[12.571286104000023,47.63272101200005],[12.572161015000063,47.63262604500005],[12.573604211000031,47.63247268500004],[12.575034111000036,47.63231955900005],[12.575640231000023,47.63306671200007],[12.57757411700004,47.63387413700008],[12.578107793000072,47.634434773000066],[12.57835697300004,47.63660630700008],[12.578536081000038,47.637102362000064],[12.580365464000067,47.639790805000075],[12.580785517000038,47.64040806500003],[12.581678946000068,47.64363618700003],[12.58275986600006,47.647525950000045],[12.585949528000071,47.651887714000054],[12.588772063000022,47.65564890300004],[12.589557487000036,47.65669086200006],[12.590247087000023,47.65761420600006],[12.591827340000066,47.659721716000035],[12.59303966400006,47.661334528000054],[12.594165848000046,47.66279616300005],[12.594897808000042,47.663743975000045],[12.595714885000064,47.664816],[12.596855282000035,47.666295321000064],[12.59850023100006,47.66708847700005],[12.600256910000041,47.66793545300004],[12.601998233000074,47.66864394000004],[12.60239856100003,47.67054841800007],[12.602993655000034,47.67202923100007],[12.60395350400006,47.67269390600006],[12.604631360000042,47.673161985000036],[12.606510641000057,47.67334653800003],[12.607415246000073,47.67371332500005],[12.608717790000071,47.67382020000008],[12.61098770500007,47.67325979200007],[12.61215975600004,47.67322504300006],[12.613805754000055,47.67262864500003],[12.614492426000027,47.67263349800004],[12.61680108400003,47.67246276100008],[12.619660594000038,47.67303639900007],[12.62167425900003,47.67343766700003],[12.622129273000041,47.67387931900004],[12.622854615000051,47.67458333900004],[12.624370904000045,47.674868401000026],[12.625787414000058,47.67468791500005],[12.627323182000055,47.67511639500003],[12.629102790000047,47.675953621000076],[12.630080225000029,47.67608732600007],[12.631475351000063,47.67571839500005],[12.63200232500003,47.67559120400006],[12.634778711000024,47.673603943000046],[12.636119763000067,47.67321803200008],[12.636287397000046,47.67278322400006],[12.636636187000022,47.67222799000007],[12.637180428000022,47.67188467600005],[12.63875330600007,47.67100459200003],[12.639796002000026,47.671734392000076],[12.640421678000052,47.67204572700007],[12.641309851000074,47.67227098400008],[12.641963690000068,47.67261771600005],[12.642535808000048,47.67292110400007],[12.643216650000056,47.67327628800007],[12.643916731000047,47.67346027900004],[12.644544890000077,47.67351982300005],[12.64506588100005,47.67356349600004],[12.64538622300006,47.67358415100006],[12.645954441000072,47.67324565100006],[12.647067866000043,47.67258233900003],[12.646925311000075,47.67172885300005],[12.647118953000074,47.67132067000006],[12.648094257000025,47.67033929100006],[12.648616195000045,47.67032728100003],[12.64939234600007,47.67050245100006],[12.649984928000038,47.67095808300007],[12.650452488000042,47.671317576000035],[12.65121983900002,47.67151817100006],[12.65193361300004,47.67171082900006],[12.652630588000022,47.671822906000045],[12.653433956000072,47.67193287300006],[12.654864362000069,47.67207903700006],[12.655513678000034,47.67340771700003],[12.656297951000056,47.67371265100007],[12.656910746000051,47.67395090600007],[12.657152482000072,47.67572494500007],[12.65758543100003,47.67649849800006],[12.658488601000045,47.67706494400005],[12.660073210000064,47.67799544500008],[12.664787458000035,47.68017628100006],[12.666105064000021,47.68077937600003],[12.668991524000035,47.680674407000026],[12.671022846000028,47.680600490000074],[12.675883486000032,47.68185195800004],[12.677660117000073,47.68229290900007],[12.678104181000037,47.68240089600005],[12.684182976000045,47.682584759000065],[12.684652172000028,47.681145902000026],[12.686684588000048,47.68134782700008],[12.68799520500005,47.68148331400005],[12.688597412000036,47.68134781100008],[12.68926835800005,47.68121232200008],[12.690049267000063,47.68160293700004],[12.692835743000046,47.68166460400005],[12.694767762000026,47.68200325500004],[12.69590828500003,47.68220500900003],[12.696323985000049,47.681971866000026],[12.697675479000054,47.68122536900006],[12.698975322000024,47.68051585900008],[12.700561160000063,47.67965681600003],[12.70505941600004,47.68112098800003],[12.70781246000007,47.67956380700008],[12.709058914000025,47.678855258000056],[12.709773734000066,47.67816647800004],[12.710553479000055,47.677910575000055],[12.711559781000062,47.67758030600004],[12.71228209000003,47.67732016300005],[12.714220185000045,47.676622114000054],[12.715199485000028,47.67626937600005],[12.715958151000052,47.67630150600007],[12.716882913000063,47.676412096000035],[12.717657795000036,47.67650475500005],[12.718918985000073,47.67686523800006],[12.720065943000066,47.67719305400004],[12.720448180000062,47.677470699000025],[12.720845816000065,47.67763824300005],[12.721525116000066,47.67792446100003],[12.722626088000027,47.67812795900005],[12.723491951000028,47.678193529000055],[12.724586617000057,47.67823533600006],[12.725520663000054,47.67827100100004],[12.726328411000054,47.678611286000034],[12.727322783000034,47.67879313100008],[12.728080427000066,47.67880141100005],[12.728740506000065,47.678990085000066],[12.729260364000027,47.67919352300004],[12.729789281000023,47.67920647500006],[12.730312860000026,47.67910060000003],[12.730804449000061,47.67906673900006],[12.731180886000061,47.67921363900007],[12.731526408000036,47.67945631900005],[12.731831400000033,47.679580894000026],[12.732267145000037,47.67955949000003],[12.732918020000056,47.67946346000008],[12.73348956700005,47.679249543000026],[12.734039239000026,47.67894092500006],[12.734346854000023,47.67873242100006],[12.734740300000055,47.67847458000006],[12.734991381000043,47.67818398000003],[12.735318723000034,47.67802264200003],[12.736123254000063,47.67789907500003],[12.736648947000049,47.67784069900006],[12.73703120500005,47.677725802000055],[12.737642725000057,47.67761808300003],[12.738211552000053,47.67734473000007],[12.738358650000066,47.67709194100007],[12.738433762000057,47.676804952000055],[12.738787161000062,47.67644087800005],[12.739042496000025,47.67624532900004],[12.73938901300005,47.67611926500007],[12.740038912000045,47.676082104000045],[12.740495815000031,47.676060806000066],[12.741094588000067,47.676239330000044],[12.741715687000067,47.67616651600008],[12.742098458000044,47.676063483000064],[12.742483375000063,47.676007979000076],[12.74294296000005,47.67604608200003],[12.743225534000032,47.67606404600008],[12.743782090000025,47.67590985100003],[12.744307753000044,47.67585143900004],[12.744742760000065,47.675735426000074],[12.745293396000022,47.67545051700006],[12.74575605800004,47.67516742000004],[12.746096100000045,47.674898745000064],[12.746309221000047,47.67454943400003],[12.746577807000051,47.67425844600007],[12.746990362000076,47.67403584500005],[12.747225370000024,47.67378122900004],[12.747460912000065,47.67353849400007],[12.747927850000053,47.673350448000065],[12.748431582000023,47.67319732000004],[12.748825989000068,47.67296319400003],[12.749140331000035,47.67251663800005],[12.749493083000061,47.67214064800004],[12.750060168000061,47.67183158700004],[12.750599063000038,47.67167772200003],[12.750764212000036,47.67143643600008],[12.750657399000033,47.67102237100005],[12.750624187000028,47.67067814700005],[12.750785560000054,47.670353685000066],[12.751330034000034,47.66956513700006],[12.751649435000047,47.669270838000045],[12.75215743800004,47.66902657600008],[12.752750110000022,47.66888844400006],[12.75311672600003,47.668754989000035],[12.75342811300004,47.668577725000034],[12.75388005800005,47.66827168400005],[12.754210286000045,47.66792321100007],[12.75437850000003,47.667524151000066],[12.754465707000065,47.66709979900003],[12.754485368000076,47.66694655600003],[12.75478425800003,47.666787527000054],[12.755361967000056,47.66661372900006],[12.75585581200005,47.66635176300008],[12.755844387000025,47.66610027000007],[12.755725366000036,47.66582403700005],[12.755659124000033,47.66553772000003],[12.755760837000025,47.66514003700007],[12.756345353000029,47.66423787600007],[12.756720964000067,47.66371763800004],[12.757193878000066,47.66301170400004],[12.758329976000027,47.66325573300003],[12.758860681000044,47.66356968700006],[12.759622352000065,47.66423331500005],[12.760141378000071,47.664922568000065],[12.760941968000054,47.66577068300006],[12.761515373000066,47.66631467600007],[12.762357228000042,47.66672955100006],[12.763437084000032,47.66701593400006],[12.764966217000051,47.66712824200005],[12.766522051000038,47.667157615000065],[12.767581273000076,47.66699142300007],[12.768778644000065,47.666513500000065],[12.77006734500003,47.66603365900005],[12.77096675200005,47.665706053000065],[12.771908832000065,47.66564520900005],[12.772528194000074,47.66585875800007],[12.773277842000027,47.66625488600005],[12.774516299000027,47.667340832000036],[12.77901362800003,47.67235291800006],[12.779805212000042,47.67299520200004],[12.780625383000029,47.673595704000036],[12.781115045000035,47.67414135900003],[12.781664678000027,47.67335665500008],[12.781853006000063,47.67310996300006],[12.782054630000061,47.672862992000034],[12.78229697200004,47.672633148000045],[12.782566733000067,47.67242070900005],[12.782863915000064,47.67222567600004],[12.783174804000055,47.67203934400004],[12.78378451900005,47.67169390300006],[12.783927489000064,47.67161897900007],[12.78325243300003,47.670832991000054],[12.782631414000036,47.67006384800004],[12.78305100800003,47.669360837000056],[12.782351301000062,47.66907817300006],[12.781865770000024,47.667708692000076],[12.781896895000045,47.666824709000025],[12.78079778600005,47.66578688100003],[12.779138025000066,47.66413146000008],[12.777908661000026,47.66286258500003],[12.778253066000048,47.66172837700003],[12.778458817000057,47.661224540000035],[12.778405650000025,47.66083316600003],[12.777260546000036,47.660048379000045],[12.776321852000024,47.659925299000065],[12.775538353000059,47.65934701300006],[12.775117507000061,47.65899900800008],[12.774482353000053,47.658584122000036],[12.773136106000038,47.65801758200007],[12.772942288000024,47.65762914600003],[12.771663520000061,47.657382304000066],[12.770433724000043,47.657051171000035],[12.770015313000044,47.656370081000034],[12.769493898000064,47.65613119600005],[12.768366952000065,47.65573842900005],[12.76762909100006,47.65538511400007],[12.765882628000043,47.65530256800008],[12.765008734000048,47.655439700000045],[12.764118333000056,47.65560095400008],[12.763382411000066,47.655675734000056],[12.762783933000037,47.65567629000003],[12.762444919000075,47.655576300000064],[12.762150548000022,47.65529697900007],[12.760473873000024,47.654946119000044],[12.75871515700004,47.65313964500007],[12.758589616000052,47.65271971000004],[12.758524191000049,47.65245136100003],[12.75843526500006,47.65195874400007],[12.758693579000067,47.65149487900004],[12.759012632000065,47.65090388900006],[12.75979281900004,47.65021341800008],[12.760151104000045,47.64990030700005],[12.761080942000035,47.64957531600004],[12.762269853000078,47.648804408000046],[12.763056508000034,47.648257622000074],[12.763837458000069,47.64773248400007],[12.765043623000054,47.646903691000034],[12.765269082000032,47.645721277000064],[12.765597351000054,47.64416812500008],[12.766827338000041,47.64313559500005],[12.768838594000044,47.64260818900004],[12.770608174000074,47.641159800000025],[12.770978124000067,47.640522762000046],[12.771941182000035,47.63889340500003],[12.773025823000069,47.63817849700007],[12.774304008000058,47.63733366900004],[12.775376527000049,47.636645962000046],[12.776705315000072,47.63574610500007],[12.777737903000059,47.635059209000076],[12.778654578000044,47.63445564400007],[12.779377272000033,47.633973010000034],[12.780043092000028,47.633410652000066],[12.780705599000044,47.632776437000075],[12.781706780000036,47.63256664100004],[12.783587804000035,47.63240129500008],[12.784648309000033,47.632325078000065],[12.785071436000067,47.632271237000054],[12.785640243000046,47.632493028000056],[12.78677456500003,47.63286474900008],[12.789471817000049,47.63338336900006],[12.791894848000027,47.63166015400003],[12.793890883000074,47.63024048400007],[12.79696616700005,47.62805297500006],[12.79750573900003,47.62766914000008],[12.799757492000026,47.62721134200007],[12.799347873000045,47.626036499000065],[12.805357798000045,47.62361383000007],[12.809376083000075,47.621796619000065],[12.809983759000033,47.62155311200007],[12.810655395000026,47.62128396700007],[12.810981211000069,47.62108066500008],[12.814405702000045,47.61894369000004],[12.817593792000025,47.616946848000055],[12.81783862900005,47.61677980400003],[12.822694760000047,47.61343069800006],[12.824020812000072,47.61250333800007],[12.82461371100004,47.61210408300008],[12.822798659000057,47.609679579000044],[12.821487756000067,47.61007618100007],[12.81893145500004,47.610849958000074],[12.816120020000028,47.611049612000045],[12.81521110600005,47.61118098700007],[12.813298926000073,47.61197830700007],[12.810110033000058,47.61069616800006],[12.807302911000022,47.610227458000054],[12.805595550000021,47.609196635000046],[12.804250943000056,47.60836046800006],[12.803276646000029,47.60729567200008],[12.803179713000077,47.60637785600005],[12.80286452100006,47.605446269000026],[12.801993175000064,47.605427932000055],[12.801191497000048,47.60573926700005],[12.800519697000027,47.60533034900004],[12.799424990000034,47.605187939000075],[12.797422426000026,47.60364811900007],[12.797107358000062,47.60271651700003],[12.796778716000063,47.60207955800007],[12.796438188000025,47.60177400100008],[12.794440879000035,47.60152183100007],[12.793545864000066,47.60098880600003],[12.792924299000049,47.600486800000056],[12.792485389000035,47.59922665300007],[12.791510612000025,47.598732090000055],[12.791208392000044,47.598076165000066],[12.791461909000077,47.59751600300007],[12.794068438000068,47.594636036000054],[12.794731919000071,47.59390289100003],[12.795318872000053,47.593254287000036],[12.794995681000046,47.592874547000065],[12.794485111000029,47.59228456500006],[12.793977931000029,47.59169848500005],[12.793269037000073,47.59087928500003],[12.791749821000053,47.590210127000034],[12.78936238700004,47.58915470300008],[12.78874703100007,47.58903019400003],[12.787793013000055,47.58883715400003],[12.78683651800003,47.58797628500008],[12.786767782000027,47.58734844300005],[12.786694092000062,47.58661282700007],[12.784063942000046,47.58518483200004],[12.782295861000023,47.582967119000045],[12.781493280000063,47.58248448100005],[12.781784511000069,47.58193605500003],[12.78168510200004,47.581123707000074],[12.780973986000049,47.58094835600008],[12.780206245000045,47.57958432700008],[12.779230115000075,47.57933187000003],[12.779094134000047,47.57904929800003],[12.779699447000041,47.57883442100007],[12.780132563000052,47.57831394500005],[12.780511612000055,47.57699779200004],[12.780389502000048,47.57625111600004],[12.78071602600005,47.57608965600008],[12.780642231000058,47.57524682600007],[12.780041934000053,47.57450966300007],[12.780820491000043,47.57450837300007],[12.780830303000073,47.574237194000034],[12.781726929000058,47.57392482500006],[12.782510682000066,47.57268633500007],[12.782616673000064,47.571975853000026],[12.782804738000038,47.57135809300007],[12.784052174000067,47.569884528000046],[12.784311395000032,47.56884870300007],[12.785354994000045,47.568232118000026],[12.786365558000057,47.56804435200007],[12.78707946700007,47.56713737500007],[12.788527825000074,47.56705331400008],[12.788896800000032,47.56619365000006],[12.79010743200007,47.565394119000075],[12.79073717500006,47.56507880400005],[12.79226833100006,47.56513568200006],[12.792818386000022,47.562660900000026],[12.792795209000076,47.562157968000065],[12.792713629000048,47.56096406700004],[12.792709127000023,47.56028993800004],[12.793482913000048,47.558925153000075],[12.79447934500007,47.55662972600004],[12.795260452000036,47.55628959200004],[12.79628905800007,47.55584533200005],[12.797408854000025,47.555363175000025],[12.797575927000025,47.55495510700007],[12.797767456000031,47.55450157300004],[12.79849130100007,47.55436039800003],[12.799398796000048,47.55417038100006],[12.800143555000034,47.55358451800004],[12.801037498000028,47.55285015000004],[12.80185328500005,47.552113690000056],[12.802443948000075,47.55139098600006],[12.803848238000057,47.549886902000026],[12.806513590000066,47.54923699700004],[12.807534333000035,47.54805564800006],[12.808103600000038,47.547877149000044],[12.81018848900004,47.54717847900008],[12.811259972000073,47.547375448000025],[12.813316371000042,47.546382625000035],[12.814692225000044,47.54630335000007],[12.815271951000057,47.54639588100008],[12.816394613000057,47.54534439200006],[12.817069378000042,47.54526006400005],[12.817694742000072,47.54490706400003],[12.818664425000065,47.545136101000026],[12.820788760000028,47.54560518100004],[12.822697207000033,47.54577256700003],[12.824758511000027,47.544991295000045],[12.82719964200004,47.544722292000074],[12.828707973000064,47.54455605100003],[12.831040575000031,47.54498867900003],[12.832488501000057,47.545050228000036],[12.833943927000064,47.54497926400006],[12.83545577500007,47.544905527000026],[12.837024523000025,47.54544755200004],[12.837439695000057,47.545590994000065],[12.838746043000071,47.545575874000065],[12.839244417000032,47.54557010100007],[12.842586094000069,47.54689145200007],[12.84398518300003,47.54664448400007],[12.84544592900005,47.546155474000045],[12.84756623900006,47.54603476300008],[12.848243135000075,47.54465664800006],[12.848100551000073,47.54304158100007],[12.848556238000072,47.54200689600003],[12.850180938000051,47.54042550300005],[12.849819788000048,47.53970547500006],[12.849674296000046,47.53848368200005],[12.850031510000065,47.53823809600004],[12.849699204000046,47.53715116800004],[12.850092772000039,47.53655991000005],[12.849342095000054,47.53606566500008],[12.849292737000042,47.535671207000064],[12.849755409000068,47.53519205900005],[12.850115278000033,47.53481736200007],[12.850097660000074,47.53370105400006],[12.850081948000025,47.53270551500003],[12.851037486000052,47.53162860100008],[12.851984968000068,47.530560716000025],[12.852927690000058,47.530305052000074],[12.853118704000053,47.52982140200004],[12.854658713000049,47.529792996000026],[12.854825817000062,47.528960221000034],[12.855901288000041,47.528622202000065],[12.857224598000073,47.52695861800004],[12.85769904700004,47.52681310500003],[12.858591346000026,47.52674614500006],[12.859303916000044,47.52701892500005],[12.862747081000066,47.527989640000044],[12.863459944000056,47.527960300000075],[12.863908112000047,47.52769293800003],[12.864050177000024,47.52633622900004],[12.864663559000064,47.52530494000007],[12.86702148300003,47.52409387000006],[12.867514182000036,47.523849391000056],[12.868789072000027,47.523866517000044],[12.869585825000058,47.523876091000034],[12.870905466000067,47.52360920500007],[12.87196934900004,47.52382856400004],[12.872515875000033,47.52335994100008],[12.874258638000072,47.52279379200007],[12.875508140000022,47.52282966100006],[12.877176661000021,47.522229141000025],[12.877927796000051,47.52236313900005],[12.880401723000034,47.52192234100005],[12.882607693000068,47.52059739200007],[12.883757821000074,47.51967316400004],[12.885112696000022,47.51859159900005],[12.884763772000042,47.517990431000044],[12.884771085000068,47.51760912700007],[12.884553450000055,47.517336716000045],[12.884403341000052,47.51687224900007],[12.884752702000071,47.51669132500007],[12.884866343000056,47.51639430900008],[12.88449212200004,47.51605604100007],[12.884658367000043,47.515255455000045],[12.885541529000022,47.51447375600003],[12.884685959000024,47.513695633000054],[12.884407993000025,47.51269691700003],[12.885751782000057,47.512443923000035],[12.88628334300006,47.512343842000064],[12.886385355000073,47.51180453600006],[12.887145863000057,47.51166653300004],[12.888624399000037,47.510625160000075],[12.889526325000077,47.509989877000066],[12.89094196700006,47.508992705000026],[12.893979924000064,47.50685258800007],[12.897604142000034,47.50443462900006],[12.899510649000035,47.503162528000075],[12.903018873000065,47.50081049500005],[12.90872405400006,47.49698922300007],[12.909533216000057,47.49661212900003],[12.910348643000077,47.49629689100004],[12.910963392000042,47.49622984800004],[12.911694518000047,47.49615010700006],[12.912331168000037,47.49587525000004],[12.914670924000063,47.49488826500004],[12.921805384000038,47.49185250900007],[12.924871832000065,47.49054342200003],[12.925356786000066,47.49042470100005],[12.928058428000043,47.48979790000004],[12.928438694000022,47.48970847900006],[12.929679231000023,47.488494063000076],[12.932019173000072,47.48752467000003],[12.932709715000044,47.488155719000076],[12.933712172000071,47.48770243700005],[12.934817746000022,47.48716482100008],[12.938811753000039,47.485403387000076],[12.940668273000028,47.48458850800006],[12.943432629000029,47.48335760000003],[12.944770156000061,47.48277908400007],[12.94558749500004,47.48241005700004],[12.946041861000026,47.48221102600007],[12.947842954000066,47.48135232300007],[12.949618377000036,47.48051215000004],[12.95175843100003,47.479537847000074],[12.954078993000053,47.47873021800007],[12.958877105000056,47.47734497700003],[12.960236846000043,47.47695454400008],[12.96152763400005,47.47634084900005],[12.963825133000057,47.47524844600008],[12.965356188000044,47.47492393600004],[12.969434352000064,47.47418338400007],[12.972730779000074,47.47408127600005],[12.972919685000022,47.47494896500007],[12.972669032000056,47.47533664800005],[12.972197521000055,47.476161062000074],[12.972260678000055,47.47672002500008],[12.972757645000058,47.47754665400004],[12.972652900000071,47.47840531300005],[12.973097687000063,47.47930852300004],[12.974421409000058,47.48089284800005],[12.974383507000027,47.48146268000005],[12.973744581000062,47.48216227700004],[12.973261684000022,47.483175731000074],[12.974111875000062,47.483975282000074],[12.975181471000042,47.48500891500004],[12.977907428000037,47.484625977000064],[12.977513819000023,47.48376680200005],[12.977894225000057,47.48294940400007],[12.980377282000063,47.48278559500005],[12.981033941000021,47.48293707000005],[12.983075462000045,47.48201027300007],[12.984318442000074,47.48195801400004],[12.985591470000031,47.481453128000055],[12.985477781000043,47.480932454000026],[12.985876407000035,47.48048328400006],[12.986446363000027,47.48030371600004],[12.986192822000021,47.479441361000056],[12.988050926000028,47.47828993400003],[12.989320496000062,47.47758517200003],[12.992087326000046,47.478555432000064],[12.994603891000054,47.47850167000007],[12.99425257300004,47.47465801800007],[12.994213052000077,47.47439822500007],[12.994150189000038,47.47420189700006],[12.993404834000046,47.471667757000034],[12.997387169000035,47.469548143000054],[12.998733366000067,47.467348953000055],[13.000475277000021,47.464789963000044],[13.00108399100003,47.46388374800006],[13.003285497000036,47.46337445000006],[13.00624606100007,47.463989250000054],[13.008590009000045,47.46604761200007],[13.010188390000053,47.468302996000034],[13.014712670000051,47.47047254700004],[13.016417606000061,47.47220397600006],[13.01748755500006,47.47432422500003],[13.018037179000032,47.47478717400003],[13.018165397000075,47.47540573500004],[13.018292336000059,47.47601810500004],[13.01953319100005,47.47744461500008],[13.020473318000029,47.47752537900004],[13.021120198000062,47.47735049700003],[13.022049383000024,47.47765855700004],[13.022383759000036,47.47902441000008],[13.02286818600004,47.47932748100004],[13.024226817000056,47.48050000400008],[13.024630185000035,47.481998892000036],[13.026077200000032,47.48285716100003],[13.026457724000068,47.48351349300003],[13.02582071300003,47.48502029800005],[13.026176948000057,47.48620866400006],[13.026885107000055,47.48667977800005],[13.029829089000032,47.48689940300005],[13.03134883100006,47.48680297700008],[13.032588419000035,47.486833973000046],[13.033556937000071,47.48718598000005],[13.034504171000037,47.48763316900005],[13.035085153000068,47.488478744000076],[13.036048143000073,47.48901068300006],[13.036578453000061,47.48902182100005],[13.037444162000043,47.489025893000075],[13.039301828000077,47.48863750700008],[13.04076430400005,47.48875786100007],[13.041903451000053,47.48873116400006],[13.04382570100006,47.49079603600006],[13.047208347000037,47.49199110100005],[13.04750486100005,47.492083027000035],[13.047309876000043,47.49242024100005],[13.045930225000063,47.49449339800003],[13.045769919000065,47.49473090500004],[13.047802949000072,47.49635532900004],[13.047839512000053,47.49810755200008],[13.047857401000044,47.49961520800008],[13.047867561000032,47.50047131000008],[13.047438917000022,47.501203830000065],[13.046250744000076,47.50323421000007],[13.046233491000066,47.50380009600008],[13.046314594000023,47.50399619600006],[13.046369740000046,47.50412953500006],[13.046982458000059,47.505733389000056],[13.046431114000029,47.50662737600004],[13.046589142000073,47.50816099700006],[13.046534589000032,47.50851916800008],[13.046241455000029,47.51044369300007],[13.046377129000064,47.51168656700003],[13.046654309000076,47.514225536000026],[13.046740721000049,47.51501701800004],[13.045741505000024,47.515908902000035],[13.044858542000043,47.51608946500005],[13.044051205000073,47.516018485000075],[13.043436928000062,47.516326192000065],[13.043532184000071,47.51882126800007],[13.044080798000039,47.51902320200003],[13.043349512000077,47.519864565000034],[13.04415192600004,47.520415212000046],[13.044947918000048,47.520551399000055],[13.045967363000045,47.520442563000074],[13.04673572200005,47.520759214000066],[13.047331500000041,47.52137729300006],[13.046663042000034,47.52257971100005],[13.046295385000064,47.52395487500007],[13.043981342000052,47.52510091400006],[13.042158697000048,47.52638037300005],[13.037566170000048,47.52742286100005],[13.035779159000072,47.52934362000008],[13.033434704000058,47.53022549000008],[13.032043873000077,47.53132780300007],[13.031252874000074,47.531957601000045],[13.03115819900006,47.532445289000066],[13.031031507000023,47.53308656100006],[13.031065752000075,47.53376004100005],[13.031076711000026,47.53397555500004],[13.031425065000064,47.53482151700007],[13.031743713000026,47.53560524000005],[13.034061002000044,47.53653111600005],[13.034361870000055,47.53748606700003],[13.034773409000024,47.538789061000045],[13.036883748000037,47.53955788900004],[13.037172647000034,47.540001894000056],[13.037719276000075,47.540841975000035],[13.037947943000063,47.541160286000036],[13.037834085000043,47.541270834000045],[13.037010082000052,47.54203630600006],[13.036896677000072,47.54215583200005],[13.037112083000068,47.54247445500005],[13.03744503200005,47.543015092000076],[13.04071312800005,47.54435015800004],[13.041813094000076,47.54508860200008],[13.04252315900004,47.54565486000007],[13.042809745000056,47.54588339900005],[13.043377467000028,47.54638758200008],[13.04497974900005,47.54781046800008],[13.04487326900005,47.55040224800007],[13.046065820000024,47.551129496000044],[13.048030878000077,47.55164081200007],[13.052008829000044,47.554370436000056],[13.055666647000066,47.55732324300004],[13.05534909000005,47.558751287000064],[13.055171081000026,47.55955175200006],[13.056541201000073,47.560363737000046],[13.056546138000044,47.56175236300004],[13.057295140000065,47.56210938700008],[13.05372036600005,47.56245434500005],[13.053050315000064,47.56251899000006],[13.050856404000058,47.56349607800007],[13.049745490000078,47.56462802600004],[13.049421102000053,47.56587451100006],[13.048793242000045,47.56690094600003],[13.047580018000076,47.56784712400008],[13.046302806000028,47.56873664400007],[13.047138415000063,47.569247209000025],[13.046684538000022,47.56965035600007],[13.046227823000038,47.57090517100005],[13.04445075700005,47.57167712100005],[13.043801303000066,47.57307485700005],[13.042720142000064,47.57375649900007],[13.042504274000066,47.57447182200008],[13.041829620000044,47.576227466000034],[13.041601311000022,47.576821564000056],[13.043623178000075,47.57738560900003],[13.045102628000052,47.57929296700007],[13.045077519000074,47.579581261000044],[13.045040572000062,47.58015753900003],[13.044017875000065,47.58094571500004],[13.044001975000072,47.581408718000034],[13.043959162000021,47.58265534700007],[13.043574404000026,47.58344655900004],[13.04518044100007,47.583690095000065],[13.048085939000032,47.58409606300006],[13.048710952000022,47.584233194000035],[13.05131482400003,47.58453913200003],[13.051948899000024,47.58490485400006],[13.053895655000076,47.585156461000054],[13.054417687000068,47.58539396700007],[13.058221780000054,47.585835849000034],[13.059947795000028,47.585699928000054],[13.060339483000064,47.58566907900007],[13.062624519000053,47.58620397100003],[13.063244687000065,47.586349133000056],[13.063863811000033,47.58649404700003],[13.065417257000036,47.58646636600008],[13.068128953000041,47.58596518300004],[13.069064597000022,47.586063886000034],[13.069425153000054,47.58610192000003],[13.07168641000004,47.58819726100006],[13.071881532000077,47.58837246200005],[13.071536996000077,47.589162834000035],[13.071136357000057,47.59148245200004],[13.070367787000066,47.59190028800003],[13.068483187000027,47.59201479400008],[13.06805481200007,47.592248192000056],[13.06746972700006,47.59352975200005],[13.066598998000075,47.59417070400008],[13.064986987000054,47.59538659400005],[13.06386935300003,47.59665373200005],[13.063877010000056,47.59708010700007],[13.063904858000058,47.59863092200004],[13.063173394000046,47.599655175000066],[13.06273614500003,47.601229931000034],[13.06277936600003,47.60155259000004],[13.062955511000041,47.602132855000036],[13.063505734000046,47.60242913700006],[13.065232846000072,47.603359107000074],[13.066250894000063,47.60390725000008],[13.06715379800005,47.60388592500004],[13.067760201000056,47.60413843100008],[13.069748848000074,47.604966465000075],[13.070147105000046,47.60546954100005],[13.070795157000077,47.606255066000074],[13.07146608000005,47.60706573600004],[13.071546801000068,47.607855047000044],[13.071741899000074,47.610340982000025],[13.071770513000047,47.610637014000076],[13.07361178900004,47.61230175600008],[13.074560448000057,47.612584887000025],[13.07522526400004,47.61285460900007],[13.075486287000047,47.613478841000074],[13.075800353000034,47.61376876500003],[13.07711862800005,47.61442740800004],[13.077651870000068,47.614533710000046],[13.077894431000061,47.61547953200005],[13.078083070000048,47.615724846000035],[13.078510903000051,47.616511642000034],[13.078698316000043,47.61673319600004],[13.079370299000061,47.61680051500008],[13.079627077000055,47.617341579000026],[13.079858890000025,47.617740498000046],[13.079773818000035,47.61813504200006],[13.080387578000057,47.61877468500006],[13.080895603000045,47.619071888000065],[13.081268003000048,47.61946746600006],[13.08166135600004,47.61958896700003],[13.082606493000071,47.619495149000045],[13.083195939000063,47.62000451400007],[13.083933040000034,47.62030815400004],[13.084774393000032,47.62061455000003],[13.087265737000052,47.62248842000008],[13.09122417900005,47.62494768700003],[13.09246543100005,47.62611504500006],[13.093322151000052,47.62692072500005],[13.095626720000041,47.62800763900003],[13.096195952000073,47.62897411200004],[13.09671666500003,47.630254199000035],[13.096703517000037,47.63079624300008],[13.096660910000026,47.631611554000074],[13.096886450000056,47.63200571900006],[13.097259896000025,47.632788047000076],[13.09781438300007,47.633979657000054],[13.098660589000076,47.63540706500004],[13.098618249000026,47.63561488100004],[13.098450426000056,47.63622132000006],[13.097823319000042,47.63847518500006],[13.097344287000055,47.639745438000034],[13.096997959000078,47.64071445500008],[13.095772230000023,47.64199488500003],[13.094579132000035,47.64284158400005],[13.093885016000058,47.64330771700003],[13.09199271500006,47.64426996700007],[13.091172510000035,47.64563745700008],[13.090649990000031,47.64675614600003],[13.089423796000062,47.64756810800003],[13.089079394000066,47.64803063100004],[13.08931638100006,47.64852458300004],[13.088488209000047,47.649020033000056],[13.088697211000067,47.649479033000034],[13.088322551000033,47.650058913000066],[13.088538021000033,47.65099698800003],[13.088792615000045,47.65131863300007],[13.08918056400006,47.652344275000075],[13.089635765000025,47.65330884000008],[13.08971949000005,47.653901603000065],[13.089571153000065,47.65409545700004],[13.089029306000043,47.65484585300004],[13.088298228000042,47.65500599300003],[13.08778755700007,47.65601733500006],[13.087448258000052,47.65626330900005],[13.086510579000048,47.657189638000034],[13.086083701000064,47.65778265000006],[13.08570921300003,47.658029455000076],[13.084621196000057,47.66036943700004],[13.081430709000074,47.66172199500005],[13.080095105000055,47.662435007000056],[13.07955054100006,47.66396054300003],[13.079285834000075,47.66475808200005],[13.079022984000062,47.66559154200007],[13.078063533000034,47.666851079000025],[13.077687295000032,47.668558630000064],[13.077159065000046,47.66943017800003],[13.07692363700005,47.67130601900004],[13.076942840000072,47.67268414600005],[13.076948060000063,47.673058817000026],[13.077517034000039,47.67369138300006],[13.07819137100006,47.67444106200003],[13.078019863000065,47.675058568000054],[13.077753940000036,47.676015980000045],[13.077728012000023,47.67643059100004],[13.077679938000074,47.67719934200005],[13.078030825000042,47.67819023700008],[13.078162293000048,47.67868672600008],[13.078478633000032,47.67969033600008],[13.078807023000024,47.68058660200006],[13.078739736000045,47.68132570800003],[13.079700569000067,47.68185012500004],[13.079485755000064,47.68246188100005],[13.07947372500007,47.683247261000076],[13.079746288000024,47.68408537400006],[13.079549979000035,47.684375516000046],[13.079648143000043,47.68490848300007],[13.080219842000076,47.68641754500004],[13.080793954000058,47.68702414400008],[13.079771287000028,47.68734577300006],[13.078061895000076,47.68835436400008],[13.07447712000004,47.69168461800007],[13.073751268000024,47.69169078600004],[13.073133536000057,47.69166970300006],[13.072658689000036,47.69202589400004],[13.07169737700002,47.691834490000076],[13.070703339000033,47.691691433000074],[13.070011160000035,47.691933789000075],[13.069337559000076,47.69185452600004],[13.068523044000074,47.692456622000066],[13.068070058000046,47.692895544000066],[13.067639349000046,47.69308413500005],[13.06743455700007,47.69355288700007],[13.06623161500005,47.69414033500004],[13.065855523000039,47.69436331700007],[13.065112545000034,47.69498749200005],[13.06448066400003,47.69571610400004],[13.063719028000037,47.69563887900006],[13.063108,47.69574843000004],[13.062316887000065,47.696123914000054],[13.061539867000022,47.696772657000054],[13.060834878000037,47.69711041800008],[13.060275754000031,47.69788487400007],[13.059368292000045,47.699261910000075],[13.05791696700004,47.700563861000035],[13.05698697300005,47.70138597600004],[13.055871712000055,47.703525238000054],[13.05460879900005,47.70440574300005],[13.052348187000064,47.70598172900003],[13.051107439000077,47.70698192200007],[13.050374323000028,47.70755584800003],[13.048969557000078,47.70867604100005],[13.047964911000065,47.70911921600003],[13.048806644000024,47.70996456600005],[13.049527983000075,47.71062572300008],[13.048780221000072,47.71097583400007],[13.04801204000006,47.711298541000076],[13.047069960000044,47.71188293300003],[13.045662088000029,47.71275622600007],[13.045020476000047,47.712772775000076],[13.04348929400004,47.712813710000034],[13.042814793000048,47.712831736000055],[13.04343175400004,47.713400671000045],[13.04389356400003,47.713826521000044],[13.042716333000044,47.714029950000054],[13.040208120000045,47.714484122000044],[13.038562159000037,47.71538571700006],[13.037604200000033,47.71555234400006],[13.037069837000047,47.71564528700003],[13.036155052000026,47.71586442100005],[13.035062738000022,47.71612607000003],[13.033881253000061,47.716409062000025],[13.032620762000022,47.71671096100005],[13.031223073000035,47.716931826000064],[13.03067636000003,47.71672918200005],[13.030218321000063,47.71655397600006],[13.029853005000064,47.71641423600005],[13.029548402000046,47.716296803000034],[13.02880166500006,47.715903928000046],[13.026929866000046,47.71642053100004],[13.026657586000056,47.71735300300003],[13.025823175000028,47.71812068600008],[13.025058287000036,47.71882437900007],[13.023884872000053,47.71990386600004],[13.022737133000021,47.720959675000074],[13.022163635000027,47.720972956000026],[13.020847168000046,47.72100343200003],[13.019622604000062,47.72129252800005],[13.019216528000072,47.72184197800004],[13.018662521000067,47.72259156900003],[13.01815420500003,47.722721773000046],[13.01750491200005,47.72288808300004],[13.01661825900004,47.722823805000075],[13.014501017000043,47.72277763200003],[13.012949066000033,47.72248655200008],[13.012281185000063,47.72236127900004],[13.012033619000022,47.72241162300003],[13.010685219000038,47.722685814000045],[13.010397878000049,47.722634576000075],[13.008958876000065,47.72237796600007],[13.008318558000042,47.722263774000055],[13.007380134000073,47.72030719400004],[13.005912339000076,47.719094006000034],[13.00476591100005,47.71814638600006],[13.005532709000022,47.717051756000046],[13.00573640500005,47.71678429700006],[13.004157426000063,47.715067231000035],[13.001998171000025,47.713201629000025],[13.000141769000038,47.71319699000003],[12.998363254000026,47.71319251500006],[12.997458965000021,47.713153919000035],[12.994918927000072,47.71304546600004],[12.993690701000048,47.71175322800008],[12.992300531000069,47.711095131000036],[12.991054309000049,47.70964005600007],[12.99143186300006,47.708669318000034],[12.987145491000035,47.70740654200006],[12.985472609000055,47.70743284200006],[12.978884621000077,47.707373146000066],[12.977312960000063,47.70753409900004],[12.975610976000041,47.70770837200007],[12.973525842000072,47.70706584200008],[12.969866471000046,47.70789828900007],[12.966124858000057,47.70795058600004],[12.96386655200007,47.70888287000008],[12.962390084000049,47.70946474500005],[12.961331649000044,47.709075065000036],[12.959529494000037,47.70926863600005],[12.95674757100005,47.70779919700004],[12.955512981000027,47.707779464000055],[12.953951464000056,47.70843693200004],[12.953279812000062,47.70871971500003],[12.953150576000041,47.70877412600004],[12.952151893000064,47.70959146100006],[12.950653806000048,47.71081744800006],[12.949512604000063,47.71099316500005],[12.948670562000075,47.71112281000006],[12.946789271000057,47.712145160000034],[12.946104899000034,47.712041928000076],[12.945237744000053,47.711911119000035],[12.944091411000045,47.71173818500006],[12.943701066000074,47.711657030000026],[12.942867239000066,47.71170040100003],[12.941269311000042,47.711783499000035],[12.940307387000075,47.711654975000044],[12.93913705500006,47.711498594000034],[12.938230905000069,47.71119900900004],[12.937374843000043,47.710915974000045],[12.936334569000053,47.710572021000075],[12.935457135000036,47.71028189800006],[12.934828107000044,47.71007390300008],[12.934367563000023,47.70992161600003],[12.933454796000035,47.70961978500003],[12.933088889000032,47.709522270000036],[12.93241736400006,47.709551806000036],[12.930869168000072,47.70961988600004],[12.92985972300005,47.70968624900007],[12.92945703600003,47.709700901000076],[12.928114332000064,47.70975782000005],[12.927685550000035,47.71001873300003],[12.927091696000048,47.71026795600005],[12.926327160000028,47.71036365400005],[12.925835885000026,47.710327402000075],[12.925392717000022,47.71032153900006],[12.925135885000032,47.71041761600003],[12.92405018200003,47.71146843100007],[12.923747229000071,47.71194714600006],[12.923658444000068,47.712515489000054],[12.923382605000029,47.713072262000026],[12.923037670000042,47.713646304000065],[12.922682751000025,47.71401604600004],[12.922087289000046,47.71423381200003],[12.921250522000037,47.714283883000064],[12.920535554000026,47.714441366000074],[12.919754554000065,47.71467897500003],[12.918905220000056,47.714949560000036],[12.918149023000069,47.71521807100004],[12.917673792000073,47.71551180400007],[12.917230265000057,47.715977889000044],[12.91688064400006,47.716457621000075],[12.91652872000003,47.71689020500003],[12.915977476000023,47.71705975800006],[12.915320070000064,47.71696421200005],[12.914664194000068,47.71690009100007],[12.914223263000054,47.716941331000044],[12.91337216200003,47.71710016500003],[12.91275481200006,47.71757312500006],[12.91266650700004,47.71793192500007],[12.912519329000077,47.71852992700008],[12.912045962000036,47.71894483400007],[12.911576055000069,47.719431032000045],[12.911151751000034,47.72013032500007],[12.910677204000024,47.72052146300007],[12.909690558000023,47.721256985000025],[12.909152479000056,47.72179226000003],[12.908538183000076,47.722210268000026],[12.90767389000007,47.72256243100003],[12.906525530000067,47.72287328300007],[12.905834997000056,47.72317401200007],[12.905046866000077,47.72364341900004],[12.904657500000042,47.724376653000036],[12.904415069000038,47.72515611600005],[12.904409815000065,47.725773454000034],[12.904553487000044,47.726556654000035],[12.904653888000041,47.72717297100007],[12.90520064900005,47.72754153600005],[12.905606530000057,47.72791321100004],[12.905734098000039,47.72836239900005],[12.906135378000045,47.728639015000056],[12.907130832000064,47.72880734300003],[12.907782144000066,47.72914979600006],[12.908157451000022,47.72961729800005],[12.908678274000067,47.73017674000005],[12.909560772000077,47.730948916000045],[12.910398959000077,47.73139549000007],[12.910945549000076,47.73190445500006],[12.911391997000067,47.73250013100005],[12.911607713000024,47.73307274700005],[12.911572523000075,47.73363683500003],[12.911373931000071,47.73427495300007],[12.911300451000045,47.73491030200006],[12.911507967000034,47.73531410900006],[12.911988631000042,47.73575411600007],[12.912262139000063,47.73622687500006],[12.912305576000051,47.73669064400008],[12.912486779000062,47.73698237100007],[12.912871045000031,47.737156938000055],[12.913566264000053,47.73739705000003],[12.914625770000043,47.73804455100003],[12.91499869200004,47.73874998800005],[12.91507430400003,47.739433467000026],[12.916080587000067,47.73923987100005],[12.916453538000042,47.73994530300007],[12.916610945000059,47.74056987200004],[12.91723201800005,47.74115560800004],[12.917437278000023,47.741893308000044],[12.918048641000041,47.74227941800007],[12.918972130000043,47.74274402400005],[12.919840952000072,47.74309160800004],[12.921077358000048,47.74349236900008],[12.921256933000052,47.74409584400007],[12.928727449000064,47.74485661400007],[12.929748741000026,47.74476116200003],[12.930788753000058,47.74476494400005],[12.931038588000035,47.74555651900005],[12.931608222000023,47.74593505400003],[12.932424119000075,47.74647721900004],[12.932691627000054,47.74725633200006],[12.933872679000046,47.74768097900005],[12.935195282000052,47.74731836800004],[12.936200671000051,47.749094961000026],[12.93590232300005,47.75387621600004],[12.937811830000044,47.756681032000074],[12.937615941000047,47.757205302000045],[12.93796935100005,47.75816204800003],[12.936898391000057,47.757950280000045],[12.936435880000033,47.75711148000005],[12.935187062000068,47.75695837300003],[12.935572752000041,47.75850111200003],[12.93871196200007,47.75948723300007],[12.939803145000042,47.75929152300006],[12.940677780000044,47.759874781000065],[12.944764888000066,47.76460280100008],[12.943370137000045,47.768295186000046],[12.942384192000077,47.77095944000007],[12.938671470000031,47.77059295200007],[12.934707254000045,47.770198891000064],[12.935494907000077,47.77123015700005],[12.93568345600005,47.77221533100004],[12.934453948000055,47.772265461000075],[12.932987364000041,47.77130454200005],[12.93273584700006,47.770629317000044],[12.930709191000062,47.77049050800008],[12.929137277000052,47.76960549200004],[12.92816762700005,47.76991022100003],[12.927707911000027,47.77005533500005],[12.92822325700007,47.77125640400004],[12.929147243000045,47.77220828600008],[12.929575148000026,47.77277422800006],[12.930838649000066,47.77405887400005],[12.931793299000049,47.77475693400004],[12.932725202000029,47.77580617700005],[12.933445537000068,47.77607784400004],[12.934204531000034,47.77632166700005],[12.93573365900005,47.77676409000003],[12.93769231400006,47.77725983500005],[12.938437580000027,47.77749494500006],[12.938778670000033,47.777649171000064],[12.939081556000076,47.77784021800005],[12.939497681000034,47.778163610000036],[12.939835627000036,47.77852471700004],[12.939968386000032,47.77878251200008],[12.940035844000022,47.77906874300004],[12.93999625400005,47.779348379000055],[12.93969584100006,47.78002050200007],[12.938790255000072,47.78233646800004],[12.938444540000035,47.783057934000055],[12.93860797700006,47.783796566000035],[12.938978776000056,47.78444491100004],[12.93951884200004,47.78508947100005],[12.940263473000073,47.785586703000035],[12.941597720000061,47.78601363400003],[12.942881236000062,47.78627038800005],[12.943978265000055,47.786336548000065],[12.944533344000035,47.78618181000007],[12.946005524000043,47.78605761500006],[12.946382333000031,47.78602120800008],[12.946799923000071,47.786101760000065],[12.947141543000043,47.78626494300005],[12.94737920600005,47.78648441000007],[12.947604431000059,47.78672214000005],[12.94790340000003,47.78710208600006],[12.949846139000044,47.78942336500006],[12.950456143000054,47.79015600100007],[12.950880446000042,47.79064102900003],[12.951382952000074,47.791088331000026],[12.951772610000035,47.79141227800005],[12.952188488000047,47.79172664300006],[12.952604370000074,47.79204100700008],[12.953033142000038,47.792346087000055],[12.953611656000021,47.792710742000054],[12.955219269000054,47.79364571200006],[12.956989574000033,47.794630948000076],[12.957772549000026,47.79508089800004],[12.958392012000047,47.795462592000035],[12.959288344000072,47.79604485900006],[12.960310918000062,47.79675016200008],[12.961129098000072,47.79737014600005],[12.961961970000061,47.79801677100005],[12.962338422000073,47.79834098300006],[12.962854440000058,47.798787934000075],[12.963470040000061,47.79935852400007],[12.964058992000048,47.79992971300004],[12.964635073000068,47.80051018300003],[12.965085819000024,47.80098557600007],[12.965609939000046,47.80159419200004],[12.966631555000049,47.80281202000003],[12.969614809000063,47.806161572000065],[12.97367753900005,47.81150985700003],[12.976444726000068,47.81515192100005],[12.977002997000056,47.815903598000034],[12.977462093000042,47.81654062400003],[12.977637894000054,47.816840694000064],[12.97784163600005,47.81718844800008],[12.978790917000026,47.81908226100006],[12.981902798000021,47.82469472900004],[12.982209466000029,47.82521830700006],[12.982702149000033,47.825989443000026],[12.983234411000069,47.82675068400005],[12.983819143000062,47.82749274400004],[12.984118184000067,47.82786362100006],[12.984443006000049,47.82821592600004],[12.98479450900004,47.828567623000026],[12.986417159000041,47.83003241400007],[12.987072083000044,47.830575028000055],[12.987665537000055,47.83095717400005],[12.988800015000038,47.83165187000003],[12.989208788000042,47.83190217400005],[12.995149044000073,47.835822187000076],[12.99851144400003,47.83813730800006],[12.99933124100005,47.83876600900004],[13.000004755000077,47.839407048000055],[13.00163638400005,47.84103330600004],[13.002718234000042,47.84208762600008],[13.003176995000047,47.84270659400005],[13.00338423900007,47.84310651100003],[13.003625443000033,47.84364953100004],[13.003779778000023,47.844059654000034],[13.00397489200003,47.84474761400003],[13.004035831000067,47.84515987800006],[13.00405765100004,47.84559102600008],[13.00406521900004,47.84600451500006],[13.004059898000037,47.846427292000044],[13.004027889000042,47.846850681000035],[13.003962668000042,47.847409723000055],[13.003897445000064,47.84796876400003],[13.003770501000076,47.84862814100006],[13.00329458300007,47.85031169200005],[13.001923754000074,47.85305187800003],[13.000915797000062,47.85479060700004],[12.988183717000027,47.868723113000044],[12.984675999000046,47.872760044000074],[12.983046219000073,47.87464061900005],[12.982542384000055,47.87525458600004],[12.981891393000069,47.87613268400003],[12.98126753300005,47.877019156000074],[12.980643650000047,47.87790562400005],[12.97608279900004,47.88518342000003],[12.973599885000056,47.88914446600006],[12.966651013000046,47.900368412000034],[12.965862666000021,47.90155861200003],[12.965339244000063,47.90232582300007],[12.964600349000023,47.903331706000074],[12.963994941000067,47.90406478700004],[12.963019102000032,47.90514794300003],[12.961374009000053,47.90675875800008],[12.960168251000027,47.90779310700003],[12.958280741000067,47.909643146000064],[12.956741751000038,47.91097272400003],[12.952146116000051,47.915131710000026],[12.95137156900006,47.91596743700006],[12.95050924700007,47.91692203300005],[12.948853546000066,47.91887462700004],[12.947298396000065,47.92069904400006],[12.946793648000039,47.92131286800003],[12.946417191000023,47.92181590400003],[12.94606790000006,47.92232732400004],[12.945644641000058,47.92296630000004],[12.945073888000024,47.923869367000066],[12.944617620000031,47.924652964000074],[12.942980452000029,47.92753133400004],[12.941960794000067,47.92937069300007],[12.941605585000048,47.93003511300003],[12.941350640000053,47.93056239900005],[12.94089553300006,47.931642725000074],[12.940648117000023,47.93232272300003],[12.94016707700007,47.93369140300007],[12.939679299000034,47.93519512700004],[12.939085311000042,47.937258788000065],[12.938852481000026,47.93823522900004],[12.938792673000023,47.93865024300004],[12.938822775000062,47.93953089200005],[12.938882339000031,47.940195051000046],[12.938889376000077,47.940608575000056],[12.938850476000027,47.941176006000035],[12.938731678000067,47.94229379600006],[12.93873250300004,47.94258155700004],[12.938638409000077,47.94284445400007],[12.938422652000042,47.94308308300003],[12.937822201000074,47.94366303000004],[12.937509742000032,47.94384086100007],[12.937311849000025,47.94389922900007],[12.936914290000061,47.943980030000034],[12.93630147600004,47.944038645000035],[12.935872742000072,47.944030206000036],[12.935518028000047,47.94389421400007],[12.93526584700004,47.94366600800004],[12.935079189000021,47.94340936400005],[12.934932201000038,47.94314284300003],[12.934811955000043,47.94287572800005],[12.934684623000066,47.942464880000045],[12.93463078600007,47.942187293000075],[12.93451602700003,47.94148838900003],[12.934415441000056,47.94107694600007],[12.934307686000068,47.940791567000076],[12.934134414000027,47.940534624000065],[12.93387021500007,47.94033366200006],[12.933705357000065,47.94024740000003],[12.932982185000071,47.93996671600007],[12.930825980000066,47.939394132000075],[12.93024359900005,47.93925419100003],[12.92963536600007,47.93913280700008],[12.928839088000075,47.93899760900007],[12.928219259000059,47.938912447000064],[12.92718499800003,47.93883647800004],[12.926341876000038,47.938837197000055],[12.924885107000023,47.93887849300006],[12.92425809100007,47.938919370000065],[12.923644884000055,47.938968930000044],[12.923233092000032,47.93903201100005],[12.922835989000077,47.93912174400003],[12.922454016000074,47.93924711300008],[12.922113911000054,47.939407525000036],[12.921646279000072,47.93969666100003],[12.920650316000035,47.94040217300005],[12.920044406000045,47.94087422200005],[12.919593031000034,47.94149573000004],[12.919472978000044,47.941777169000034],[12.91931220500004,47.94232030400008],[12.919252228000062,47.94273530900006],[12.919232801000021,47.94315841000008],[12.919234327000026,47.94428250300007],[12.919241640000052,47.94470501300003],[12.919289065000044,47.945126637000044],[12.919362792000072,47.94553868500003],[12.919464142000038,47.94596811000008],[12.919624260000035,47.94650415000007],[12.919918808000034,47.94732499500003],[12.920233065000048,47.948001515000044],[12.920487077000075,47.94881426400008],[12.920601654000052,47.949513187000036],[12.920763958000066,47.95091251400004],[12.920872219000046,47.951755468000044],[12.920812244000047,47.95217047700004],[12.920732289000057,47.95245103100007],[12.920496705000062,47.95283395200005],[12.920152814000062,47.95319228900007],[12.91988211100005,47.953405118000035],[12.91944195900004,47.95371162300006],[12.91883103400005,47.95408485300004],[12.917866941000057,47.95462776000005],[12.917030405000048,47.95504193700003],[12.916180042000065,47.95544742000004],[12.915642279000053,47.95567512700006],[12.91511788400004,47.95590253700004],[12.914197547000072,47.956246597000074],[12.913275441000053,47.95655471500004],[12.912311446000047,47.95682777700006],[12.911716644000023,47.95698477700006],[12.910125809000021,47.95730760500004],[12.909514113000057,47.95739302100003],[12.908276026000067,47.95753718600008],[12.907036618000063,47.95765438600006],[12.905796329000054,47.95775360600004],[12.904541785000049,47.957835138000064],[12.902885574000038,47.957916484000066],[12.899758630000065,47.95803906000003],[12.895590654000046,47.95822930700007],[12.893293752000034,47.95835151000006],[12.891224640000075,47.958477680000044],[12.889557620000062,47.95861301800005],[12.888118392000024,47.958752351000044],[12.886879775000068,47.95888729100005],[12.886254210000061,47.95896388500006],[12.885642886000028,47.95905815000003],[12.884846485000025,47.95920141100004],[12.884250266000038,47.95933131100003],[12.88365447700005,47.959470192000026],[12.883072927000057,47.959626746000026],[12.882307161000028,47.95985025700003],[12.881740277000063,47.96003346300006],[12.881186764000063,47.96021637500007],[12.880620738000061,47.96041754200007],[12.880081891000032,47.96062710900003],[12.879543039000055,47.96083667200003],[12.878834635000032,47.96113984800007],[12.87730304400003,47.96186558900007],[12.875785649000022,47.96260898500003],[12.874546130000056,47.96330973100004],[12.87330302600003,47.96416467700004],[12.872813734000033,47.96457097700005],[12.872184635000053,47.96513318600006],[12.871508920000053,47.96584028900003],[12.871002769000029,47.966453785000056],[12.870435760000078,47.967194498000026],[12.87009917000006,47.96771438800005],[12.869728910000049,47.96836990000003],[12.869399635000036,47.969042510000065],[12.869036255000026,47.969841759000076],[12.868653435000056,47.97079430900004],[12.868082411000046,47.97229051000005],[12.86709481400004,47.97526307500004],[12.863960349000024,47.98604903200004],[12.86368522500004,47.987017233000074],[12.863181547000067,47.98908752500006],[12.862953470000036,47.98991981300003],[12.862731886000063,47.990608071000054],[12.862462784000058,47.991423258000054],[12.862166905000038,47.992239022000035],[12.861810547000061,47.99319098700005],[12.86040450300004,47.996566750000056],[12.860128883000073,47.99724717600003],[12.859940506000044,47.99779082500004],[12.859534325000027,47.99910358400007],[12.859281946000067,48.00000078200003],[12.859201565000035,48.000270871000055],[12.858966427000041,48.00123820500005],[12.858684537000045,48.00262922600007],[12.857531277000021,48.00650672200004],[12.857278721000057,48.00745442200008],[12.856613346000074,48.00866798700008],[12.855168874000071,48.01049792500004],[12.853202956000075,48.01299578000004],[12.851375614000062,48.01483389300006],[12.84897466800004,48.01714113200006],[12.847214398000062,48.018606539000075],[12.844912144000034,48.02031194700004],[12.842279060000067,48.022224255000026],[12.83973622800005,48.024248784000065],[12.837093269000036,48.02596129900007],[12.83486861800003,48.02752206700006],[12.832463454000049,48.02905512800004],[12.807779572000072,48.043355345000066],[12.777197109000042,48.06181948600005],[12.770326974000056,48.06616179400004],[12.768234264000057,48.06754950100003],[12.767441981000047,48.06816928500007],[12.766640837000068,48.06879597900007],[12.765102171000024,48.07007699300004],[12.76238733300005,48.07236935000003],[12.761640305000071,48.07305026000006],[12.76117829900005,48.073509450000074],[12.760601399000052,48.07409691200007],[12.760153605000028,48.07457379200008],[12.759719210000071,48.075050393000026],[12.759095239000033,48.075782710000055],[12.758525702000043,48.07653188900008],[12.75736676200006,48.07818353300007],[12.75635670500003,48.07957129700003],[12.755780669000046,48.08047348200006],[12.755150323000066,48.08165557400008],[12.75477126100003,48.08246377100005],[12.754297251000025,48.08354371900003],[12.753789160000053,48.08475926400007],[12.753416629000071,48.08571121700004],[12.752710827000044,48.08818089600004],[12.749746842000036,48.103809279000075],[12.749352844000043,48.10635350900003],[12.749264125000025,48.10705681700006],[12.749174993000054,48.10775114000006],[12.749133365000034,48.108309589000044],[12.749125826000068,48.108732436000025],[12.749178520000044,48.10929794600003],[12.749344294000025,48.10998704700006],[12.749616994000064,48.11066496300003],[12.749909965000029,48.11119856700003],[12.750195549000068,48.11157044000004],[12.750898846000041,48.112266506000026],[12.75155492500005,48.11281064800005],[12.752058906000059,48.11325897800003],[12.752324112000053,48.11347837400007],[12.75347559200003,48.11428214500006],[12.754362707000041,48.114884483000026],[12.757950460000075,48.11767898800008],[12.758580946000052,48.11840843900006],[12.758958439000025,48.11920020200006],[12.759246806000021,48.11990813500006],[12.759280854000053,48.120649857000046],[12.759229689000051,48.121393332000025],[12.758789441000033,48.12263123100007],[12.75860381800004,48.12301743000006],[12.758265167000047,48.12383382100006],[12.758075181000038,48.12437734500003],[12.758007439000039,48.124657540000044],[12.757952705000037,48.12492847400006],[12.757972080000059,48.12535077600006],[12.758025534000069,48.12563747200005],[12.758138444000053,48.12604885600007],[12.758258591000072,48.12632518800007],[12.758457615000054,48.12656392200006],[12.758735930000057,48.12677404400006],[12.759205853000026,48.12706116500004],[12.759701385000028,48.12732077700008],[12.760222527000053,48.127552878000074],[12.760947056000077,48.12782575700004],[12.762423393000063,48.128379934000066],[12.762995765000028,48.12855700500006],[12.763580323000042,48.12870684100005],[12.763973677000024,48.12878866800003],[12.764594784000053,48.128856803000076],[12.765228487000059,48.12890668600005],[12.766049677000069,48.12894370400005],[12.766694321000045,48.128939391000074],[12.767323886000042,48.12889941100008],[12.767738295000072,48.12885487800003],[12.768552859000067,48.128748115000064],[12.773425136000071,48.127725034000036],[12.774308123000026,48.127449752000075],[12.775227115000064,48.12703094200003],[12.776187383000035,48.12658271300006],[12.777528938000046,48.125768298000025],[12.780667727000036,48.12386267200003],[12.781543992000024,48.12344469400006],[12.782338994000042,48.12311406400005],[12.783487686000058,48.122871418000045],[12.783889026000054,48.12283608900003],[12.784534422000036,48.12284964200006],[12.785165565000057,48.12284550000004],[12.785558908000041,48.12292724900004],[12.785914498000068,48.12306374500008],[12.786258339000028,48.123236459000054],[12.786589180000021,48.123418437000055],[12.786893602000077,48.12360995800003],[12.787185023000063,48.123810743000035],[12.787576652000041,48.12414434400006],[12.78790243800006,48.12450629800003],[12.788248334000059,48.125011732000075],[12.788794241000062,48.12577381400007],[12.789067201000023,48.12615485400005],[12.789460070000075,48.126803206000034],[12.790232838000065,48.12810917100006],[12.790625738000074,48.12875751900003],[12.79120484200007,48.12965380700007],[12.791724421000026,48.13042542200003],[12.792097241000022,48.13093028600008],[12.79255646200005,48.13155925700005],[12.794745790000036,48.13442751800005],[12.79603727600005,48.13619029400007],[12.796856091000052,48.13732438200003],[12.797489104000022,48.138219519000074],[12.798008032000041,48.13897313900003],[12.798155283000028,48.13924886700005],[12.798288692000028,48.13951589100003],[12.798395253000024,48.13978347700004],[12.798435114000029,48.140061452000054],[12.798347028000023,48.140477014000055],[12.797893561000024,48.141988480000066],[12.797758481000074,48.142548926000075],[12.797704366000062,48.14282886900003],[12.797656544000063,48.143243588000075],[12.797602011000038,48.143802350000044],[12.797602434000055,48.14409913900005],[12.797688445000063,48.14450206500004],[12.798049667000043,48.14537369400006],[12.798789150000061,48.14616415800003],[12.799996975000056,48.14690035900003],[12.802781846000073,48.14828169500004],[12.808184290000042,48.15050036500003],[12.810852854000075,48.15128903800007],[12.813060088000043,48.15171851400004],[12.815744175000077,48.152078404000065],[12.81853241600004,48.152212586000076],[12.819151352000063,48.152226502000076],[12.819769864000023,48.15223143000003],[12.820629648000022,48.152222264000045],[12.82375782400004,48.15214714000007],[12.825227363000067,48.15224195900004],[12.826378156000033,48.15247242500004],[12.827297246000057,48.15280972100004],[12.828358269000034,48.153358549000075],[12.829726895000022,48.15416129400006],[12.830196642000033,48.15443014700003],[12.83065381700004,48.15471725300006],[12.831529604000025,48.15532825500003],[12.832570814000064,48.15602567900004],[12.832988585000066,48.15633160200008],[12.833254384000043,48.156550809000066],[12.833480325000039,48.15677985700006],[12.833780235000063,48.15715123900003],[12.83428776900007,48.15793193800005],[12.834521399000039,48.158322715000054],[12.834654630000045,48.15858071400004],[12.834748428000069,48.15885753800006],[12.834848626000053,48.15926913900006],[12.834908964000022,48.15969058100006],[12.834982749000062,48.16067836800005],[12.835062121000021,48.16291622400007],[12.835102430000063,48.163481999000055],[12.835162775000072,48.16390344200005],[12.835229725000033,48.16418083800005],[12.835323537000022,48.164457663000064],[12.83548322400003,48.16470610600004],[12.835736075000057,48.16493457900003],[12.836180803000047,48.16523992000003],[12.836498681000023,48.16542203900008],[12.83684299600003,48.16559460000008],[12.83739048800004,48.16579881500007],[12.837771685000064,48.165898635000076],[12.838179318000073,48.16598889800008],[12.839411384000073,48.166169539000066],[12.839829461000022,48.16619661300007],[12.840244545000076,48.16616079100004],[12.840644914000052,48.166098298000065],[12.841472512000053,48.165972734000036],[12.842504433000045,48.16585187900006],[12.843354590000047,48.16577663800007],[12.844036889000051,48.16576208400005],[12.844940568000027,48.16591414100003],[12.845720404000076,48.166154506000055],[12.846331032000023,48.16642703500003],[12.847165782000047,48.16692322800003],[12.84774604200004,48.167453409000075],[12.848075891000065,48.16810316600004],[12.848694328000022,48.16943211800003],[12.848962077000067,48.170568668000044],[12.849168106000036,48.17130674100008],[12.84935770800007,48.17201944300007],[12.849557789000073,48.17226700500004],[12.849997826000049,48.172752281000044],[12.850197913000045,48.17299984200008],[12.850384568000038,48.17324769000004],[12.850531356000033,48.173505384000066],[12.850678575000074,48.17377206400005],[12.850872540000069,48.17417265800003],[12.851294223000025,48.17511703100007],[12.852103459000034,48.17685360400003],[12.852916932000028,48.177834560000065],[12.85317992900002,48.17814215900006],[12.853543744000035,48.17856766800003],[12.854415411000048,48.17935848800005],[12.85677170100007,48.18119600800003],[12.858146065000028,48.18225170100004],[12.859181957000033,48.18337175900007],[12.860312805000035,48.18468967100006],[12.86142024000003,48.18640788000005],[12.862406619000069,48.18827146900003],[12.862994007000054,48.18982949900004],[12.863372221000077,48.191477699000075],[12.863564305000068,48.19263813500004],[12.863795357000072,48.19403391700007],[12.86392180100006,48.19498461300003],[12.864029232000064,48.195539960000076],[12.864183900000057,48.19623820400005],[12.86435810200004,48.19678312100007],[12.86462595200004,48.19731703000008],[12.864847003000023,48.197717028000056],[12.865107511000076,48.19809818700003],[12.865307778000044,48.19834572500008],[12.865534493000041,48.19858369900004],[12.86577421800007,48.19881239800003],[12.866082876000064,48.19907559100005],[12.866393268000024,48.19937472400005],[12.866939072000037,48.19981270100004],[12.86737086900007,48.20011821300005],[12.867676080000024,48.200309521000065],[12.86814647600005,48.20057822000007],[12.86864375700003,48.200846339000066],[12.86931923800006,48.20118257200005],[12.869828239000071,48.20141445500008],[12.870912593000071,48.20185879400003],[12.872587967000072,48.20229660500007],[12.87448495700005,48.20265546400003],[12.876204378000068,48.20287533900006],[12.877881137000031,48.203096112000026],[12.881522370000027,48.20330288500003],[12.886611833000075,48.20342099800007],[12.901296331000026,48.20439253300003],[12.90255164100006,48.20447304800007],[12.90317301600004,48.20452243200003],[12.903592333000063,48.20456723500007],[12.904202028000043,48.20465284800008],[12.904812165000067,48.20474744200004],[12.905422743000031,48.204851018000056],[12.906251467000061,48.20501278000006],[12.907039432000033,48.205166433000045],[12.907853844000044,48.205310507000036],[12.910091960000045,48.20567523200003],[12.911732502000064,48.20592709400006],[12.913359178000064,48.20617024100005],[12.91460552600006,48.20634076400006],[12.915634165000029,48.20646208800008],[12.916472414000054,48.20654261200008],[12.917093387000023,48.20658293300005],[12.917725593000057,48.20657802900007],[12.918771839000044,48.20651004600006],[12.920433745000025,48.206374535000066],[12.921064176000073,48.20633367200003],[12.92169504900005,48.206301790000055],[12.92211218400007,48.20630159800004],[12.922516763000033,48.20631967000003],[12.922935670000072,48.20635541400003],[12.92438456900004,48.20653935300004],[12.925844703000053,48.20667805200003],[12.926884599000061,48.20675404900004],[12.928461725000034,48.20680917800007],[12.930945337000026,48.20669133700005],[12.933872958000052,48.206572607000055],[12.936219718000075,48.20653672600008],[12.944684450000068,48.20669256800005],[12.946644671000058,48.20687384200005],[12.947673847000033,48.20700385100008],[12.948500955000043,48.20712935500006],[12.94909866200004,48.207241973000066],[12.949888140000041,48.207422275000056],[12.950678521000043,48.20762054000005],[12.951456362000044,48.20783707000004],[12.953190402000075,48.208338093000066],[12.954721048000067,48.20880765100003],[12.956047395000041,48.20922778200003],[12.957144345000074,48.20963503400003],[12.958037428000068,48.210001857000066],[12.959095884000021,48.21044593100004],[12.960168251000027,48.210898678000035],[12.961036294000053,48.21130201900007],[12.962043735000066,48.21180117700004],[12.962859840000021,48.21224164700004],[12.963662967000062,48.21269139700007],[12.964772229000062,48.21334116600008],[12.965383576000022,48.21372324200007],[12.966567320000024,48.21451524500003],[12.967293014000063,48.21502967300006],[12.968717561000062,48.21605911800003],[12.970116182000027,48.21710711800006],[12.970941486000072,48.21772722800006],[12.972008484000071,48.21860275700004],[12.973709502000077,48.220039703000054],[12.974495924000053,48.22068765000006],[12.975462591000053,48.22143947500007],[12.97755963000003,48.22298439300005],[12.981720228000029,48.225670096000044],[12.983643104000066,48.226957980000066],[12.985133756000039,48.22794976400007],[12.98804982300004,48.22997073200003],[12.989361277000057,48.230876565000074],[12.990545821000069,48.23166831900005],[12.993846653000048,48.23383335700004],[12.994878380000046,48.234529586000065],[12.995757630000071,48.23513931200006],[12.996763427000076,48.235854103000065],[12.997882792000041,48.23668324600004],[12.998428810000064,48.237093627000036],[12.999003566000056,48.237539334000076],[13.000236554000026,48.238482814000065],[13.000770077000027,48.238911459000064],[13.001304067000035,48.23934908700005],[13.003373327000077,48.24111008700004],[13.005367524000064,48.24377229800007],[13.006464601000062,48.245213558000046],[13.007878203000075,48.24731325600004],[13.00981265300004,48.249850835000075],[13.010159877000035,48.250319673000035],[13.010916555000051,48.25115697700005],[13.01151193800007,48.25173709000006],[13.01215977000004,48.25228901600008],[13.01293054200005,48.252874115000054],[13.01399353000005,48.253641438000045],[13.014653028000055,48.25415710400006],[13.015074609000067,48.25449829400003],[13.015494814000022,48.25481252700007],[13.016081084000064,48.25521291800004],[13.016540744000054,48.25550825500005],[13.017192,48.25586217700004],[13.01775838900005,48.25613707800005],[13.018737649000059,48.256582438000066],[13.019645040000057,48.256939481000074],[13.022392356000069,48.25797400700003],[13.024532652000062,48.258686649000026],[13.026861944000075,48.25927582000003],[13.033262173000026,48.26055797600003],[13.034040753000056,48.26076494400007],[13.03498591600004,48.26106702300007],[13.036622468000076,48.26171298700007],[13.038540230000024,48.26206458300004],[13.040210690000038,48.26232290300004],[13.05005733300004,48.264214339000034],[13.052391199000056,48.26467435400008],[13.054647081000041,48.26527893800005],[13.056823511000061,48.26599956700005],[13.058699428000068,48.26669858000008],[13.060316053000065,48.267346469000074],[13.061061779000056,48.267700423000065],[13.062685919000046,48.26849091300005],[13.064715549000027,48.26967179700006],[13.066656829000067,48.270797583000046],[13.068550989000073,48.27183875400004],[13.07019032900007,48.27291440300007],[13.07230578900004,48.27409315700004],[13.074146984000038,48.274935543000026],[13.076291879000053,48.27585648000007],[13.078252421000059,48.27652463700008],[13.07951124300007,48.276866459000075],[13.081157708000035,48.27725630500004],[13.083234565000055,48.277693154000076],[13.085276719000035,48.27793401500003],[13.087622242000066,48.278132809000056],[13.089728378000075,48.27831179000003],[13.091697277000037,48.27832259000007],[13.093705897000063,48.278275294000025],[13.098604068000043,48.27790816500004],[13.104968598000028,48.277638109000065],[13.109753476000037,48.27749624200004],[13.112189400000034,48.27743847900007],[13.114710788000025,48.27737863300007],[13.11710548700006,48.27735030300005],[13.119591746000026,48.277433992000056],[13.122039851000068,48.277604222000036],[13.124408607000078,48.277890540000044],[13.126780444000076,48.27823385900007],[13.129069901000037,48.27863622000007],[13.131495254000072,48.27917810100007],[13.133667302000049,48.279783114000054],[13.137883294000062,48.281117806000054],[13.161080008000056,48.28950553000004],[13.163691051000058,48.290514779000034],[13.165526679000038,48.29121301600003],[13.167925826000044,48.292040393000036],[13.169885155000031,48.29264987400006],[13.171928475000072,48.29322872200004],[13.174358133000055,48.29382671500008],[13.177042787000062,48.29438989700003],[13.17915929700007,48.29473832600007],[13.181660579000038,48.295077347000074],[13.184027403000073,48.29530533500008],[13.186476622000043,48.29547413500006],[13.188837232000026,48.295587916000045],[13.191408470000056,48.29563937200004],[13.199749782000026,48.295266756000046],[13.203365530000042,48.29511211400006],[13.21306590000006,48.29469664800007],[13.245578120000062,48.29311726600008],[13.247891300000049,48.293014593000066],[13.249775156000055,48.29294958200006],[13.250828316000025,48.29297726300007],[13.252595833000044,48.29304057400003],[13.25415995700007,48.29324487300005],[13.255192760000057,48.29338998000003],[13.256789690000062,48.29373688000004],[13.257978693000041,48.294022],[13.259910924000053,48.29457638200006],[13.261433719000024,48.29504203300007],[13.26235603400005,48.29537877700005],[13.263445499000056,48.29581028500007],[13.264509067000063,48.29626042700005],[13.319537543000024,48.318590923000045],[13.325064241000064,48.320911986000056],[13.327857312000049,48.32250746300008],[13.32974884400005,48.32352787700006],[13.331088640000075,48.32435511600005],[13.333487899000033,48.32601675800004],[13.338293403000023,48.32945211400005],[13.340583125000023,48.33115390300003],[13.349136847000068,48.33718955300003],[13.351196343000026,48.33878470900004],[13.35314196400003,48.34039943700003],[13.361434541000051,48.34859727800006],[13.362974525000027,48.349943481000025],[13.36456415300006,48.35117598200003],[13.366317853000055,48.35232926900005],[13.367894500000034,48.35333727900007],[13.369868475000033,48.354409856000075],[13.37195478800004,48.35547947600003],[13.37385964200007,48.35632900100006],[13.400311917000067,48.36869025400006],[13.405872558000056,48.37100075400008],[13.407787487000064,48.37199933000005],[13.409313921000034,48.37308305500005],[13.410909914000058,48.37438972100006],[13.412274722000063,48.37559007300007],[13.41365963100003,48.37712707500003],[13.414582051000025,48.37845148700006],[13.415897139000037,48.380702169000074],[13.416895902000022,48.38236174600007],[13.41760279500005,48.383841704000076],[13.418152403000022,48.38551315300003],[13.418531333000033,48.38715165000008],[13.418683404000035,48.38875868300005],[13.418879704000062,48.39205054000007],[13.41903403300006,48.39369498500008],[13.419246773000054,48.39537535300008],[13.419511240000077,48.39697942200007],[13.419773490000068,48.39854608400003],[13.420345660000066,48.40059161500005],[13.421010140000021,48.40229750200007],[13.421672433000026,48.40396597900008],[13.42238425000005,48.40552074400006],[13.423179855000058,48.40701238500003],[13.424199088000023,48.40858243800005],[13.425609188000067,48.41079927200008],[13.427283656000043,48.41310913700005],[13.435729268000046,48.42536153900005],[13.438312342000074,48.42900214000008],[13.439130730000045,48.430441606000045],[13.439654614000062,48.43166410200007],[13.439958168000032,48.43296739700003],[13.440027883000027,48.43412704700006],[13.439806906000058,48.435446623000075],[13.439392087000044,48.43673676900005],[13.439222327000039,48.43748411400003],[13.438697598000033,48.43875516800006],[13.437965346000055,48.44014602100003],[13.436600810000073,48.44210350700007],[13.435435684000026,48.443784563000065],[13.434468345000028,48.444838796000056],[13.43292808600006,48.44636535800004],[13.431547267000042,48.447687675000054],[13.430210961000057,48.44903736300006],[13.429155938000065,48.45006530300003],[13.428516003000027,48.45085366700005],[13.427925763000076,48.451754992000076],[13.427343084000029,48.45333369700006],[13.427211731000057,48.453625130000034],[13.427074939000022,48.454051684000035],[13.427010039000038,48.45432335900006],[13.426959182000076,48.45460366100008],[13.426935338000021,48.454883247000055],[13.426960622000024,48.45530550700005],[13.427061451000043,48.456085708000046],[13.427147701000024,48.45684829800007],[13.427212970000028,48.457260501000064],[13.427270171000032,48.457537941000055],[13.427425096000036,48.45809174500005],[13.42755790800004,48.45850216000008],[13.42766914300006,48.45877816700005],[13.430275135000045,48.46388326600004],[13.430524140000045,48.46442557700004],[13.43100380900006,48.46542969700005],[13.431377074000068,48.46623866900006],[13.431741188000046,48.46689490700004],[13.432056698000054,48.46741745400004],[13.432487303000073,48.468053929000064],[13.43310811400005,48.46892831800005],[13.433374491000052,48.46930818900006],[13.434041285000035,48.47004637400005],[13.435177684000053,48.47139299200006],[13.435572168000022,48.47187744100006],[13.435853171000076,48.47227491700005],[13.436119047000034,48.47264579800003],[13.436749700000064,48.473681887000055],[13.437291207000044,48.47458536200003],[13.437718694000068,48.47539288100006],[13.438042965000022,48.47605916400005],[13.438625051000031,48.477411492000044],[13.442388453000035,48.48394344700006],[13.44456761500004,48.487421837000056],[13.446345370000074,48.490749133000065],[13.446799098000042,48.49153793600004],[13.446972171000027,48.49193827000005],[13.447070075000056,48.49221462400004],[13.447127429000034,48.49249205900003],[13.447215105000055,48.49304765000005],[13.447260676000042,48.49402730800006],[13.447313190000045,48.49444885400004],[13.447379222000052,48.49487004000008],[13.447436581000034,48.49514747500007],[13.447507458000075,48.49542455000005],[13.447640540000066,48.495834950000074],[13.447787142000038,48.49624498900005],[13.447987276000049,48.49664460200006],[13.448227426000074,48.49703414900006],[13.448507591000066,48.49741363000004],[13.449298336000027,48.49840041500005],[13.449489810000046,48.49865627600008],[13.449654250000037,48.49891285700005],[13.449894424000036,48.49930240100008],[13.450121083000056,48.49969230500005],[13.450975306000032,48.50128031500003],[13.452015174000053,48.503250319000074],[13.453051260000052,48.50493245300004],[13.45336724300006,48.505454952000036],[13.453749205000065,48.50594869200006],[13.454171737000024,48.50644134700008],[13.454607254000052,48.506924655000034],[13.455811052000058,48.508242332000066],[13.457689690000052,48.51041485600007],[13.457836420000035,48.510824885000034],[13.45796536100005,48.511388373000045],[13.45803967300003,48.51194432400007],[13.45798893400007,48.512224649000075],[13.457933381000032,48.512649088000046],[13.457827463000058,48.51291289100004],[13.457579871000064,48.513297470000055],[13.457378203000076,48.51354583500006],[13.457075426000074,48.513913890000026],[13.456717464000064,48.51426542100006],[13.454070373000036,48.516630891000034],[13.453583112000047,48.517084854000075],[13.452522047000059,48.51813006700007],[13.451879530000042,48.51870515200005],[13.451377618000038,48.51914149700008],[13.450848649000022,48.51957856200005],[13.44747555300006,48.522269195000035],[13.447103394000067,48.52261207300006],[13.446874041000058,48.522852156000056],[13.446543533000067,48.52321192000005],[13.446304476000023,48.523740229000055],[13.446107618000042,48.52429441100003],[13.445937265000055,48.524838887000044],[13.44584532400006,48.52511130600004],[13.445726329000024,48.52538444400005],[13.445313608000049,48.52617834600005],[13.445194608000065,48.52645148400006],[13.445116187000053,48.52672354200007],[13.445078885000044,48.52700350400005],[13.445055110000055,48.52728310700007],[13.445005982000055,48.52826530700003],[13.444904321000024,48.52882595300008],[13.444907598000043,48.529104835000055],[13.445014237000066,48.52952495100004],[13.445165230000043,48.52978190400006],[13.445356805000074,48.53003777600003],[13.445560826000076,48.530275319000054],[13.446228095000038,48.53100447400004],[13.446472165000046,48.53123195000006],[13.446781162000036,48.53141270100008],[13.447116675000075,48.53158374700007],[13.447826664000047,48.531897799000035],[13.448989095000059,48.532523757000035],[13.44929811000003,48.53270450100007],[13.449542202000032,48.53293197000005],[13.449746798000035,48.53317849100006],[13.44991135500004,48.533435077000036],[13.450049943000067,48.53371035400005],[13.450245954000025,48.534263071000055],[13.450365636000072,48.53467383700007],[13.450431749000074,48.53509503200007],[13.450430219000054,48.53551802900006],[13.450377339000056,48.536212369000054],[13.45033038300005,48.536780564000026],[13.450228766000066,48.53734121700006],[13.450163884000062,48.53761292000007],[13.450071942000022,48.53788534300003],[13.44993886800006,48.53814986500004],[13.44967755600004,48.538534792000064],[13.449072113000057,48.539279855000075],[13.448713908000059,48.53963136600004],[13.448414119000063,48.53982833400005],[13.448113786000022,48.54001631700004],[13.447629456000072,48.54029919100003],[13.446188335000045,48.54112048700006],[13.445731586000022,48.54141161700005],[13.445431774000042,48.54160857800008],[13.444689814000071,48.54211427300004],[13.44413239000005,48.54253406200007],[13.443589029000066,48.542962473000046],[13.44307380400005,48.54340813200008],[13.442716067000049,48.54376860900004],[13.44237077300005,48.54411075500008],[13.442053619000035,48.54447015100004],[13.441002542000035,48.54569496500005],[13.439592545000039,48.547262268000054],[13.439031768000063,48.54785310200003],[13.438756245000036,48.548229381000056],[13.438430370000049,48.54889496700008],[13.438017331000026,48.54968885300008],[13.437892816000044,48.550097117000064],[13.437684919000048,48.55092155400007],[13.43758854500004,48.55134707000008],[13.437445610000054,48.55189980800003],[13.437294017000056,48.55230879100003],[13.436877120000077,48.55348973800005],[13.436690851000037,48.55422360800003],[13.436681089000047,48.55451183900004],[13.436747111000045,48.55493304600003],[13.436803939000072,48.55520151300004],[13.436901912000053,48.55547788700005],[13.437089206000053,48.55588687800008],[13.437677096000073,48.55709516200005],[13.437890391000053,48.55748546400008],[13.438054967000028,48.55774207200005],[13.438286680000033,48.55798789800008],[13.438516771000025,48.55820677000003],[13.438801004000027,48.55842420400006],[13.439097693000065,48.55862330900004],[13.439575757000057,48.55890758900006],[13.440078732000075,48.55915520800005],[13.440608241000064,48.559393122000074],[13.441330502000028,48.55967990800008],[13.441884927000046,48.55988115700006],[13.443755600000031,48.56055136800006],[13.444852043000026,48.56097217000007],[13.445394045000057,48.561191731000065],[13.445742752000058,48.56135343900007],[13.446439628000064,48.56166786600005],[13.44694320900004,48.56192444000004],[13.447433801000045,48.56219035600003],[13.447743542000069,48.56238009300006],[13.44804083400004,48.56258815900003],[13.450104069000076,48.56397308100003],[13.450975200000073,48.563580898000055],[13.45194278300005,48.563163211000074],[13.45258446500003,48.56288455100008],[13.453326364000077,48.56210532600005],[13.455502584000044,48.560877352000034],[13.45553744700004,48.55993319500004],[13.455982345000052,48.558099810000044],[13.457053165000048,48.55760521800005],[13.45838473200007,48.55684469400006],[13.458876200000077,48.55618027000003],[13.460201402000052,48.55603055200004],[13.462099840000064,48.55545137400003],[13.462698210000042,48.554673423000054],[13.463660419000064,48.553980971000044],[13.464578582000058,48.55403972300007],[13.466502104000028,48.55382151900005],[13.468705192000073,48.55407199600006],[13.469723197000064,48.55459233600004],[13.471215585000039,48.55508418900007],[13.474598084000036,48.55586628400005],[13.47539216000007,48.556094958000074],[13.475437612000064,48.55654614000008],[13.475004409000064,48.55767688900005],[13.476408266000021,48.55893239000005],[13.475921124000024,48.55976695900006],[13.47526802300007,48.55993928200007],[13.475361614000064,48.56059156500004],[13.47459002000005,48.56235048800005],[13.475503498000023,48.56262357800006],[13.478927610000028,48.564650673000074],[13.479614155000036,48.56414407600005],[13.481276085000047,48.56383172000005],[13.482316379000054,48.563244147000034],[13.483414519000064,48.562594553000054],[13.484846922000031,48.56150918700007],[13.48547203000004,48.56205189000008],[13.485720378000053,48.56259284600003],[13.48625015400006,48.56304287300003],[13.486972574000049,48.56304098900006],[13.48783837600007,48.56282714000008],[13.488460447000023,48.562816558000065],[13.489131020000059,48.56292941700008],[13.489666658000033,48.56347451400006],[13.490093827000067,48.56371299400007],[13.491688948000046,48.56427708800004],[13.491837112000042,48.56514788800007],[13.491867004000028,48.56563520800006],[13.492279500000052,48.565873303000046],[13.492569409000055,48.56634867200006],[13.493368972000042,48.567100921000076],[13.493371086000025,48.56771995400004],[13.492981794000059,48.568099550000056],[13.491858222000076,48.568498987000055],[13.491412061000062,48.568975359000035],[13.491947996000022,48.56937757500003],[13.494348589000026,48.569324591000054],[13.495299586000044,48.56962032100006],[13.49593834500007,48.56942537200007],[13.496962802000041,48.57004055400006],[13.497791029000041,48.57008956800007],[13.499622931000033,48.570706675000054],[13.500387936000038,48.57060261000004],[13.501266268000052,48.571174091000046],[13.502030926000032,48.57135575900003],[13.503966050000031,48.57248194300007],[13.504550290000054,48.573811437000074],[13.505762118000064,48.57455242300006],[13.506034527000054,48.57518793700007],[13.506863026000076,48.57640364100007],[13.506979469000044,48.577710110000055],[13.506235210000057,48.57786127800006],[13.505357833000062,48.57759935300004],[13.504993217000049,48.57794368500004],[13.504914306000046,48.578410149000035],[13.505087306000064,48.579179329000056],[13.503619237000066,48.57981336100005],[13.502474684000049,48.58060936000004],[13.501675874000057,48.580891018000045],[13.503215427000043,48.58352911900005],[13.503848171000072,48.58471206300004],[13.504258932000027,48.58578672900006],[13.504664435000052,48.586775816000056],[13.505241950000027,48.587760236000065],[13.506301277000034,48.58887445000005],[13.507515055000056,48.58969872200004],[13.508992163000073,48.59060155200007],[13.510172563000026,48.59088379800005],[13.511514410000075,48.59099019800004],[13.513369470000043,48.59097808800004],[13.51575917100007,48.59067470400004],[13.517764317000058,48.590362930000026],[13.51997207100004,48.58984557800005],[13.522384162000037,48.58915116000003],[13.52483387500007,48.58836993800003],[13.526882360000059,48.58737103000004],[13.528762319000066,48.58643384000004],[13.530633339000076,48.585353990000044],[13.532896961000063,48.583663296000054],[13.542262031000064,48.57569138200006],[13.54316502100005,48.57498078800006],[13.54424705200006,48.57437956200005],[13.545508123000047,48.57388769900007],[13.546853356000042,48.57336493100007],[13.54797829000006,48.572762487000034],[13.551987304000022,48.570292219000066],[13.554662889000042,48.56880647000003],[13.556425172000047,48.56807205400003],[13.557682379000028,48.567523004000066],[13.558978960000047,48.566915702000074],[13.559890494000058,48.566347601000075],[13.56157561200007,48.565072317000045],[13.562603473000024,48.56430095500008],[13.564012708000064,48.563433305000046],[13.565805082000054,48.562497878000045],[13.567189170000063,48.56191662800006],[13.56951685200005,48.56128062600004],[13.578232807000063,48.559552746000065],[13.579948081000055,48.55944789000006],[13.581122734000076,48.55964380200004],[13.582091545000026,48.55998830400006],[13.582714788000033,48.56031384800008],[13.583566377000068,48.561209391000034],[13.58472279800003,48.56286173500007],[13.586661656000047,48.56560803100007],[13.587554060000059,48.56678329300007],[13.588829704000034,48.56789071000003],[13.59025563800003,48.56865102100005],[13.591754920000028,48.569209242000056],[13.593712971000059,48.56962028600003],[13.594763983000064,48.56981098300008],[13.596230754000032,48.56985570300003],[13.59798752000006,48.56972084100005],[13.599471892000054,48.56936497400005],[13.604386156000032,48.56742706700004],[13.606048971000064,48.56649460300008],[13.607577338000056,48.56548016000005],[13.608722500000056,48.564533606000055],[13.609815549000075,48.56344562600003],[13.611269839000045,48.56194743200007],[13.612455999000076,48.560971109000036],[13.61373715700006,48.560134977000075],[13.621887538000067,48.555647718000046],[13.62389517500003,48.55473382100007],[13.625784805000023,48.553994670000066],[13.62781790400004,48.553480035000064],[13.62926408800007,48.553210558000046],[13.631315427000061,48.552981094000074],[13.633418869000025,48.55289299400005],[13.636168607000059,48.55281511900006],[13.638314998000055,48.55272570900007],[13.640112159000068,48.55256043800006],[13.641816515000073,48.55217345900007],[13.643567774000076,48.55179073000005],[13.649976233000075,48.55031524700007],[13.651620426000022,48.54978265600005],[13.653285424000046,48.54890653800004],[13.654634888000032,48.547810784000035],[13.656018548000077,48.54591391800005],[13.657037641000045,48.54437034100005],[13.658089044000064,48.541997140000035],[13.660402600000054,48.53718754000005],[13.661525746000052,48.535926705000065],[13.662835416000064,48.534889132000046],[13.664587449000066,48.53403892000006],[13.666598950000036,48.53320982900004],[13.668959506000022,48.53245643100007],[13.672169620000034,48.53153574700008],[13.678835783000068,48.53017281400008],[13.682150043000036,48.529534598000055],[13.683589638000058,48.52917884800007],[13.685322360000043,48.52870033700003],[13.687338877000059,48.527956439000036],[13.689177979000021,48.52713188900003],[13.691259740000078,48.526071701000035],[13.692719716000056,48.52537233000004],[13.694778921000022,48.52462705800008],[13.696455362000052,48.52394996000004],[13.697909595000056,48.52316495500003],[13.69943469900005,48.522149272000036],[13.700541608000037,48.52131712400006],[13.702900850000049,48.51924851800004],[13.703798587000051,48.518508119000046],[13.705170421000048,48.51778255100004],[13.706617478000055,48.517301649000046],[13.708895938000069,48.51687440400008],[13.711492218000046,48.516456137000034],[13.714084698000022,48.51598076700003],[13.717138077000072,48.51532047300003],[13.720264941000039,48.514709064000044],[13.724394232000066,48.51382324100007],[13.725706156000058,48.51349922300005],[13.72735945200003,48.51300820800003],[13.72785030700004,48.51387592100008],[13.728406352000036,48.51416302900003],[13.728949922000027,48.51432084500004],[13.729763379000076,48.514571819000025],[13.730356228000062,48.51483146500004],[13.730818235000072,48.51521362700004],[13.731284608000067,48.51566160300007],[13.731952603000025,48.51615644100008],[13.732118310000033,48.51656044500004],[13.73194806400005,48.51698745400006],[13.731509783000035,48.51726403100008],[13.730918216000077,48.51762421700005],[13.730773869000075,48.518142788000034],[13.73100075700006,48.51857138400004],[13.731288833000065,48.519024570000056],[13.731258145000027,48.51946069100006],[13.731068291000042,48.52019161000004],[13.730696974000068,48.52120680200005],[13.731880532000048,48.521612910000044],[13.73317991600004,48.521948243000054],[13.733566004000068,48.52237813600004],[13.733635254000035,48.52303788100005],[13.733383163000042,48.52385973400004],[13.73314758600003,48.52454535700008],[13.733205614000042,48.52503574600007],[13.73358948300006,48.52543176900008],[13.734432291000076,48.52581437300006],[13.735035543000038,48.52605126000003],[13.735600954000063,48.52610259800008],[13.736449072000028,48.526179600000034],[13.737857336000047,48.52661351000006],[13.738906133000057,48.52673794200007],[13.740334897000025,48.52665157700005],[13.74196454500003,48.527521887000034],[13.743298895000066,48.52822982200007],[13.745568228000025,48.52832528000005],[13.746653924000043,48.529203292000034],[13.74754159300005,48.52987847500003],[13.748401453000042,48.53159934700005],[13.748831590000066,48.532360769000036],[13.74881275000007,48.53553854100005],[13.748849723000035,48.53812963900003],[13.748418915000059,48.53889778200005],[13.748488234000035,48.539669710000055],[13.747918520000042,48.53961508000003],[13.747185521000063,48.53965872300006],[13.745973581000044,48.540103087000034],[13.74499036700007,48.54041769400004],[13.744365622000032,48.54126951100005],[13.744263538000041,48.541891674000055],[13.74393404500006,48.54232998900005],[13.744056200000045,48.54308846400005],[13.74398042000007,48.543566971000075],[13.74372724400007,48.54407449100006],[13.74438159400006,48.54474592300005],[13.745093326000074,48.54520134100005],[13.745676117000073,48.54587486600008],[13.745925683000053,48.54639146200003],[13.746651108000037,48.54651306800008],[13.747658166000065,48.54655496300006],[13.748377868000034,48.547129201000075],[13.749255996000045,48.54738919500005],[13.750219980000054,48.54786099200004],[13.750603295000076,48.54823076500003],[13.751282506000052,48.54873473100008],[13.751649048000047,48.549390767000034],[13.752628941000069,48.550100222000026],[13.753600937000044,48.550690829000075],[13.754368587000044,48.55090640600008],[13.754783,48.551203808000025],[13.754660414000057,48.551517002000026],[13.754095534000044,48.55165268400003],[13.752740518000053,48.55231169100006],[13.751581265000027,48.55267915500008],[13.750435622000055,48.552712805000056],[13.749994923000031,48.552559046000056],[13.749158830000056,48.55239307700003],[13.747971063000023,48.55233268000006],[13.746652749000077,48.55246661600006],[13.746695458000033,48.55310835200004],[13.747663286000034,48.55417542400005],[13.74930228200003,48.55400825000004],[13.749263923000058,48.554509480000036],[13.747785132000047,48.55600556400003],[13.748044269000047,48.55666476500005],[13.748836435000044,48.55645543900005],[13.749004805000027,48.556540504000054],[13.749173774000042,48.55663455300004],[13.749354481000069,48.556701254000075],[13.749548721000053,48.55676755800005],[13.749741764000078,48.55681589500006],[13.749898400000063,48.55692830700008],[13.750013841000055,48.55703292600003],[13.750076350000029,48.55715710100003],[13.750256696000065,48.55742182900008],[13.750911995000024,48.558302662000074],[13.751271509000048,48.55881414700008],[13.75160336600004,48.559317444000044],[13.751910559000066,48.559857468000075],[13.751903740000046,48.56056872900007],[13.75196261900004,48.56080102000004],[13.752065427000048,48.560960014000045],[13.752311668000061,48.56119580100005],[13.752583781000055,48.56141282600004],[13.753310544000044,48.561940519000075],[13.753658125000072,48.562272335000046],[13.75378437300003,48.56253864800004],[13.75398623700005,48.563531804000036],[13.754124827000055,48.56377975300006],[13.754280896000068,48.56388317600005],[13.754605371000025,48.56407165500008],[13.754761442000074,48.56417507700007],[13.755239852000045,48.564638054000056],[13.75564100400004,48.56495928900006],[13.755977227000074,48.56512041700006],[13.756388663000052,48.56518932300003],[13.760205362000022,48.56548203300008],[13.760822913000027,48.56477978100003],[13.761439284000062,48.56402386900004],[13.76172770200003,48.56370902900005],[13.76194096000006,48.56345072200003],[13.762058877000072,48.56318622300006],[13.762324493000051,48.56249433100004],[13.762468872000056,48.562220051000054],[13.76264272000003,48.56198090600003],[13.762844235000046,48.56174994500003],[13.763154617000055,48.561524776000056],[13.764064089000044,48.56093091100007],[13.764448445000028,48.56059554600006],[13.764485143000059,48.56033344000008],[13.764465302000076,48.560036997000054],[13.76450079700004,48.559756924000055],[13.76464695900006,48.55950959100005],[13.764875520000032,48.55927782900005],[13.765384659000063,48.558983785000066],[13.765712755000038,48.55882109200007],[13.765926572000069,48.55857176100005],[13.766044455000042,48.55830725800007],[13.766251950000026,48.55776108500004],[13.766659307000054,48.55684983100008],[13.767454745000066,48.55507033900005],[13.76789403500004,48.554139285000076],[13.768093687000032,48.55388136700003],[13.76832160300006,48.55364061600005],[13.768633714000032,48.55344238200007],[13.769514807000064,48.55355021200006],[13.770427372000029,48.55364358600008],[13.771080666000046,48.55392511800005],[13.772670720000065,48.55466029300004],[13.773017524000068,48.55510129400005],[13.772496955000065,48.555447607000076],[13.772116091000044,48.55584995500004],[13.772337285000049,48.55644509100006],[13.772839930000032,48.55718232400005],[13.773381775000075,48.55782814500003],[13.774158739000029,48.557925502000046],[13.775165887000071,48.55807621100007],[13.775438407000024,48.558760075000066],[13.775536059000046,48.55953936600008],[13.776174480000066,48.56027257000005],[13.777166710000074,48.56087496200007],[13.777980051000043,48.56151272900007],[13.779184365000049,48.56189823700004],[13.780392737000057,48.56234378000005],[13.781017129000077,48.562866788000065],[13.781160113000055,48.563644735000025],[13.781085003000044,48.564549483000064],[13.781125401000054,48.56514996700008],[13.781659364000063,48.56567565300003],[13.78252896400005,48.56580029400004],[13.783379609000065,48.56631658400005],[13.78401014900004,48.56692964900003],[13.784819635000076,48.56750731900007],[13.785972843000025,48.567804024000054],[13.786848563000035,48.568018703000064],[13.787970727000072,48.56852690000005],[13.788874816000032,48.569161902000076],[13.789511538000056,48.56986500900007],[13.789975416000061,48.57069358700005],[13.790155705000075,48.57135008600005],[13.790461595000068,48.571852429000046],[13.79092212200004,48.571959080000056],[13.792022123000038,48.57213697200007],[13.793278135000037,48.572611057000074],[13.794139775000076,48.57261551000005],[13.794571917000042,48.57230180800008],[13.79522823600007,48.57195134800003],[13.79587785900003,48.57217269000006],[13.796457300000043,48.57269696000003],[13.797240636000026,48.57288422900007],[13.798517590000074,48.57299661800005],[13.799755404000052,48.57320041400004],[13.800493518000053,48.57338900700006],[13.801086760000032,48.57380275700007],[13.801236714000026,48.57418840500003],[13.801714383000046,48.574564284000076],[13.802384754000059,48.57511446900003],[13.802566802000058,48.57579925200008],[13.802867523000032,48.57690062700004],[13.80337363700005,48.577695781000045],[13.803697200000045,48.57846637200004],[13.804599412000073,48.579099658000075],[13.80548946500005,48.57955324500006],[13.805804951000027,48.580204034000076],[13.805244576000064,48.58061088300008],[13.804792735000035,48.58128457400005],[13.804976870000075,48.58199930500007],[13.805518058000075,48.582643361000066],[13.806190614000059,48.58322347500007],[13.80694330600005,48.58365114500003],[13.807207604000041,48.58421343300006],[13.807151863000058,48.58472525900004],[13.80678419800006,48.58530641900006],[13.806250176000049,48.58610260900008],[13.805890615000067,48.58680356100007],[13.805752694000034,48.58743787800006],[13.806105254000045,48.58796752600006],[13.806135722000022,48.588416761000076],[13.805702563000068,48.588699775000066],[13.805224255000041,48.58898413600008],[13.80519941800003,48.58928497200003],[13.805402333000075,48.58960902300004],[13.80599937200003,48.58974125200007],[13.806639527000073,48.58984218200004],[13.807113618000074,48.59006810400007],[13.807106010000041,48.590263855000046],[13.806929885000045,48.59046709100005],[13.80631323800003,48.59057548800007],[13.805396320000057,48.59065684800004],[13.804588919000025,48.590752931000054],[13.803689038000073,48.59108574000004],[13.80298719700005,48.59153862100004],[13.802254616000027,48.59193841900003],[13.801684483000031,48.59233337100005],[13.801456295000037,48.59297010000006],[13.801492793000023,48.59350895000006],[13.801534157000049,48.59411964600008],[13.801237206000053,48.59454244900007],[13.80080485700006,48.59496928500005],[13.800831618000075,48.59536444200006],[13.801076224000042,48.595771107000076],[13.801463842000032,48.59588554000004],[13.801933913000028,48.596015513000054],[13.802120724000076,48.59636990400003],[13.802036745000066,48.59673236700007],[13.801757126000041,48.59701067100008],[13.801423346000036,48.59729058800008],[13.801471109000033,48.59759513000006],[13.801714514000025,48.59798383100008],[13.80211797100003,48.59833176600006],[13.802755417000071,48.59852873900007],[13.80346436900004,48.59857959300007],[13.804195532000051,48.59855778800005],[13.804737135000039,48.59854163300008],[13.805101356000023,48.59871074700004],[13.805198431000065,48.598941825000054],[13.80553679600007,48.59912970800008],[13.80608449500005,48.59920335500004],[13.80685615300007,48.59937830200005],[13.807603173000075,48.59958997600006],[13.808100377000073,48.59971911500003],[13.80840923900007,48.59987187400003],[13.808427529000028,48.600141300000075],[13.808250154000064,48.60032657700003],[13.808188419000032,48.60061639000003],[13.808318691000068,48.600936465000075],[13.808630937000032,48.60110750700005],[13.808930334000024,48.60115217400005],[13.809245306000037,48.60139473900006],[13.809289463000027,48.60164539400006],[13.80910964700007,48.60179474900008],[13.808908846000065,48.60203472200004],[13.808791730000053,48.60230819100008],[13.808732828000075,48.60272955600004],[13.808647275000055,48.60297843500007],[13.80846841600004,48.60354171800003],[13.808200989000056,48.60399965600004],[13.807737876000033,48.60437344500008],[13.807347475000029,48.60461907500007],[13.807341115000042,48.60492523200003],[13.807550518000028,48.60507513300007],[13.807654883000055,48.60514984200006],[13.808226080000054,48.605168785000046],[13.808938793000038,48.60527348900007],[13.809384331000047,48.605440163000026],[13.809673468000028,48.60570149900008],[13.809849392000046,48.605894223000064],[13.809988500000031,48.60622957800007],[13.810380498000029,48.60666934900007],[13.810615819000077,48.606988210000054],[13.810935473000029,48.60729038000005],[13.811186358000043,48.60752376000005],[13.81122401500005,48.60776351100003],[13.810980631000064,48.60795498400006],[13.81056761900004,48.608165693000046],[13.810263142000053,48.608401497000045],[13.81040549100004,48.60860978200003],[13.810883251000064,48.60872303100007],[13.811336807000032,48.60879449300006],[13.811715642000024,48.60902404700005],[13.812105233000068,48.60909741800003],[13.812417396000058,48.60897473300008],[13.81298255400003,48.60880197500006],[13.813536,48.60877125700006],[13.813972083000067,48.60889990800007],[13.814310208000052,48.60915901000004],[13.814628938000055,48.60944703000007],[13.814646252000045,48.60970155900003],[13.814685852000025,48.60996959000005],[13.814665329000036,48.61029609700006],[13.814768901000036,48.61056221500007],[13.814994649000027,48.61073966200007],[13.815038100000038,48.61106425600008],[13.814770504000023,48.61121395400005],[13.814612414000067,48.61140288300004],[13.814607441000021,48.611643909000065],[13.814426102000027,48.611805195000045],[13.814189441000053,48.61209565900003],[13.814165066000044,48.61236560400005],[13.814352980000024,48.612615031000075],[13.814613528000052,48.612989808000066],[13.814828543000033,48.613323440000045],[13.815183218000072,48.61351119900007],[13.815603797000051,48.613725325000075],[13.815665693000028,48.61400685900003],[13.815660727000022,48.614247885000054],[13.815908783000054,48.614438834000055],[13.816277096000022,48.614512828000045],[13.816811205000022,48.61451101200004],[13.81716012000004,48.614613924000025],[13.817478082000036,48.61457606600004],[13.817550869000058,48.61438968700003],[13.817678965000027,48.61407412700004],[13.818000916000074,48.61378110100003],[13.818453704000035,48.61352666400006],[13.819042144000036,48.61338151700005],[13.81967901300004,48.61331993300007],[13.820262504000027,48.613415806000035],[13.82082852700006,48.613568877000034],[13.82133828800005,48.61383698700007],[13.82182094600006,48.61402089100005],[13.822322040000074,48.61416173200007],[13.82261277300006,48.61435138500008],[13.822695073000034,48.61461813600005],[13.82278315900004,48.61496972900005],[13.822801482000045,48.61523839800003],[13.822636660000057,48.61532835600008],[13.822425327000076,48.61536303100007],[13.822292437000044,48.61560789400005],[13.822309793000045,48.61586242200008],[13.822441497000057,48.61622687800008],[13.822753568000053,48.61641589300007],[13.823063715000046,48.61657662600004],[13.823389296000073,48.61696360500008],[13.823317493000047,48.61716413000005],[13.823119656000074,48.61739677300005],[13.823262086000057,48.617605043000026],[13.823587781000072,48.617680292000045],[13.824086987000044,48.617792845000054],[13.824729697000066,48.61781607300003],[13.825228908000042,48.61792862000004],[13.825499312000034,48.61813304800006],[13.82561849700005,48.618313674000035],[13.825718996000035,48.618549606000045],[13.825575550000053,48.61876862100007],[13.825300933000051,48.61899897500007],[13.825163071000077,48.619269648000056],[13.825035293000042,48.619688094000026],[13.825054456000032,48.61996886400004],[13.825148554000066,48.62036584600003],[13.825233578000052,48.62062983200008],[13.82518486600003,48.620897831000036],[13.825297223000064,48.62123503500004],[13.825319414000035,48.621560137000074],[13.825091377000035,48.621818708000035],[13.824705293000022,48.622052404000044],[13.824527881000051,48.62239830100003],[13.824461916000075,48.622740855000075],[13.824327064000045,48.62305586000008],[13.82441612100007,48.62337895700006],[13.824440325000069,48.62373361300007],[13.824242631000061,48.62410973400006],[13.823967978000042,48.624340086000075],[13.823562604000074,48.62461877900006],[13.823475347000056,48.624976779000065],[13.823474229000055,48.625287772000036],[13.82378619700006,48.62560418500004],[13.824222840000061,48.625783590000026],[13.824509499000044,48.62605633800007],[13.824773870000058,48.62632975400004],[13.825144658000056,48.62652593900003],[13.825605625000037,48.626734224000074],[13.826026049000063,48.62700295600007],[13.826358318000075,48.62728913800004],[13.826709856000036,48.62753032000006],[13.82690232400006,48.62773185000003],[13.826983331000065,48.627936727000076],[13.826996757000074,48.62831392000004],[13.826817348000077,48.62875971900007],[13.82649800400003,48.629505675000075],[13.82616192300003,48.63000667500006],[13.82581956200005,48.63041581500005],[13.825670332000072,48.63094188900004],[13.825718419000054,48.631646138000065],[13.825665755000045,48.63223067900003],[13.825518609000028,48.63278737400003],[13.82561080000005,48.63345961700003],[13.826064203000044,48.633998295000026],[13.826337010000032,48.63460375400007],[13.82628016700005,48.63512705900007],[13.826048988000025,48.635809005000056],[13.825433576000023,48.636287700000025],[13.824675374000037,48.636709309000025],[13.823860511000078,48.63697920000004],[13.823184237000078,48.637244932000044],[13.82247011100003,48.63763452200004],[13.821902930000022,48.63814243400003],[13.821719965000057,48.638853607000044],[13.821950720000075,48.63952170300007],[13.822406228000034,48.64009101800008],[13.823180987000057,48.64058939800003],[13.823718474000032,48.641002839000066],[13.823850591000053,48.64158184300004],[13.823701305000043,48.64210791800008],[13.823142443000052,48.64273831600008],[13.822384121000027,48.643159911000055],[13.821529197000075,48.64352303100003],[13.820854908000058,48.64381936800004],[13.82047037600006,48.64429111800007],[13.819806508000056,48.64474054900006],[13.819209994000062,48.64481977200006],[13.818810829000029,48.645077178000065],[13.81869725000007,48.645448765000026],[13.818497515000047,48.645914977000075],[13.818428055000027,48.64625456200008],[13.818175845000042,48.64663029600007],[13.817827041000044,48.64694755700003],[13.817068608000056,48.64736911700004],[13.816398409000044,48.647726668000075],[13.815967593000039,48.64819978600008],[13.815122957000028,48.648715957000036],[13.814465232000032,48.64925721700007],[13.814177187000041,48.649787425000056],[13.81429670700004,48.65018272300006],[13.814519078000046,48.65072835800004],[13.814546177000068,48.65112641800005],[13.814537486000063,48.65167896100007],[13.814633732000061,48.65241246000005],[13.81471747200004,48.65296224000008],[13.814990244000057,48.65356773500008],[13.815267193000068,48.65423446900007],[13.81535303000004,48.654814868000074],[13.815709911000056,48.655295118000026],[13.81610676200006,48.655682125000055],[13.816310403000045,48.655952178000064],[13.816425784000046,48.65628623500004],[13.816454988000032,48.656714916000055],[13.816475849000028,48.657021117000056],[13.816169775000049,48.65737136900003],[13.816133282000067,48.65763350800006],[13.816326695000043,48.65787977100007],[13.81657129000007,48.65807949600003],[13.81706914700004,48.65840667000003],[13.817342704000055,48.65863253200007],[13.817454766000026,48.65888122700005],[13.817555106000043,48.65915727700008],[13.817835711000043,48.66063069000006],[13.81734307000005,48.66182811300007],[13.817306581000025,48.66209025300003],[13.817316989000062,48.66224297000008],[13.817416723000065,48.66251003800005],[13.81757009000006,48.66276650000003],[13.817802287000063,48.663182634000066],[13.818067419000045,48.66372821400006],[13.818114083000069,48.664412749000064],[13.817953231000047,48.66521781300003],[13.81757318800004,48.665972271000044],[13.81753567100003,48.66668790400007],[13.817840697000065,48.66736471300004],[13.818192682000074,48.66809727800006],[13.818779711000047,48.668479845000036],[13.819196446000035,48.66889608500003],[13.81928035900006,48.66949376500003],[13.819399555000075,48.66997606800004],[13.819622390000063,48.67071249500003],[13.819659356000045,48.671254419000036],[13.819563237000068,48.671743165000066],[13.819486571000027,48.67251713500008],[13.819222075000027,48.673068080000064],[13.818824482000025,48.67356584400005],[13.818818374000045,48.674109058000056],[13.819121518000031,48.67475734400006],[13.819117358000028,48.67532908100003],[13.81871196700007,48.67571275500006],[13.818061769000053,48.67630381400005],[13.817646349000029,48.67717365500005],[13.817097814000022,48.677990313000066],[13.816799910000043,48.67868515300006],[13.816838795000024,48.67925560500004],[13.817167518000076,48.679645907000065],[13.817202518000045,48.68015931300005],[13.816883215000075,48.68054040700008],[13.816614758000071,48.68103430300005],[13.816775085000074,48.68148680100006],[13.81649884500007,48.68186660600003],[13.815864400000066,48.68205705100007],[13.814967617000036,48.68219816700008],[13.814338990000067,48.68247417100008],[13.813723955000057,48.68294982900005],[13.813075542000036,48.683569384000066],[13.81323001900006,48.68393632000004],[13.813654609000025,48.68446667500007],[13.81413782800007,48.68522392400007],[13.814307834000033,48.68587144000003],[13.814329200000032,48.68701501400005],[13.814213605000077,48.68818453000006],[13.813919372000043,48.68914600700003],[13.813466668000046,48.690421842000035],[13.813627799000074,48.691203003000055],[13.813676370000053,48.691916072000026],[13.814209493000021,48.69287666500003],[13.815253387000041,48.69394108900008],[13.816227396000045,48.694507427000076],[13.817604878000054,48.69466730500005],[13.817859294000073,48.694696832000034],[13.819004986000039,48.69461494500007],[13.820834476000073,48.694536405000065],[13.821976913000071,48.69440694900004],[13.823181409000028,48.69413271800005],[13.824082421000071,48.693629387000044],[13.824691318000077,48.69306334600003],[13.825722906000067,48.692365550000034],[13.826822875000062,48.692142044000036],[13.828182280000021,48.692029836000074],[13.82915814100005,48.69209583900005],[13.83010461300006,48.69225798600007],[13.830780244000039,48.692142441000044],[13.831558696000059,48.69195235400008],[13.832736947000058,48.69182170900007],[13.83357409000007,48.691963292000025],[13.834221891000027,48.69249163900008],[13.83451068100004,48.69303076800003],[13.834557931000063,48.69372006200007],[13.834667155000034,48.694788575000075],[13.834962482000037,48.69542277900007],[13.835212132000038,48.69591545000003],[13.835112514000059,48.696561521000035],[13.835295250000058,48.69712765600008],[13.836013322000042,48.697630067000034],[13.836568180000029,48.698375558000066],[13.836910874000068,48.69917506100006],[13.837216041000033,48.69995187400008],[13.83757629400003,48.70066740900006],[13.836814557000025,48.700608946000045],[13.836087279000026,48.70034904000005],[13.835717214000056,48.70012535700005],[13.835115426000073,48.700143439000044],[13.835034934000078,48.700521543000036],[13.83485145700007,48.70094970300005],[13.834297909000043,48.701154175000056],[13.833939090000058,48.701094510000075],[13.833778216000042,48.700817577000066],[13.833443559000045,48.70059282300008],[13.833047739000051,48.70051078700004],[13.832598783000037,48.70068862900007],[13.831972824000047,48.700871782000036],[13.83119081500007,48.70084829100006],[13.830299400000058,48.700781117000076],[13.830033953000054,48.700530796000066],[13.830082291000053,48.70020062100008],[13.830214264000062,48.70005578000007],[13.830021224000063,48.69982676800004],[13.82948863300004,48.69981926400004],[13.829034858000057,48.69992679400008],[13.828476487000046,48.70006094000007],[13.82791009600004,48.70007792100006],[13.827280922000057,48.70021418300007],[13.826479552000023,48.70042604300005],[13.825708770000062,48.70056653900008],[13.825311361000047,48.700461043000075],[13.825184336000063,48.70015960500007],[13.824704922000024,48.69989220200006],[13.824165925000045,48.69979094300004],[13.823380735000057,48.69972053200007],[13.822556948000056,48.69960431100003],[13.821974557000033,48.69938693900008],[13.821359972000039,48.699217489000034],[13.820614994000039,48.69921629700008],[13.819879613000069,48.699355694000076],[13.81937421300006,48.69974649000005],[13.818909002000055,48.70020652300008],[13.81834077800005,48.70071659400003],[13.817690553000034,48.70106475100005],[13.81710472800006,48.701317059000075],[13.816399912000065,48.701385078000044],[13.81575631100003,48.70131038400007],[13.815173929000025,48.70109297600004],[13.81471053000007,48.70105985400005],[13.814210135000053,48.70100435400008],[13.813809345000038,48.70114111600003],[13.812978814000076,48.70167507100007],[13.812579538000023,48.70206266800005],[13.812025884000036,48.70226702800005],[13.811570453000058,48.702351055000065],[13.811209752000025,48.702784456000074],[13.811417074000076,48.703224394000074],[13.81148279000007,48.703668556000025],[13.811223501000029,48.70402849100003],[13.811393829000053,48.70444605300003],[13.812018020000039,48.70475615500004],[13.812672833000022,48.70499489900004],[13.812762793000047,48.70527397600006],[13.81278992700004,48.70567232900004],[13.812854063000032,48.70609305800008],[13.812821564000046,48.706657551000035],[13.812531652000075,48.707088845000044],[13.81208575200003,48.70731346900004],[13.811614015000032,48.707679744000075],[13.811472092000031,48.708200540000064],[13.811182160000044,48.70863183000006],[13.81060259000003,48.70897783600003],[13.810048849000054,48.70918218700007],[13.809482346000038,48.70919907500007],[13.808727650000037,48.70905720800005],[13.808301180000058,48.70904643600005],[13.80761730200004,48.70890245100003],[13.80687217700006,48.70890116600003],[13.806482707000043,48.708912765000036],[13.805858499000067,48.708602632000066],[13.805406549000054,48.70821692700008],[13.804893352000022,48.707973924000044],[13.804148240000075,48.70797262100007],[13.80368796600004,48.70798631800005],[13.802957179000032,48.70819590100007],[13.802625399000021,48.70853449200007],[13.80142554400004,48.70967373800005],[13.800459175000071,48.710594710000066],[13.799750594000045,48.711132331000044],[13.799742218000063,48.711531741000044],[13.799276708000036,48.71199169500005],[13.798587608000048,48.712293929000055],[13.798004727000034,48.71259300300005],[13.797528068000076,48.71288892100006],[13.796685761000049,48.713150529000075],[13.79610694400003,48.71360061400003],[13.795110733000058,48.71444884600004],[13.794917175000023,48.714928274000044],[13.795092862000047,48.71529702200007],[13.795757343000048,48.71565126300004],[13.796475104000024,48.71567981900006],[13.797165390000032,48.71585877100006],[13.797939317000044,48.71615988900004],[13.798894501000063,48.71635589300007],[13.799837874000048,48.71637772500003],[13.80072124700007,48.71662571000007],[13.80146774700006,48.717077205000066],[13.801802339000062,48.71756587400006],[13.802073567000036,48.71823094300004],[13.80230381900003,48.71884736900006],[13.801990750000073,48.71923064100008],[13.801908358000048,48.71968184800005],[13.802458450000074,48.72001452300003],[13.80311290700007,48.720219437000026],[13.803252761000067,48.72061417300006],[13.803358397000068,48.72105978700006],[13.803614448000076,48.72150092800007],[13.80423809000007,48.72180647700003],[13.80476753000005,48.72238906700005],[13.805373885000051,48.72299429800006],[13.805843753000033,48.72325455300006],[13.806245183000044,48.72361656800007],[13.806578178000052,48.72408034400007],[13.807044678000068,48.724290834000044],[13.80772496700007,48.72432043800006],[13.808304293000049,48.72452756200005],[13.808442508000041,48.72489741100003],[13.808276488000047,48.725226460000044],[13.808306965000043,48.72567431200008],[13.80829983600006,48.72612328400004],[13.808636254000021,48.72663681600005],[13.809222385000055,48.72694345800005],[13.809704170000032,48.72737786300007],[13.809960312000044,48.72781899000006],[13.810030109000024,48.72829060300006],[13.810250344000053,48.72875773100003],[13.810762987000032,48.72909148800005],[13.811792001000072,48.729260260000046],[13.813000592000037,48.72929901100008],[13.813670777000027,48.72917929400006],[13.814197309000065,48.72916358400005],[13.814330494000046,48.72945878500008],[13.814472164000051,48.72987838800003],[13.815172898000071,48.73020651300004],[13.816022385000053,48.730505263000055],[13.816818994000073,48.73058120300004],[13.817704412000069,48.730853936000074],[13.818215429000077,48.731162777000065],[13.818805073000021,48.731519132000074],[13.819024089000038,48.731920348000074],[13.819348612000056,48.73257918400003],[13.819390816000066,48.733197190000055],[13.819134194000071,48.73365740100007],[13.818580361000045,48.733983581000075],[13.818165389000058,48.73423415700006],[13.817952796000043,48.73481213900004],[13.817851248000068,48.73543443900007],[13.817847764000021,48.73591090300005],[13.818144311000026,48.73637563900007],[13.818865015000029,48.73711038400006],[13.819312079000042,48.73784405300006],[13.819671223000057,48.738357318000055],[13.81992580900004,48.73892134300007],[13.820389531000046,48.73938384600007],[13.820533070000067,48.73990355300003],[13.820514787000036,48.74069009600004],[13.820377319000045,48.74131347500003],[13.820378733000041,48.74186124900007],[13.820734667000067,48.74232697300005],[13.820837407000056,48.74277644600005],[13.820695065000052,48.743328517000066],[13.820776485000067,48.74399299100003],[13.821292449000055,48.74469211300004],[13.821470330000068,48.74518697700006],[13.821360681000044,48.745690436000075],[13.82133103700005,48.74631059400008],[13.820941964000042,48.746941496000034],[13.820757170000036,48.747399564000034],[13.82089748900006,48.74787173400006],[13.82151157800007,48.748425015000066],[13.82183162800004,48.74889181200007],[13.821947392000027,48.74953144300008],[13.821965074000047,48.75031691600003],[13.821642994000058,48.75087436300004],[13.821497388000068,48.75137889900003],[13.821256937000044,48.75207681400008],[13.821042678000026,48.75263103800006],[13.821022774000028,48.753393817000074],[13.820949050000024,48.75389620400006],[13.821245673000021,48.754476243000056],[13.821662868000033,48.75489970800004],[13.822105532000023,48.755315205000045],[13.82222222300004,48.75570471800006],[13.82242553900005,48.75604400600008],[13.822574119000024,48.75637301900008],[13.822969474000047,48.756623200000035],[13.82356915300005,48.75670054100004],[13.824311006000073,48.75674980700006],[13.824895152000067,48.75686333300007],[13.825471901000071,48.75713189700008],[13.825823115000048,48.75752629900006],[13.82628625600006,48.75797689700005],[13.826720849000026,48.75827352700003],[13.82724044300005,48.75849615700008],[13.827905475000023,48.75873824700005],[13.828639421000048,48.75906220300004],[13.829260686000055,48.75938567900005],[13.829794889000027,48.759630740000034],[13.830341454000063,48.75985742300003],[13.831032811000057,48.76013309800004],[13.831797753000046,48.760443932000044],[13.833883569000022,48.76161958800003],[13.834681730000057,48.762059829000066],[13.83531669100006,48.76235990500004],[13.836126831000058,48.76265471900007],[13.83645824000007,48.76300741700004],[13.836508970000068,48.76342656300005],[13.836802558000045,48.76386743200004],[13.837114070000041,48.764249738000046],[13.837483323000072,48.764514262000034],[13.838191984000048,48.76492815700004],[13.838657793000039,48.765320331000055],[13.838944446000028,48.765659862000064],[13.839230108000038,48.765984917000026],[13.83943415400006,48.766399457000034],[13.839552599000058,48.76684558200003],[13.839582458000052,48.767279863000056],[13.839584445000071,48.76762794500007],[13.839441090000037,48.769372962000034],[13.839293748000046,48.770740946000046],[13.839506769000025,48.77160490300008],[13.836989693000078,48.77081186100003],[13.83354298200004,48.77072497200004],[13.831070243000056,48.770828109000036],[13.82713190100003,48.771961462000036],[13.82421303700005,48.77228087600008],[13.82094868300004,48.77234974500004],[13.816654407000044,48.77342115700003],[13.813168404000066,48.77398241800006],[13.810274408000055,48.77688589400003],[13.808776312000077,48.77848787200003],[13.80390238900003,48.78112642100007],[13.804114251000044,48.78123715400005],[13.804353914000046,48.78135606300003],[13.80705118800006,48.78267632500007],[13.807890949000068,48.78308734400008],[13.809177115000068,48.78478362900006],[13.809648825000068,48.78540572000003],[13.809870161000049,48.78714247500005],[13.810517160000074,48.78923874800006],[13.811357143000066,48.791167235000046],[13.812083622000046,48.79282903100005],[13.812990037000077,48.79333316900005],[13.813917513000035,48.79408194700005],[13.81460243400005,48.795876521000025],[13.815318339000044,48.796900727000036],[13.811842709000075,48.80008307000003],[13.807056497000076,48.80443856200003],[13.805042288000038,48.806280884000046],[13.802141963000054,48.80892367300004],[13.799767276000068,48.811082671000065],[13.797014794000063,48.813702927000065],[13.79572564700004,48.81499244300005],[13.796211307000021,48.815432325000074],[13.796890804000043,48.81578604100008],[13.797479775000056,48.81612276100003],[13.797957820000022,48.81658082300004],[13.798133188000065,48.816969150000034],[13.798192286000074,48.81740027700005],[13.798097367000025,48.81775726300003],[13.797947227000066,48.81799641200007],[13.797508570000048,48.818461281000054],[13.797296417000041,48.818686110000044],[13.79661343500004,48.81915890100004],[13.796244204000061,48.81942563200005],[13.795881637000036,48.81979054400006],[13.795617612000058,48.82029027200008],[13.79508327800005,48.82075865000007],[13.794501457000024,48.82140551800006],[13.794176600000071,48.821887366000055],[13.793469136000056,48.82243956600007],[13.793110525000031,48.82286338100005],[13.792688431000045,48.82323004400007],[13.792267663000075,48.823616343000026],[13.791506433000052,48.82381594700007],[13.790852168000072,48.82383529700007],[13.790234299000076,48.82395194800006],[13.789925808000078,48.82423653600006],[13.789679453000076,48.82455864000008],[13.78900875000005,48.82477522600004],[13.788389535000022,48.82487223100003],[13.787993135000022,48.82517908600005],[13.78796426200006,48.82563249300006],[13.788408579000077,48.82603256700003],[13.78906375300005,48.826465760000076],[13.789687865000076,48.826880190000054],[13.79043628200003,48.82736964800006],[13.791083498000035,48.82768500900005],[13.791784878000044,48.82792005700003],[13.792250994000028,48.82820141500008],[13.792300725000075,48.82849508800007],[13.792234492000034,48.828833357000065],[13.792330950000064,48.82937962900007],[13.792692772000066,48.829880510000066],[13.793092275000049,48.830221351000034],[13.792569380000032,48.83025801100007],[13.792093487000045,48.83027208900006],[13.791616263000037,48.83026652700005],[13.79110929500007,48.83026184300007],[13.79076436400004,48.830449130000034],[13.790632963000064,48.830708807000065],[13.79023253500003,48.83095676100004],[13.789764625000032,48.83108865100007],[13.789210144000037,48.831262449000064],[13.788497620000044,48.83130318000008],[13.78769320200007,48.831307268000046],[13.787136521000036,48.83100889000008],[13.786973167000042,48.830797275000066],[13.786581178000063,48.830730146000064],[13.785845567000024,48.83086992300008],[13.785351891000062,48.831061584000054],[13.784757014000036,48.83107914200008],[13.784043161000056,48.83110020700008],[13.783784770000068,48.831245565000074],[13.783720792000054,48.83162130100004],[13.783351395000068,48.83188799000004],[13.782784922000076,48.83188502300004],[13.782121244000052,48.83176686200005],[13.781505104000075,48.83147021000008],[13.78096041200007,48.831348535000075],[13.780487161000053,48.831401836000055],[13.780121731000065,48.83172742600004],[13.779633336000074,48.83199760900004],[13.778974429000073,48.83239087100003],[13.778494532000025,48.83234597900008],[13.777910804000044,48.83208770500005],[13.777420297000049,48.83188571100004],[13.777370652000059,48.83159203000008],[13.777414221000072,48.831354633000046],[13.777130604000035,48.83112687000005],[13.77644781600003,48.83116664800008],[13.776100170000063,48.83131461500005],[13.775813337000045,48.83148046700006],[13.775337428000057,48.83149447300008],[13.773933649000071,48.83057136300005],[13.773354062000067,48.83075037700007],[13.772492858000021,48.83088295300007],[13.771844495000039,48.830974033000075],[13.770165126000052,48.83133688000004],[13.769049818000042,48.83180807300005],[13.76829065100003,48.83218908400005],[13.767636588000073,48.83278621900007],[13.767252317000043,48.83335550100003],[13.76675890200005,48.83364898500008],[13.766069984000069,48.833728988000075],[13.765322146000074,48.833830644000045],[13.764746363000029,48.83424610600008],[13.764503318000038,48.834671736000075],[13.764509330000067,48.835209633000034],[13.764720889000046,48.83566178700005],[13.765147374000037,48.836167422000074],[13.765514946000053,48.83669471400003],[13.765593280000076,48.83740984700006],[13.765291305000062,48.83785713700007],[13.764746942000045,48.83829160500005],[13.763927378000062,48.83867435500008],[13.763440580000065,48.83906727200008],[13.763107106000064,48.83949554900005],[13.76311176400003,48.84001355800007],[13.763145216000055,48.84051079400007],[13.762973096000053,48.84109377100003],[13.762588705000042,48.84166304100006],[13.762048288000074,48.84215716600005],[13.761472377000075,48.84257261300007],[13.760963410000045,48.84308573900006],[13.760364031000051,48.84360151200008],[13.760008385000049,48.84415],[13.759752494000054,48.844835068000066],[13.759393432000024,48.845782228000076],[13.759125495000035,48.846288290000075],[13.758601764000048,48.84658262200003],[13.75818864100006,48.84699619300005],[13.757329379000055,48.84901967700006],[13.754883695000046,48.85477809300005],[13.754450574000032,48.85543891700007],[13.753344152000068,48.85591107000005],[13.752544279000062,48.856363169000076],[13.751750768000022,48.85691035200006],[13.750855537000064,48.85755577200007],[13.750146789000041,48.858291017000056],[13.74965798900007,48.859615302000066],[13.749313277000056,48.86093538200004],[13.749380159000054,48.86157219900008],[13.749413034000042,48.86188521500003],[13.749793338000075,48.862410787000044],[13.749970034000057,48.862654976000044],[13.750559895000038,48.86337613900008],[13.750755023000067,48.864132641000026],[13.750733968000077,48.86489545100005],[13.750763362000043,48.86584567500006],[13.750606074000075,48.86675703900005],[13.750316764000047,48.86699567900007],[13.749648139000044,48.86754718900005],[13.748485118000076,48.86851004300007],[13.74776821100005,48.86912641500004],[13.747342754000044,48.86978192400005],[13.747202387000073,48.87038148200003],[13.747191867000026,48.870761565000066],[13.746972667000023,48.87117640100007],[13.746743052000056,48.87160962400003],[13.746030853000036,48.87229730300004],[13.745091265000042,48.872824870000045],[13.744261363000021,48.87337305400007],[13.743762153000034,48.87400687600007],[13.743728257000043,48.874579512000025],[13.74377121200007,48.87522136500007],[13.743698092000045,48.87574750600004],[13.743112454000027,48.87616947300006],[13.742481222000038,48.876449853000054],[13.741417494000075,48.87674281400007],[13.740722112000071,48.877144143000066],[13.740542534000042,48.87736747200006],[13.740388720000055,48.87755875800008],[13.739878292000071,48.87802615800007],[13.737711989000047,48.879113337000035],[13.737243914000032,48.87967476800003],[13.737244392000036,48.880222583000034],[13.737030194000056,48.88080045400005],[13.736964933000024,48.88144545400007],[13.736863625000069,48.88209150000006],[13.736903320000067,48.88268581400007],[13.736980649000031,48.88330285300003],[13.737347938000028,48.88393528600005],[13.737828140000033,48.88463589400004],[13.737897632000056,48.88484599100008],[13.738054438000063,48.885320060000026],[13.737929348000023,48.88584781700007],[13.73743027100005,48.88599772400005],[13.737052293000033,48.88590415300007],[13.736834453000029,48.88572920900003],[13.736459688000025,48.88552572700007],[13.735853233000057,48.88563861500006],[13.735474169000042,48.88591162800003],[13.735268993000034,48.88608431700004],[13.735211181000068,48.88630036300003],[13.734786541000062,48.88643178600006],[13.734266304000073,48.886446887000034],[13.734037216000047,48.88649912600005],[13.733717788000035,48.88665335600007],[13.733258678000027,48.88680959200008],[13.732470650000039,48.886812674000055],[13.731953007000072,48.88672837800004],[13.731485964000058,48.88676574200008],[13.73114133100006,48.88701392200005],[13.730533260000072,48.88710300900004],[13.730051950000075,48.886926413000026],[13.729674036000063,48.88667536300005],[13.729104796000058,48.886263126000074],[13.728791068000021,48.88589112000005],[13.728800189000026,48.885485939000034],[13.728884573000073,48.88512621500007],[13.728678995000053,48.884751075000054],[13.72836686200003,48.88440284100005],[13.728095534000033,48.88412488000006],[13.727996521000023,48.883722832000046],[13.727714114000037,48.88327846200008],[13.727333074000057,48.882979858000056],[13.72710999700007,48.88291420000007],[13.726743681000073,48.88280638100008],[13.726118247000045,48.88263394400008],[13.725625922000063,48.88229092100005],[13.725382753000076,48.88189304600007],[13.72521800800007,48.88158817400006],[13.724735190000047,48.881387784000026],[13.724041283000076,48.88127753100008],[13.723169468000037,48.88073326700004],[13.722687969000049,48.880418133000035],[13.722394638000026,48.88004693100004],[13.722029743000064,48.879753734000076],[13.721473333000063,48.87946607500004],[13.720881982000037,48.87923004800007],[13.720219066000027,48.87907202400004],[13.71947786800007,48.87889094600007],[13.718628477000038,48.878814238000075],[13.717965573000072,48.87865620100007],[13.71740416800003,48.878292730000055],[13.716819558000054,48.87815773700004],[13.71605517300003,48.87820511700005],[13.715340820000051,48.87842823600005],[13.71469971700003,48.87859861100003],[13.714240075000077,48.87861187300007],[13.713673897000035,48.87875476800008],[13.713274331000036,48.879095353000025],[13.712599931000057,48.87934261300006],[13.71173400400005,48.87959539000008],[13.710944675000064,48.87984595200004],[13.71038014800007,48.880014094000046],[13.709765598000047,48.88000648900004],[13.70918768100006,48.87997251200005],[13.708536500000037,48.87999126700004],[13.707588914000041,48.88017042600006],[13.706794539000043,48.88034516700003],[13.705789444000061,48.88061590900003],[13.704391452000038,48.88114836300008],[13.703858512000068,48.88121431400003],[13.703220672000043,48.88143515200005],[13.702584494000064,48.88168125000004],[13.70193161900005,48.881674702000055],[13.701313712000058,48.88161652100007],[13.700585895000074,48.88163743100006],[13.700036261000037,48.88145072200007],[13.699243455000044,48.88106849500008],[13.698342414000024,48.88079061900004],[13.697338133000073,48.88069288400004],[13.696377162000033,48.88066983300007],[13.695720968000046,48.880612719000055],[13.695053119000022,48.88037875300006],[13.694681725000066,48.87998441000008],[13.694500196000035,48.87955931000005],[13.694060529000069,48.879293483000026],[13.693475356000022,48.87933117100005],[13.692780753000022,48.87929082900007],[13.692274096000062,48.87919062700007],[13.691670268000053,48.87893546600003],[13.691240995000044,48.87868964300003],[13.690539043000058,48.87859502800006],[13.689813509000032,48.87847240200006],[13.689132320000056,48.87836284400004],[13.688392626000052,48.87835533600003],[13.687706687000059,48.87850402400005],[13.687138658000038,48.87879273500005],[13.686362085000042,48.87921646700005],[13.685597791000077,48.87949644300005],[13.68454855300007,48.879741538000076],[13.68372673500005,48.87980804500006],[13.682811531000027,48.87977683400004],[13.681886931000065,48.87960248500008],[13.681194472000072,48.87932112000004],[13.680722810000077,48.87884078500008],[13.678302742000028,48.87877482000005],[13.676238050000052,48.87871667700006],[13.673913673000072,48.879278026000065],[13.671602417000031,48.88007144100004],[13.669917608000048,48.882452457000056],[13.669448086000045,48.883203974000025],[13.669225768000047,48.88356137400007],[13.66953077200003,48.88592921700007],[13.66797603200007,48.88762078900004],[13.669582412000068,48.890266702000076],[13.665879732000064,48.892658460000064],[13.665063351000072,48.89318575600004],[13.66125368400003,48.89422108900004],[13.660233251000022,48.89448408000004],[13.657589802000075,48.893949441000075],[13.655665315000022,48.89356016500005],[13.655197417000068,48.89346551500006],[13.654448062000029,48.89474699800007],[13.651426492000041,48.899927570000045],[13.648175665000053,48.90558263200006],[13.647475789000055,48.90679065300003],[13.64663691900006,48.90855790300003],[13.646181067000043,48.909563793000075],[13.645301482000036,48.911371],[13.64159259400003,48.916842356000075],[13.639938495000024,48.91641259600004],[13.638086346000023,48.91906087000007],[13.637972311000055,48.92001860500005],[13.637668684000062,48.92256845000003],[13.63716370000003,48.92447307100008],[13.637201451000067,48.92463404500006],[13.637455591000048,48.92537027700007],[13.638018963000036,48.925697402000026],[13.634822746000054,48.92861679600003],[13.63269695400004,48.930591528000036],[13.631140591000076,48.93061965000004],[13.630381280000051,48.93134311800003],[13.622335608000071,48.93899525200004],[13.62415128200007,48.942356165000035],[13.627813566000043,48.94478511700004],[13.630738563000023,48.94672481600003],[13.630758265000054,48.94710405200004],[13.630282115000057,48.94772984200006],[13.629711798000073,48.948318276000066],[13.629220834000023,48.94878999400004],[13.628668331000029,48.94920619200008],[13.628045671000052,48.949433543000055],[13.62758543800004,48.949484607000045],[13.626817563000031,48.949258076000035],[13.625989399000048,48.948995066000066],[13.625227688000052,48.94886375600004],[13.624120196000035,48.94876120500004],[13.623193589000039,48.94876806700006],[13.622420173000023,48.94890420100006],[13.621811664000063,48.94890214700007],[13.621403125000029,48.94885633500007],[13.620919557000036,48.94854548500007],[13.620437222000021,48.94825368000005],[13.619815215000074,48.948042103000034],[13.619051082000055,48.94787265700006],[13.618373707000046,48.94770078200003],[13.617752943000028,48.94750824000005],[13.617094682000072,48.94718317600007],[13.616684418000034,48.946660370000075],[13.616247699000041,48.946176464000075],[13.615607347000036,48.94567916300008],[13.614906726000072,48.94514538000004],[13.614177205000033,48.94461240000004],[13.613375654000038,48.94431039600005],[13.612476822000076,48.94429731500003],[13.611673307000046,48.94441513400005],[13.61074800700004,48.94444093800007],[13.609755084000028,48.94431597400006],[13.60884402000005,48.94411239500005],[13.608188312000038,48.94382537200005],[13.607787955000049,48.94345491000007],[13.607791189000068,48.943054122000035],[13.608166887000039,48.942700065000054],[13.60825150200003,48.94232853500006],[13.607986372000028,48.941859571000066],[13.607876299000054,48.941553009000074],[13.608540677000065,48.94048719700004],[13.605484554000043,48.94168164200005],[13.605076157000042,48.94190974900005],[13.604536906000021,48.942296311000064],[13.603755117000048,48.942565767000076],[13.603116063000073,48.942862210000044],[13.60248690700007,48.94331318800005],[13.602143229000035,48.94381815000003],[13.601807466000025,48.944446741000036],[13.601182237000046,48.94495952700004],[13.600953563000076,48.94505877200004],[13.599898089000021,48.94545965800006],[13.598699846000045,48.94583353500008],[13.597832032000042,48.94622918700003],[13.597022995000032,48.94680897900008],[13.59644658600007,48.947351344000026],[13.59587411800004,48.94795552200003],[13.595254711000052,48.94856099900005],[13.594747050000024,48.94926100100008],[13.593828138000049,48.949777149000056],[13.593114824000054,48.950385218000065],[13.592550180000046,48.951113012000064],[13.592161388000022,48.95165015400005],[13.591631799000027,48.95219119500007],[13.590728726000066,48.952773542000045],[13.590251959000057,48.953406001000076],[13.58978899300007,48.95425481500007],[13.589499930000045,48.95488207300008],[13.589531500000021,48.95537660200006],[13.589535871000066,48.95618151300005],[13.589616350000028,48.95670565100005],[13.590199300000052,48.956999136000036],[13.590543636000064,48.95723730200007],[13.590517443000067,48.95772296400003],[13.590982289000067,48.958215962000054],[13.591729770000029,48.95887643700007],[13.592336462000048,48.95954081000008],[13.592673396000066,48.960398432000034],[13.592807380000067,48.96082819000003],[13.592566631000068,48.961670868000056],[13.59231660000006,48.96217320200003],[13.591734031000044,48.96262282300006],[13.59109266400003,48.96288829200006],[13.590596060000053,48.963211674000036],[13.590032326000028,48.96339858700003],[13.589499084000067,48.96370648900006],[13.589141312000038,48.96399505800008],[13.588842318000047,48.96446777600005],[13.588723195000057,48.96481166400008],[13.58816587900003,48.96521462000004],[13.587460086000021,48.96565164700007],[13.58711412200006,48.966125659000056],[13.586912926000025,48.966657593000036],[13.586568920000047,48.96716251200007],[13.586186527000052,48.96783491000008],[13.585477690000062,48.96851164600008],[13.585163389000058,48.96864160100006],[13.581907760000036,48.96998762900006],[13.580125158000044,48.97072456600006],[13.577564153000026,48.97037020300007],[13.57589131800006,48.97013870100005],[13.575772973000028,48.96977745400005],[13.574971159000029,48.96732977800008],[13.57275676300003,48.96606889800006],[13.571597282000027,48.96625736300007],[13.56914048300007,48.966656654000076],[13.566827327000055,48.96897097300007],[13.563251411000067,48.97048629600005],[13.557067931000063,48.967095147000066],[13.551276391000044,48.96761088100004],[13.54978905400003,48.967340739000065],[13.548029512000028,48.96688981400007],[13.543487458000072,48.96826922200006],[13.542616569000074,48.96895673600005],[13.537339451000037,48.97248240500005],[13.536922520000076,48.973461962000044],[13.533633705000057,48.973964557000045],[13.532207391000043,48.974009444000046],[13.529236960000048,48.97410286300004],[13.52243708900005,48.971660331000066],[13.520579281000039,48.97083923200006],[13.515861614000073,48.96875389300004],[13.510159785000042,48.96896961600004],[13.507073735000063,48.96908625200007],[13.50734525200005,48.967338647000076],[13.507629227000052,48.96551071600004],[13.506356898000035,48.96282140300008],[13.506276067000044,48.962400511000055],[13.505915472000027,48.96099699300004],[13.505820442000072,48.960567482000044],[13.50603912500003,48.95890853000003],[13.506526535000035,48.95521060100003],[13.507889130000024,48.95185026900003],[13.508278398000073,48.950890197000035],[13.508054086000072,48.948276528000065],[13.507819591000043,48.94554389900003],[13.508161118000032,48.94309379400005],[13.50825801700006,48.942165884000076],[13.506579551000073,48.94197786600006],[13.502521552000076,48.94203082300004],[13.502022101000023,48.942036865000034],[13.499067793000052,48.94116213400008],[13.495621999000036,48.94134472800005],[13.492246100000045,48.94310057000007],[13.490134617000024,48.944534383000075],[13.487570615000038,48.945814787000074],[13.486109967000061,48.94689719300004],[13.48553213200006,48.94764497800003],[13.484434435000026,48.94813875600005],[13.483695996000051,48.94953099800006],[13.483552075000034,48.95126386800007],[13.47977263100006,48.95184118100008],[13.477625490000037,48.95308929500004],[13.475987747000033,48.95314879400007],[13.474567687000047,48.953349469000045],[13.47309840500003,48.953567245000045],[13.471361448000039,48.95413746000003],[13.469367889000068,48.95435723700007],[13.466983115000062,48.955638891000035],[13.465885271000047,48.956626193000034],[13.465363810000042,48.95709512800005],[13.462687763000076,48.95893044700006],[13.461502288000077,48.960555131000035],[13.460175094000022,48.96220253100006],[13.459491182000022,48.96261124700004],[13.458152032000044,48.96295159200008],[13.456785052000043,48.963073552000026],[13.45422317200007,48.96305565500006],[13.452036389000057,48.963494568000044],[13.450390398000025,48.96402393200003],[13.449468934000038,48.96457223300007],[13.449129748000075,48.96523933600008],[13.447516675000031,48.96530017100008],[13.44305847000004,48.96579955900006],[13.441038181000067,48.96683877800007],[13.439321168000049,48.96822720700004],[13.437728919000051,48.96930247200004],[13.433669459000043,48.971662439000056],[13.432816470000034,48.97191348300004],[13.432025027000066,48.97210574500008],[13.430530437000073,48.972120020000034],[13.427314667000076,48.972100761000036],[13.426188542000034,48.97250180800006],[13.425576375000048,48.97362713500007],[13.425574987000061,48.974918493000075],[13.424610284000039,48.97727292900004],[13.421386239000071,48.978732483000044],[13.417550685000037,48.97951948300005],[13.416651401000024,48.98003542100008],[13.406089848000022,48.985648456000035],[13.402895553000064,48.98734273500003],[13.402747551000061,48.988750750000065],[13.402235226000073,48.99366065700008],[13.402174143000025,48.99423831400003],[13.403595118000055,48.996060681000074],[13.40457501700007,48.99731728900008],[13.405731289000073,48.998732103000066],[13.409274363000065,49.003066827000055],[13.408402657000067,49.007280981000065],[13.407028080000032,49.00854092000003],[13.405080499000064,49.00937468600006],[13.402514311000061,49.01084557000007],[13.400936160000072,49.01350590000004],[13.40029289000006,49.01624095600005],[13.40037935600003,49.01637836100008],[13.400812019000057,49.01764119900008],[13.401429337000025,49.01944287900005],[13.401464866000026,49.020065242000044],[13.401804043000027,49.020901655000046],[13.402575010000021,49.02145678200003],[13.404719468000053,49.021836173000054],[13.405612956000027,49.02227806600007],[13.40585526600006,49.02365213000007],[13.404671803000042,49.02443533100006],[13.403056616000072,49.026484577000076],[13.402394681000033,49.029330308000056],[13.402197159000025,49.03017940700005],[13.401122291000036,49.033708801000046],[13.399448918000076,49.035480464000045],[13.39968361700005,49.03703396000003],[13.39628234600002,49.03952311100005],[13.395364229000052,49.03970550100007],[13.39457066500006,49.039747472000045],[13.392599114000063,49.04066262500004],[13.391992197000036,49.04173147400007],[13.392008874000055,49.04201008200005],[13.392194441000072,49.04256895800006],[13.39285970700007,49.042956934000074],[13.393905577000055,49.043267522000065],[13.395888725000077,49.04379018800006],[13.39684419100007,49.044305687000076],[13.397338108000042,49.044833141000026],[13.397847848000026,49.04605238400006],[13.397971293000069,49.04682580000008],[13.39801202700005,49.04836109400003],[13.397917173000053,49.048920690000045],[13.397374120000052,49.050572412000065],[13.397147201000053,49.05100999700005],[13.394211116000065,49.05266880700003],[13.393465946000049,49.05310707700005],[13.392256423000049,49.05432361900006],[13.38976810500003,49.053062959000044],[13.388231352000048,49.05268929600004],[13.38624019100007,49.05289874300007],[13.384839181000075,49.05627992400008],[13.383599012000047,49.05733141300004],[13.382600770000067,49.057498846000044],[13.380855839000048,49.057103219000055],[13.378883822000034,49.05696485400006],[13.377846628000043,49.057383137000045],[13.37702820000004,49.05794005300004],[13.375877726000056,49.058398331000035],[13.374592679000045,49.06019165400005],[13.374641076000046,49.06111227500003],[13.37470130500003,49.06225789700005],[13.373964905000037,49.06331209900003],[13.37296894800005,49.06409789000003],[13.372251103000053,49.065499543000044],[13.371647264000046,49.06617214000005],[13.370113304000029,49.06780011400008],[13.368282296000075,49.067869708000046],[13.367166643000076,49.06938351700006],[13.364628769000035,49.06944111100006],[13.364008325000043,49.06906403800008],[13.36319000800006,49.07024005400007],[13.361999368000056,49.07155657800007],[13.360121224000068,49.072676450000074],[13.35801119000007,49.07377351100007],[13.356349265000063,49.07572709100003],[13.355727674000036,49.076337041000045],[13.355303867000032,49.07774304800006],[13.354905257000041,49.07834585200004],[13.354284041000028,49.07887612300004],[13.353181599000038,49.079361507000044],[13.351983828000073,49.07970641600008],[13.350742598000068,49.080052419000026],[13.349845507000055,49.08033248300006],[13.34908041400007,49.08063775900007],[13.348149963000026,49.08109013300003],[13.347271353000053,49.081684073000076],[13.346479604000024,49.08227579700008],[13.346162347000075,49.08279828800005],[13.346120886000051,49.08357097100003],[13.346203027000058,49.08422619700008],[13.346472411000036,49.08510529000006],[13.346464302000072,49.08570565300005],[13.34603687300006,49.086573893000036],[13.345761347000064,49.08706674200005],[13.345195140000044,49.08779561400007],[13.344669001000057,49.08846630600004],[13.343957283000066,49.08894165900006],[13.342931323000073,49.08925351900007],[13.341782254000066,49.08959555700005],[13.341053159000069,49.089872798000044],[13.339810623000062,49.09017216500007],[13.339519625000037,49.09031725500006],[13.339144926000074,49.09072143800006],[13.33899294500003,49.09109681900003],[13.338498387000072,49.09156662700008],[13.338130818000025,49.09197605400004],[13.337811730000055,49.09246998700007],[13.337183435000043,49.09288602200007],[13.336637002000032,49.093214241000055],[13.335885035000047,49.09374771800003],[13.335161418000041,49.094023263000054],[13.334136968000053,49.09436358000005],[13.33281,49.094740122000076],[13.33178551900005,49.09508041700008],[13.330757997000035,49.09530646400003],[13.330450145000043,49.09531425100005],[13.329676326000026,49.09547671300004],[13.328737044000036,49.095786246000046],[13.32780109500004,49.09615284300003],[13.326957058000062,49.09660284800003],[13.326333629000032,49.09710443300003],[13.326223498000047,49.097296388000075],[13.326073023000049,49.09755866000006],[13.32598332200007,49.097771212000055],[13.325751960000048,49.09831942800008],[13.325364163000074,49.09912942400007],[13.324801078000064,49.09994907600003],[13.324383140000066,49.100317103000066],[13.323789738000073,49.10058928500007],[13.322528814000066,49.100942522000025],[13.321340546000044,49.10125151700004],[13.319611610000038,49.10170916100003],[13.317713292000064,49.10345815900007],[13.317028583000024,49.104060496000045],[13.316409197000041,49.104261844000064],[13.315479736000043,49.104370963000065],[13.312693975000059,49.10447503000006],[13.310846911000056,49.10555332000007],[13.30868300700007,49.10681647700005],[13.305367595000064,49.108751605000066],[13.302772373000039,49.11026620200005],[13.300433765000037,49.11163090300005],[13.29986517900005,49.11198000200005],[13.292902799000046,49.116294405000076],[13.289188609000064,49.11863469000008],[13.288169784000047,49.11889821900007],[13.284327817000076,49.11991071400007],[13.282364570000027,49.12047154500004],[13.276359940000077,49.12047769900005],[13.273777539000037,49.12005348800005],[13.269251697000072,49.11927244100008],[13.26634197900006,49.118832342000076],[13.263595628000076,49.11870963900003],[13.262976296000033,49.11866538600003],[13.261587263000024,49.11848531800007],[13.259762111000043,49.11829216900003],[13.257098299000063,49.11794688800006],[13.255364544000031,49.11760252700003],[13.24416214300004,49.11523221500005],[13.238557772000036,49.114063490000035],[13.236364794000053,49.11359506200006],[13.235947468000063,49.11373127200005],[13.233089997000036,49.11460213500004],[13.230232423000075,49.11547292600005],[13.22780632000007,49.11621612000005],[13.219713029000047,49.11859118600006],[13.216730212000073,49.11943766200005],[13.213327819000028,49.12038423100006],[13.21151905000005,49.12087929300003],[13.209503863000066,49.12143615600007],[13.208560800000043,49.121696737000036],[13.205650270000035,49.122127129000035],[13.204510362000065,49.12275376600007],[13.200772699000026,49.12504443000006],[13.197168083000065,49.12716028800003],[13.195925114000033,49.127904648000026],[13.194059042000049,49.12896021100005],[13.191492738000022,49.130411742000035],[13.189541447000067,49.13132384800008],[13.182791683000062,49.13447841300007],[13.180283159000055,49.13651080600005],[13.178708107000034,49.137826190000055],[13.173446431000059,49.142132177000065],[13.171033198000032,49.14360585800006],[13.170321564000062,49.14404040200003],[13.172318392000022,49.14819853800003],[13.17289600600003,49.14923154400003],[13.173070368000026,49.15019692000004],[13.173648738000054,49.15339602200004],[13.173824628000034,49.15436654100006],[13.173911751000048,49.154847259000064],[13.173832869000023,49.15520221600008],[13.174014207000027,49.15650768100005],[13.17423113600006,49.157145494000076],[13.175443062000056,49.15935512200008],[13.176464530000032,49.16140259000008],[13.176709854000023,49.16189683600004],[13.176773251000043,49.16303841700005],[13.176875560000042,49.16422669900004],[13.17633033800007,49.16552570400006],[13.175868803000071,49.16637023200008],[13.175044628000023,49.168533214000036],[13.174129358000073,49.17036495900004],[13.171689886000024,49.17287602700003],[13.170908085000065,49.17357973400004],[13.170250604000046,49.17394030000003],[13.167915881000056,49.173757745000046],[13.165522441000064,49.17382659000003],[13.164438086000075,49.174202869000055],[13.163114480000047,49.17433986700007],[13.16189416700007,49.174623334000046],[13.16092029500004,49.17542167900007],[13.159180684000034,49.17690518900008],[13.156732700000077,49.178364060000035],[13.154265929000076,49.179691588000026],[13.152489285000058,49.18058870300007],[13.150512332000062,49.18158953100004],[13.148706582000045,49.18197271100007],[13.147172608000062,49.18380692300008],[13.14682657800006,49.18469229800007],[13.146656333000067,49.18512788500004],[13.144396225000037,49.18672932900006],[13.143946731000028,49.18704595200006],[13.143284220000055,49.187484604000076],[13.141330793000066,49.189924817000076],[13.137384535000024,49.190584742000055],[13.135913290000076,49.191869601000064],[13.132692227000064,49.194682295000064],[13.129336382000076,49.19685817700008],[13.128055689000064,49.19709259700005],[13.126454282000054,49.19704676100008],[13.124848339000039,49.19725105900005],[13.123499035000066,49.197163559000046],[13.122941961000038,49.19781058700005],[13.122473709000076,49.198354435000056],[13.119128402000058,49.199068167000064],[13.117279745000076,49.19907111600003],[13.115221553000026,49.20072543800006],[13.111639035000053,49.202274627000065],[13.110945334000064,49.20265054600003],[13.109970283000052,49.203178911000066],[13.109963993000065,49.203988492000065],[13.109956503000035,49.20495235000004],[13.11024010400007,49.20566679500007],[13.111245172000054,49.20819858200008],[13.111863645000028,49.208592],[13.112924134000025,49.209266565000064],[13.113186875000054,49.20998897700008],[13.114183668000067,49.212729472000035],[13.114334603000032,49.21417791300007],[13.114626224000062,49.21472837200008],[13.114413286000058,49.215946357000064],[13.114493828000036,49.21742959000005],[13.114122113000064,49.21842832500005],[13.113058269000021,49.21919436200005],[13.110822451000047,49.219405220000056],[13.110371532000045,49.21945171400006],[13.109285739000029,49.220825320000074],[13.106322571000021,49.22105794600003],[13.10539893400005,49.22155862300008],[13.104897505000054,49.22237042300003],[13.104376157000047,49.222411101000034],[13.10293107700005,49.222716114000036],[13.101950449000071,49.22316024600008],[13.101302804000056,49.22366833900003],[13.09836761500003,49.22385065100008],[13.097090367000021,49.224437471000044],[13.093992250000042,49.225051919000066],[13.091112352000039,49.22630090300004],[13.089936769000076,49.22681070200008],[13.088848691000067,49.22727683700003],[13.08663398400006,49.22898265200007],[13.086049923000076,49.22941150200006],[13.086056383000027,49.22987695200004],[13.086816347000024,49.23037490300004],[13.087645096000074,49.23074631600008],[13.088478137000038,49.23111964100008],[13.088827802000026,49.23225465400003],[13.088836021000077,49.23333287400004],[13.088859737000064,49.23412604600003],[13.088836739000044,49.23472061700005],[13.088649588000067,49.235566059000064],[13.088328054000044,49.23701850800006],[13.08746314800004,49.23831653800005],[13.087216538000064,49.239407233000065],[13.08699671200003,49.240379433000044],[13.086182484000062,49.24134326200004],[13.085507457000062,49.24227876300006],[13.083700510000028,49.244782763000046],[13.08332923000006,49.24529723300003],[13.082429681000065,49.246040203000064],[13.080762122000067,49.24741742000003],[13.079744966000021,49.24747993500006],[13.078827760000024,49.247334307000074],[13.077896543000065,49.24692703800008],[13.077128499000025,49.24684941500004],[13.076265473000035,49.24703592100008],[13.075468736000062,49.24710182900003],[13.074690511000028,49.24683391000008],[13.073619106000024,49.24652507700006],[13.07263563500004,49.246499990000075],[13.071993125000063,49.24672903900006],[13.071416916000032,49.24683749400003],[13.070154225000067,49.24703310700005],[13.06928227800006,49.247053065000046],[13.068642284000077,49.24732966400006],[13.06823042800005,49.24779155400006],[13.068190771000047,49.24841162800004],[13.068012130000056,49.24915395100004],[13.067781918000037,49.24961168400006],[13.067209472000059,49.24979147400006],[13.066695732000028,49.24970796300005],[13.06608441000003,49.24984100700004],[13.065583353000022,49.249995342000034],[13.06488414200004,49.249844619000044],[13.064114805000031,49.24974312100005],[13.063427008000076,49.249806455000055],[13.062519941000062,49.24985097500007],[13.061436271000048,49.249994773000026],[13.060792395000021,49.250199973000065],[13.060085970000046,49.25059710700003],[13.059011483000063,49.251597977000074],[13.058355271000039,49.25225590900004],[13.057824486000072,49.25322056300007],[13.057724663000045,49.25408014200008],[13.05776639100003,49.25486505500004],[13.057697843000028,49.255628665000074],[13.057368602000054,49.25627914300003],[13.056997958000068,49.256835307000074],[13.056959413000072,49.25747916500006],[13.056991018000076,49.258073796000076],[13.057454912000026,49.25858714200007],[13.057775983000056,49.25915136700007],[13.058059456000024,49.25969263400003],[13.058313302000045,49.26020957000003],[13.057601185000067,49.260844957000074],[13.057142813000041,49.26146265500006],[13.056805939000071,49.26197042100006],[13.056570661000023,49.26267829300008],[13.056308988000069,49.263231974000064],[13.055864326000062,49.26376600400005],[13.055185792000032,49.26400767800004],[13.054611864000037,49.264163619000044],[13.053798537000034,49.26426546600004],[13.052858632000039,49.264382090000026],[13.05230601900007,49.264597070000036],[13.051831140000047,49.26490553600007],[13.050849196000058,49.26491593600008],[13.049958744000037,49.26493615700008],[13.049370815000032,49.26448513100007],[13.048918295000021,49.26418582000008],[13.048065363000035,49.263883684000064],[13.047152327000049,49.26366062500006],[13.046565805000057,49.26373909200004],[13.045932930000049,49.263812976000054],[13.044808776000025,49.26388608100007],[13.044055611000033,49.26409365600006],[13.043100152000022,49.26494878500006],[13.040403660000038,49.26453353100004],[13.036017515000026,49.264745908000066],[13.033896390000052,49.263902735000045],[13.03345000400003,49.26504625200005],[13.032854223000072,49.26657238900003],[13.030903360000025,49.26896549600008],[13.028501031000076,49.27350185100005],[13.025663129000066,49.27892099500008],[13.02659234400005,49.28053255100008],[13.027508193000074,49.282092688000034],[13.02834340000004,49.28358598600005],[13.029734634000022,49.28603129000004],[13.02993532000005,49.28638532600007],[13.030618102000062,49.28759402600008],[13.030655926000065,49.28852596200005],[13.030697084000053,49.28961737600008],[13.030746259000068,49.291074362000074],[13.030605731000037,49.292607856000075],[13.030080302000044,49.29834064200003],[13.029985758000066,49.29937203000003],[13.029735369000036,49.30103507200005],[13.02933209500003,49.30368903300007],[13.029109282000036,49.30434804600003],[13.025641184000051,49.304574899000045],[13.023967564000031,49.30491023700006],[13.021825745000058,49.30500084500005],[13.019600014000048,49.30473174700006],[13.013832023000077,49.30513736900008],[13.01055649400007,49.30531691200008],[13.00757266200003,49.30599752100005],[13.007756463000021,49.306506581000065],[13.007558980000056,49.30708520300004],[13.00675850400006,49.307037380000054],[13.005488651000064,49.307301505000055],[13.005590368000071,49.30793799800006],[13.00528965500007,49.30847563900005],[13.005191163000063,49.30872994200007],[13.005069750000075,49.30956969700003],[13.004830368000057,49.310259072000065],[13.004646109000078,49.31110585300007],[13.00432414200003,49.31179357800005],[13.003893625000046,49.31227104800007],[13.003354560000048,49.31253826000005],[13.002646396000046,49.31268163100003],[13.00218699900006,49.31315891500003],[13.001996586000075,49.31353368200007],[13.001601778000065,49.313971501000026],[13.001198853000062,49.31425348700003],[13.000725182000053,49.31432252800005],[13.00030805800003,49.31433180600004],[12.99969757200006,49.31463790400005],[12.999315305000039,49.31474391000006],[12.998750216000076,49.314775972000064],[12.998136676000058,49.31502362500004],[12.997562037000023,49.31544592300003],[12.997309064000035,49.31574406500005],[12.99708993400003,49.31611946000004],[12.996479403000023,49.31642554100006],[12.996104199000058,49.316667890000076],[12.99570931200003,49.31710568900007],[12.995088646000056,49.31721697100005],[12.994437169000037,49.31730943300005],[12.993827618000068,49.31763497800006],[12.993428659000074,49.31799485300007],[12.993117064000046,49.31831378600003],[12.992863038000053,49.31859243900004],[12.992401437000069,49.31889519500004],[12.991876195000032,49.31912135300007],[12.991291352000076,49.319348829000035],[12.990827714000034,49.31961262000004],[12.990813063000076,49.31990546700007],[12.990890836000062,49.320254770000076],[12.990788810000026,49.32058855500003],[12.990527691000068,49.32073084900003],[12.990090806000069,49.32093554000005],[12.989839777000043,49.32127262400007],[12.989829157000031,49.32164338700005],[12.989511459000028,49.32184543500006],[12.989048797000066,49.322128699000075],[12.988976553000043,49.322461823000026],[12.988929062000068,49.32269689200007],[12.988672971000028,49.322936577000064],[12.988661333000039,49.32328786200003],[12.988678486000026,49.32361900600006],[12.988365814000076,49.32391844800003],[12.981219220000071,49.327001532000054],[12.98029224000004,49.32754838100004],[12.976448228000038,49.32981584400005],[12.975936672000046,49.33039696700007],[12.975680658000044,49.33068778900008],[12.974069393000036,49.33235900500006],[12.97259529300004,49.33388783200007],[12.969722888000035,49.334738265000055],[12.967497038000033,49.33567299200007],[12.966869760000066,49.335570638000036],[12.965115153000056,49.33612529200008],[12.963896744000067,49.337095014000056],[12.961871313000074,49.33682502200003],[12.959861986000021,49.336868983000045],[12.958370569000067,49.336620767000056],[12.95528315200005,49.33927132800005],[12.953332786000033,49.34059278700005],[12.949970972000074,49.34287031700006],[12.948918197000069,49.342829589000075],[12.94788685900005,49.342789681000056],[12.945931556000062,49.34361524800005],[12.94434308800004,49.343927396000026],[12.942958576000024,49.344199443000036],[12.941890279000063,49.34378404700004],[12.941523981000046,49.34281095500006],[12.938720862000025,49.34213372700003],[12.937363553000068,49.34280217100007],[12.936409961000038,49.34269446300004],[12.935825745000045,49.34262847100007],[12.935295479000047,49.34285373100005],[12.932454601000074,49.344060470000045],[12.930675195000049,49.344576698000026],[12.929011891000073,49.344838852000066],[12.927443365000045,49.34481317400008],[12.925223931000062,49.34463059800004],[12.924096731000077,49.34437849500006],[12.919901822000043,49.343440162000036],[12.914124995000066,49.34470731600004],[12.911873073000038,49.34603624700003],[12.910799925000049,49.34666950400003],[12.90950113100007,49.346935461000044],[12.906571881000048,49.34846925000005],[12.903251251000029,49.34914089100005],[12.902498872000024,49.34903789400005],[12.90166879000003,49.34956760000006],[12.900617020000027,49.349673394000035],[12.898459613000057,49.349171702000035],[12.896194953000077,49.34895174400003],[12.891887688000054,49.35004981600008],[12.890431208000052,49.350080770000034],[12.89003437200006,49.35052974300004],[12.888720702000057,49.350867211000036],[12.887524281000026,49.35063066200007],[12.886047915000063,49.35099536300004],[12.884655439000028,49.350438944000075],[12.880237338000029,49.35052349700004],[12.880104697000036,49.34868126900005],[12.880097960000057,49.34826740500006],[12.88011874700004,49.34785295700004],[12.880187947000024,49.34758148900005],[12.880498555000031,49.34689990500004],[12.880911892000029,49.34620032400005],[12.881003978000024,49.34598019400005],[12.881003921000058,49.34570119000006],[12.880989657000043,49.34541348700003],[12.880878452000047,49.34428182200003],[12.880871710000065,49.34386795700004],[12.880913379000049,49.34359707100003],[12.880989700000043,49.34346945400006],[12.881121507000046,49.34334966200004],[12.881413530000032,49.34312747700005],[12.881734409000046,49.34293168100004],[12.881881756000041,49.34284756000005],[12.882231488000059,49.342678152000076],[12.882420559000025,49.34260214600005],[12.882828896000035,49.34250349600006],[12.882989999000074,49.34241908200005],[12.883136451000041,49.34231697800004],[12.883254043000022,49.342188485000065],[12.883344115000057,49.34206057400007],[12.883496739000066,49.34180533700004],[12.883787330000075,49.34127717000007],[12.884169216000032,49.340919203000055],[12.884509356000024,49.34068204600004],[12.884967620000054,49.340461547000075],[12.885335145000056,49.34018548200004],[12.885492814000031,49.339774910000074],[12.885594815000047,49.339509296000074],[12.885873495000055,49.339215953000064],[12.886206006000066,49.33882565400006],[12.886327748000042,49.338324853000074],[12.886304924000058,49.337865443000055],[12.886402125000075,49.33746097300008],[12.886769619000063,49.33718490500007],[12.88698683900003,49.33683537400003],[12.886908278000021,49.33643463400006],[12.886859961000027,49.33605241400005],[12.887083834000066,49.335836879000055],[12.887211480000076,49.335345457000074],[12.887336099000038,49.33508180800004],[12.887501991000022,49.334817282000074],[12.887938464000058,49.33417800600006],[12.888901073000056,49.33304154700005],[12.888023189000023,49.33288225000007],[12.886922448000064,49.33230054400008],[12.884195601000044,49.332853389000036],[12.882104567000056,49.332904083000074],[12.879346370000064,49.33297089100006],[12.876818141000058,49.33237952800005],[12.874958809000077,49.33305815500006],[12.871190624000064,49.334433328000046],[12.868535337000026,49.33560528300006],[12.867216711000026,49.33619223300008],[12.866556028000048,49.33648630700003],[12.864109850000034,49.33720095900003],[12.859151144000066,49.33886251400003],[12.857091185000058,49.339265700000055],[12.855937360000041,49.33876786900004],[12.853479654000068,49.33808131500007],[12.850161482000033,49.34090094600003],[12.849062730000071,49.34182764600007],[12.847930570000074,49.34430828600006],[12.843334189000075,49.345222971000055],[12.843451388000062,49.34341168000003],[12.843002773000023,49.342404025000064],[12.840308599000025,49.34223510600003],[12.838607129000025,49.34144613900003],[12.837039262000076,49.34071907800006],[12.835829038000043,49.34080372600005],[12.831548485000042,49.341103015000044],[12.82925872800007,49.341057791000026],[12.826729323000052,49.34085179700003],[12.823229018000063,49.34106458400004],[12.819504080000058,49.34129090500005],[12.818670817000054,49.34134151600006],[12.813827808000042,49.341133797000055],[12.812732982000057,49.34108641900008],[12.809242922000067,49.34159553900008],[12.806413889000055,49.342008142000054],[12.802536028000077,49.34156559000007],[12.800697365000076,49.34199920100008],[12.798509194000076,49.34251543000005],[12.79545395200006,49.34323612800006],[12.78860280400005,49.34469753800005],[12.786286615000051,49.34539792100003],[12.780611994000026,49.34743904700008],[12.778810245000045,49.34807853900003],[12.77864876600006,49.35520063700005],[12.779704607000042,49.35615338800005],[12.780522543000075,49.356891430000076],[12.78234025300003,49.359240545000034],[12.781380403000071,49.36032083200007],[12.777158593000024,49.363930519000064],[12.771939607000036,49.36475823100005],[12.76926850500007,49.36518175400005],[12.768382988000042,49.36532214400006],[12.76385539000006,49.369574165000074],[12.759470824000061,49.373865839000075],[12.75808904400003,49.37518844900006],[12.76112545500007,49.38251399100005],[12.759133301000077,49.38949431000003],[12.757631008000033,49.39475684800004],[12.755591114000026,49.39601115700003],[12.754830816000037,49.396557372000075],[12.74940765100007,49.39986553500006],[12.746677974000022,49.40153038400007],[12.742305585000054,49.40419675900006],[12.73746787600004,49.407146356000055],[12.732945568000048,49.40990313700007],[12.729405480000025,49.410699341000054],[12.723318609000046,49.412068023000074],[12.718972009000026,49.41304514400008],[12.714710448000062,49.41400294500005],[12.714424787000041,49.41558351600003],[12.71480629000007,49.416376994000075],[12.714157706000037,49.41786570100004],[12.713635400000044,49.41971433500004],[12.708718925000028,49.42467725800003],[12.704893293000055,49.42486347400006],[12.700267609000036,49.42508845700007],[12.694661455000073,49.425360872000056],[12.69232329600004,49.425474404000056],[12.682809560000067,49.42621706400007],[12.679196234000074,49.42625099500003],[12.678895414000067,49.426310810000075],[12.67661298400003,49.42709288700007],[12.670485865000046,49.42940268800004],[12.66807091100003,49.43031292500007],[12.666797214000042,49.43083751900008],[12.662431424000033,49.43263544800004],[12.661802064000028,49.43289460700004],[12.65854029600007,49.43380621700004],[12.655893346000028,49.43454683500005],[12.65659527300005,49.435342981000076],[12.656991120000043,49.436025940000036],[12.657197077000035,49.43654585100006],[12.657155161000048,49.43723718700005],[12.65740296000007,49.43787535600006],[12.657755932000043,49.43841626500006],[12.658079926000028,49.439124408000055],[12.658146400000021,49.43978985800004],[12.658175321000044,49.44043221600003],[12.65802717500003,49.44119702200004],[12.657763142000022,49.441821177000065],[12.65778991700006,49.44241595300008],[12.657632120000073,49.442966639000076],[12.657368072000054,49.443590793000055],[12.657064318000039,49.44414427100003],[12.657024535000062,49.44488319100003],[12.657014815000025,49.44547866700003],[12.656744322000065,49.44596007400003],[12.656328938000058,49.446468062000065],[12.656029433000072,49.44711670200007],[12.655845813000042,49.44790599600003],[12.655582785000036,49.44855393800003],[12.655681449000042,49.449123530000065],[12.656212657000026,49.44956579300003],[12.657145284000023,49.45000037300008],[12.657977985000059,49.450508279000076],[12.656904921000034,49.45255210800008],[12.655433471000038,49.45534856200004],[12.653657466000027,49.45872335700005],[12.651801825000064,49.46224894900007],[12.649327983000035,49.46693586400005],[12.648520160000032,49.468305661000045],[12.647241505000068,49.46854982200006],[12.646734786000025,49.46875341800006],[12.646051388000046,49.46899916400008],[12.645305044000054,49.469168523000064],[12.644473616000028,49.46921019300004],[12.643878911000058,49.46922149800008],[12.643248606000043,49.46932398700005],[12.642464908000022,49.46954575700005],[12.641881175000037,49.46980251400004],[12.641536476000056,49.470080590000066],[12.641194083000073,49.47041034200004],[12.64071868800005,49.47087191700007],[12.640383788000065,49.47136961500007],[12.639965542000027,49.47177838200008],[12.639565383000047,49.47214801500007],[12.639520911000034,49.47248503900005],[12.639479900000026,49.47289957900006],[12.639181739000037,49.47333192600007],[12.639080095000054,49.47372175500004],[12.638881052000045,49.47415222200004],[12.638579416000027,49.47450705300008],[12.63837344500007,49.47478248800007],[12.638087014000064,49.47503358800003],[12.637724736000052,49.47536370600005],[12.637207878000027,49.47578726100005],[12.636722019000047,49.47601627600005],[12.635874670000021,49.47614869300003],[12.635261780000064,49.476199086000065],[12.634608082000057,49.47622438700006],[12.633763692000059,49.476195018000055],[12.634581904000072,49.47727957800004],[12.63520752200003,49.47818311300006],[12.635474312000042,49.478915448000066],[12.635578348000024,49.479498301000035],[12.635878479000041,49.48010287000005],[12.636373580000054,49.480703746000074],[12.63709698200006,49.481173160000026],[12.637860527000043,49.48166723600008],[12.63823188300006,49.48211788700007],[12.638251165000042,49.48254978300008],[12.638504414000067,49.48297724400004],[12.639021552000031,49.483196286000066],[12.640124748000062,49.48342963600004],[12.64098944400007,49.48356579500006],[12.641769339000064,49.48355099300005],[12.642708621000054,49.483609440000066],[12.643225784000037,49.483828462000076],[12.643914856000038,49.48440019700007],[12.644093585000064,49.484905344000026],[12.643962625000029,49.48546723100003],[12.643713533000039,49.486005936000026],[12.643699556000058,49.48656560000006],[12.643760161000046,49.48704756500007],[12.644053618000044,49.48749968000004],[12.644116503000078,49.48803245600004],[12.643904124000073,49.488519609000036],[12.643690604000028,49.48898135600007],[12.643667526000058,49.48933777600007],[12.643803859000059,49.489767449000055],[12.64390574500004,49.49029948500004],[12.643930770000054,49.490858410000044],[12.643765339000026,49.49152266100003],[12.643712360000052,49.49208306700007],[12.643813111000043,49.492589699000064],[12.643757857000026,49.49309929400005],[12.643703737000067,49.49363429500005],[12.643849183000043,49.49426721400005],[12.643754923000074,49.49477755000004],[12.643373982000071,49.49498820400004],[12.642813452000041,49.495259057000055],[12.642363447000037,49.496239597000056],[12.641545643000029,49.497219726000026],[12.640486449000036,49.49822196500003],[12.639929793000022,49.49902174400006],[12.639901829000053,49.49960103800004],[12.639981488000046,49.50017829300003],[12.639703539000038,49.50058694400008],[12.63977458100004,49.50097144000006],[12.64006557600004,49.50145699600006],[12.640515665000066,49.50188691900007],[12.640883476000056,49.502283325000064],[12.641010695000034,49.50271937000008],[12.64089261600003,49.50308991500003],[12.640666122000027,49.50344497700007],[12.640578865000066,49.50390262900004],[12.640734560000055,49.50437321100003],[12.64102480200006,49.504841242000055],[12.641070521000074,49.505261295000025],[12.641306169000075,49.50571282200008],[12.641594071000043,49.50612828100003],[12.641987264000022,49.506489126000076],[12.642431929000054,49.50679637800005],[12.642585301000054,49.50721438800008],[12.642599419000021,49.50752981000005],[12.642742121000026,49.508018855000046],[12.643288379000069,49.50890777300003],[12.643551781000042,49.50992038700008],[12.643802954000023,49.51082926700008],[12.643813831000045,49.511713988000054],[12.643651014000056,49.512947686000075],[12.64342958100002,49.51353508100004],[12.643228684000064,49.514067983000075],[12.642925133000062,49.514594386000056],[12.642476309000074,49.51512354500005],[12.642186502000072,49.51595733800008],[12.64230464800005,49.516972714000076],[12.642340636000029,49.51777665800006],[12.64264991400006,49.51900139700007],[12.642925981000076,49.51953509500004],[12.64301437000006,49.519965408000076],[12.644195095000043,49.52140048200005],[12.644250380000074,49.52304246500006],[12.642455167000037,49.52461241900005],[12.641834291000066,49.52588597300007],[12.641383031000032,49.526811559000066],[12.641022497000051,49.527747066000074],[12.63992772000006,49.52862505100006],[12.639650732000064,49.52897557500006],[12.639082531000042,49.530176942000026],[12.637938680000047,49.531186803000026],[12.636807958000077,49.531672538000066],[12.63589016700007,49.53201136100006],[12.632193399000073,49.53197405900005],[12.630558256000029,49.53099290700004],[12.629504867000037,49.52910781500003],[12.629136196000047,49.52822181600004],[12.628587183000036,49.52698203800003],[12.627739881000025,49.52725993700005],[12.626957209000068,49.527346117000036],[12.626319153000054,49.52739385000007],[12.625405379000028,49.52741105200005],[12.624334309000062,49.52718118000007],[12.623004227000024,49.52688473200004],[12.621635500000025,49.526541371000064],[12.620703466000066,49.52655887800006],[12.620672365000075,49.527095229000054],[12.620414225000047,49.52787396200006],[12.61995240400006,49.52859699000004],[12.619352623000054,49.52909639100005],[12.618814873000076,49.52934459900007],[12.616532825000036,49.529030213000055],[12.61471767100005,49.52836489400005],[12.613420487000042,49.52934426400003],[12.612065463000022,49.530367246000026],[12.608460791000027,49.53082496500008],[12.601705077000076,49.53247745800007],[12.599476719000052,49.53337387400006],[12.598199668000063,49.53389258800007],[12.595834586000024,49.53482746800006],[12.589724554000043,49.53772157700007],[12.588931692000074,49.53824922300004],[12.588501691000033,49.53853616500004],[12.589317865000055,49.538760239000055],[12.591974149000066,49.53951587000006],[12.593593544000043,49.54017884400008],[12.59500878700004,49.54154755800005],[12.593778437000026,49.54219134900006],[12.592912515000023,49.54263038100004],[12.589644108000073,49.54442782700005],[12.58778056500006,49.54546124700005],[12.587852723000026,49.54584690000007],[12.58800898100003,49.546257998000044],[12.586309108000023,49.547669935000044],[12.584466654000039,49.54876232600003],[12.583266245000061,49.550047824000046],[12.581704500000058,49.55172015000005],[12.581240153000067,49.553808367000045],[12.58062381600007,49.55444834800005],[12.580411834000074,49.555633313000044],[12.578731084000026,49.556711961000076],[12.577785376000065,49.55718653900004],[12.576902497000049,49.557494286000065],[12.576285368000072,49.55770939300004],[12.574164352000025,49.55944373700004],[12.574465792000069,49.56166698000004],[12.57424289100004,49.56260449100006],[12.574216205000027,49.56401463600008],[12.574129700000071,49.56472105100005],[12.572426698000072,49.56732395800003],[12.571276277000038,49.56848801000007],[12.571004225000024,49.56896923000005],[12.571059485000035,49.569753125000034],[12.572315266000032,49.57126905700005],[12.573496072000069,49.574883287000034],[12.573515751000059,49.57501792200003],[12.573570109000059,49.57531391600003],[12.573589789000039,49.57544855100008],[12.573830422000071,49.57684809300008],[12.573904466000045,49.577278722000074],[12.573982630000046,49.578123263000066],[12.574090235000028,49.57932725300003],[12.57416164500006,49.58097289400007],[12.575510676000022,49.58268700700006],[12.576824889000022,49.58428991000005],[12.577077738000071,49.58630177200007],[12.576071472000024,49.587154628000064],[12.573978299000032,49.58898052100005],[12.570605486000034,49.59154077900007],[12.56625512200003,49.59434727800004],[12.565400989000068,49.595406851000064],[12.56419084600003,49.596238923000044],[12.56379785100006,49.59739806300007],[12.563885672000026,49.597828449000076],[12.564033497000025,49.59836573600006],[12.564107485000022,49.598796374000074],[12.563457655000036,49.59978020500006],[12.563545476000058,49.600210591000064],[12.563782684000046,49.60121423600003],[12.563870512000051,49.60164462100005],[12.563797929000032,49.60368031400003],[12.563720230000058,49.60585925400005],[12.562622470000065,49.60769723000004],[12.56266712300004,49.60873139000006],[12.562449185000048,49.609141640000075],[12.562039506000076,49.60991280300004],[12.56118080300007,49.610243067000056],[12.560459786000024,49.61051813300003],[12.55995537800004,49.610717814000054],[12.55963917500003,49.61103312700004],[12.559475586000076,49.611488533000056],[12.559306865000053,49.61182497100003],[12.55876889800004,49.61209669400006],[12.558562528000039,49.612410004000026],[12.558204560000036,49.61260701400005],[12.55772853700006,49.61261567300005],[12.557196237000028,49.61286853100006],[12.557093875000021,49.61333836400007],[12.556884829000069,49.61429785200005],[12.557521225000073,49.61631029500006],[12.558687083000052,49.61756014700006],[12.559596174000035,49.61853468000004],[12.560669829000062,49.619634295000026],[12.556957367000052,49.620550656000034],[12.55639575500004,49.620689267000046],[12.545992435000073,49.621336848000055],[12.536185291000038,49.618102864000036],[12.528168524000023,49.61818385600003],[12.528442417000065,49.62039286800007],[12.52692730900003,49.62227581600007],[12.530232055000056,49.622736692000046],[12.533051872000044,49.62389202400004],[12.534401555000045,49.62630669200007],[12.533613561000038,49.62667184500003],[12.529715277000037,49.62720081700007],[12.528509512000028,49.62653846000006],[12.527242762000071,49.62672315400005],[12.525169514000027,49.62716526200006],[12.524074103000032,49.627635259000044],[12.523665073000075,49.62795944700008],[12.523383132000049,49.628408497000066],[12.523245902000042,49.62881193700008],[12.523262002000024,49.629191897000055],[12.523478452000063,49.62969502400006],[12.52369311900003,49.63015593200004],[12.523378876000038,49.63041505000007],[12.523036603000037,49.630780292000054],[12.523016625000025,49.63107639700007],[12.522671664000029,49.63137831200004],[12.522692231000065,49.63186381700007],[12.522710115000052,49.63228599400003],[12.522499609000022,49.63269113000007],[12.522488570000064,49.633198324000034],[12.522643607000077,49.63378705100007],[12.523224734000053,49.63445266100007],[12.524058726000021,49.634944748000066],[12.524986659000035,49.63535064900003],[12.525587801000029,49.635720141000036],[12.526036297000076,49.63632473600006],[12.526543536000077,49.63678040500008],[12.52695417600006,49.63725892600007],[12.527788255000075,49.63775098500008],[12.52839572800002,49.63826822500005],[12.52880011700006,49.63859897700007],[12.528859533000059,49.63923166200004],[12.528591217000042,49.63980684500007],[12.527808201000028,49.64051799900005],[12.527111921000028,49.640974096000036],[12.526316319000045,49.64138971500006],[12.525716633000059,49.64182294700004],[12.52514317300006,49.64210783300007],[12.524407177000057,49.64239562200004],[12.52356291500007,49.642431842000065],[12.522646484000063,49.64230034600007],[12.520957451000072,49.64221606700005],[12.51995295200004,49.64245406600003],[12.519441784000037,49.64267443500006],[12.518999196000038,49.642978079000045],[12.518487125000036,49.643177335000075],[12.517916283000034,49.64352551200005],[12.517608166000059,49.643932376000066],[12.517534732000058,49.64450405800005],[12.517565067000021,49.64522176500003],[12.517628803000036,49.64596000200004],[12.518012207000027,49.64652875300004],[12.518149454000024,49.64673234400004],[12.518302696000035,49.647278861000075],[12.518748530000039,49.64782016100003],[12.519614327000056,49.64829059300007],[12.520644481000033,49.64880033600008],[12.521280056000023,49.649211491000074],[12.521327764000034,49.649569764000034],[12.521053042000062,49.64999716800003],[12.520976960000041,49.650505526000074],[12.521507874000065,49.65074954800008],[12.52249127600004,49.65092211000007],[12.523381624000024,49.651201953000054],[12.524152676000028,49.651737421000064],[12.524598619000074,49.65227869800003],[12.524790735000067,49.65297238900007],[12.524844742000028,49.65347842400007],[12.525352153000028,49.65393410000007],[12.525916537000057,49.654198628000074],[12.525994111000045,49.65449299100004],[12.525841397000022,49.65472809900007],[12.525178947000029,49.655095578000044],[12.523819460000027,49.65564232200006],[12.523291894000067,49.65617561300007],[12.52323775800005,49.65662900700005],[12.523410593000051,49.65724502900008],[12.523462378000033,49.65760128200003],[12.523220945000048,49.65796277600003],[12.522992620000025,49.65863358900003],[12.522498640000038,49.65909484000008],[12.522306954000044,49.65976499800007],[12.522446160000072,49.66045305800003],[12.523166802000048,49.66101167200003],[12.524213322000037,49.661469210000064],[12.52500731200007,49.66202650300005],[12.525657728000056,49.66265779400004],[12.52648841100006,49.66321442100008],[12.527348694000068,49.66360382700003],[12.527987027000052,49.663949579000075],[12.528077532000054,49.66435276300007],[12.528321752000068,49.664919878000035],[12.528889827000057,49.66533831900006],[12.529567889000077,49.665754787000026],[12.529845754000064,49.66624986000005],[12.529834402000063,49.66684536500003],[12.52971307000007,49.66744284100008],[12.529448132000027,49.66811432600008],[12.529022376000057,49.668455324000035],[12.528419382000038,49.66894236500008],[12.527973133000046,49.669664718000035],[12.527515748000042,49.67012533500008],[12.526798687000053,49.67051916200006],[12.526638624000043,49.67106970300006],[12.526518253000063,49.67169097000004],[12.526168803000076,49.67210202700005],[12.52582540900005,49.672655847000044],[12.525664317000064,49.673182593000035],[12.525685534000047,49.67368226700006],[12.525298388000067,49.674070183000026],[12.524693264000064,49.67450961700007],[12.52449346900005,49.67498943000004],[12.524372049000021,49.67558690100003],[12.523766898000076,49.67602633200005],[12.52311598700004,49.67625226700005],[12.522807176000072,49.676757835000046],[12.522721390000072,49.67733085700007],[12.52252257200007,49.67783446000004],[12.52232274000005,49.678314268000065],[12.522235937000062,49.67886349500003],[12.522086970000032,49.67914454300006],[12.52203206400003,49.67924812800004],[12.521978899000032,49.67972531800007],[12.52225777600006,49.680244206000054],[12.52257030100003,49.68069105600006],[12.522673767000072,49.681129733000034],[12.52270452700003,49.68126015000007],[12.522736816000076,49.682021561000056],[12.522504333000029,49.68259720100008],[12.522410206000075,49.68272255000005],[12.52208747900005,49.68315232100008],[12.522105636000049,49.68358061400005],[12.522229776000074,49.68391176800003],[12.521992235000027,49.684368438000035],[12.521753681000064,49.68480131300004],[12.521589478000067,49.685256673000026],[12.521606623000025,49.68566117200004],[12.521623071000022,49.685789456000066],[12.521661451000057,49.68608881200004],[12.521638214000063,49.686761828000044],[12.514582956000027,49.68776139100004],[12.514081740000051,49.68783238300006],[12.511928586000067,49.68644308200004],[12.509247840000057,49.68640731100004],[12.508584693000046,49.686347633000025],[12.507842190000076,49.68614648500005],[12.50683596500005,49.68578332000004],[12.50635019400005,49.68557761500006],[12.505662722000068,49.68537547900007],[12.50503526700004,49.685291336000034],[12.504268120000063,49.685376346000055],[12.503435119000073,49.68564110400007],[12.502570430000048,49.686025475000065],[12.501189288000035,49.68634752600008],[12.500296749000029,49.68650615900003],[12.499314398000024,49.68627347200004],[12.498386568000058,49.686027909000074],[12.496704439000041,49.685736105000046],[12.495068458000048,49.68566967700008],[12.493293742000048,49.68579615900006],[12.491779712000039,49.686013280000054],[12.490347456000052,49.68643134400003],[12.486475781000024,49.687761315000046],[12.485220995000077,49.68788535500005],[12.485101396000061,49.688690251000025],[12.485099369000068,49.689964219000046],[12.485438840000029,49.691506039000046],[12.483995102000051,49.69387101800004],[12.480921766000051,49.695031748000076],[12.479551723000043,49.695364047000055],[12.47552356600005,49.696340941000074],[12.470993794000037,49.69730287600004],[12.469069310000066,49.69782174900007],[12.46870490200007,49.69836873600008],[12.46557421500006,49.69899959800006],[12.463042348000045,49.69950971600008],[12.459958709000034,49.700778039000056],[12.457454924000047,49.70205854100004],[12.452816116000065,49.70121056900007],[12.449969513000042,49.70182330600005],[12.445611349000046,49.702474177000056],[12.444459865000056,49.70315990900008],[12.442886119000036,49.70369987500004],[12.441650684000024,49.70471100200007],[12.440278721000027,49.70577845100007],[12.439265490000025,49.70747871800006],[12.438940889000037,49.70790602500006],[12.436935456000072,49.710545807000074],[12.435568157000034,49.71234541800004],[12.435379344000069,49.71259391700005],[12.435064019000038,49.71405723700008],[12.432809046000045,49.715949624000075],[12.432923278000032,49.71637065900006],[12.433180574000062,49.717581221000046],[12.43325429500004,49.71802994500007],[12.429937922000022,49.71976937200003],[12.428971544000035,49.72092876800008],[12.428777656000022,49.72436992100006],[12.427955343000065,49.72566185100004],[12.427807737000023,49.72647432700006],[12.427556153000069,49.727029068000036],[12.427277896000021,49.72741478200004],[12.426884702000052,49.727683392000074],[12.426563955000063,49.72792695600003],[12.426539754000032,49.72823691800005],[12.426441174000047,49.728524331000074],[12.426160976000062,49.728862452000044],[12.426065277000077,49.72922125100007],[12.425931908000052,49.72955687800004],[12.425840053000059,49.73001085800007],[12.425711487000058,49.73046546000006],[12.425208130000044,49.73073593400005],[12.42447874100003,49.730867371000045],[12.424003435000031,49.73092305800003],[12.423305948000063,49.73093488900008],[12.42250505100003,49.73111514900006],[12.421918651000055,49.73114890000005],[12.420998980000036,49.73111685900005],[12.420303408000052,49.73117626100003],[12.419683170000042,49.73128200700006],[12.418990468000061,49.73141278800006],[12.41830159500006,49.731638745000055],[12.417574088000038,49.731817729000056],[12.416693033000058,49.73183262200007],[12.415885398000057,49.73184626900007],[12.415226519000043,49.731905020000056],[12.414498042000048,49.73206018800005],[12.413875868000048,49.73211831300006],[12.413222715000074,49.73231982500005],[12.412789824000072,49.73251761800003],[12.412507595000022,49.73280811500007],[12.412523831000044,49.733212636000076],[12.412578692000068,49.73366413000008],[12.412672175000068,49.734162594000054],[12.412688413000069,49.73456711500006],[12.412600652000037,49.73567741800008],[12.411382476000028,49.736192059000075],[12.409760582000047,49.73687722100004],[12.40822548400007,49.738765973000056],[12.407253268000034,49.73913985200005],[12.406365572000027,49.73948121500007],[12.405236439000078,49.74198643900007],[12.40488599400004,49.74276392200005],[12.404620841000053,49.74444225500008],[12.404542424000056,49.74493859300003],[12.404517466000073,49.745041815000036],[12.404411330000073,49.74548076900004],[12.404392920000078,49.74571506800004],[12.404497624000044,49.74590230200005],[12.405671987000062,49.74748451000005],[12.40589205300006,49.74777780000005],[12.40577253500004,49.747914802000025],[12.40152708100004,49.75289981900005],[12.400717371000042,49.75384886900008],[12.40062415400007,49.754643689000034],[12.400494999000045,49.75574487200004],[12.401440137000066,49.757022738000046],[12.401523851000036,49.758372963000056],[12.40165558600006,49.75943275000003],[12.402343260000066,49.760232202000054],[12.402943909000044,49.76109103600004],[12.403156564000028,49.76193706500004],[12.404367597000032,49.76259562600006],[12.404741039000044,49.76279869800004],[12.407506870000077,49.76313102600005],[12.410230138000031,49.764174178000076],[12.41665101700005,49.76663983000003],[12.419628609000029,49.76777746600004],[12.423594688000037,49.769303265000076],[12.429533513000024,49.771497391000025],[12.433172789000025,49.77283042800008],[12.437674023000056,49.77450863300004],[12.439169509000067,49.77505908100005],[12.445180679000032,49.77728717900004],[12.459872717000053,49.78274038200004],[12.467043025000066,49.785388340000054],[12.46827687700005,49.786653942000044],[12.470018664000065,49.787091728000064],[12.47165558200004,49.78566833000008],[12.472723170000052,49.785937782000076],[12.472566860000029,49.787458883000056],[12.474014293000039,49.788660062000076],[12.474745577000022,49.78988558800006],[12.474832799000069,49.790657973000066],[12.474309556000037,49.79194873900008],[12.472616304000042,49.79191863600005],[12.470968184000071,49.79209012800004],[12.469879282000022,49.79244239600007],[12.469143,49.79287188200004],[12.46827657700004,49.793267900000046],[12.467084240000077,49.793788619000054],[12.466382212000042,49.79415796200004],[12.465634373000057,49.79475431000003],[12.465293812000027,49.79541504300005],[12.465767656000025,49.796645081000065],[12.46638992800007,49.79701530500006],[12.470653216000073,49.799584577000076],[12.470426130000021,49.80102874500005],[12.470351590000064,49.80252081400005],[12.46907695300007,49.80364091100006],[12.46673594300006,49.80587745400004],[12.466837166000062,49.80630769800007],[12.467038503000026,49.80714120600004],[12.467111939000063,49.80757193100004],[12.466727896000066,49.80803757800004],[12.464217560000066,49.81022299800003],[12.465466250000077,49.811497391000046],[12.466862169000024,49.812967221000065],[12.469825013000047,49.81389838600006],[12.47331612000005,49.81511176600003],[12.473177035000049,49.81663818100003],[12.473265887000025,49.81700573200004],[12.47387985100005,49.818054722000056],[12.474788554000042,49.81911049400003],[12.474943568000072,49.81929829900008],[12.474539228000026,49.821672027000034],[12.474520761000065,49.82189734800005],[12.474640556000054,49.82210226600006],[12.476116815000069,49.82482160100005],[12.476268165000022,49.82511596900008],[12.476232813000024,49.82526958400007],[12.475539196000057,49.82699164600007],[12.473497421000047,49.82975412400003],[12.473059876000036,49.83161572300003],[12.472999575000074,49.832669243000055],[12.472946945000047,49.83358868500005],[12.474060355000063,49.83452107700003],[12.475340363000043,49.835556118000056],[12.475565207000045,49.836412375000066],[12.475800954000022,49.83731011500004],[12.477602533000038,49.83780078500007],[12.478540388000056,49.83893646900003],[12.482636330000048,49.84171811500005],[12.483638534000022,49.841726720000054],[12.486513633000072,49.84158742000005],[12.487424986000065,49.841403402000026],[12.487814008000043,49.84119657200006],[12.488552664000053,49.840897899000026],[12.489204201000064,49.84062932200004],[12.48967553500006,49.840278168000054],[12.489702958000066,49.83987763400006],[12.490045414000065,49.83961446100005],[12.490794792000031,49.839572763000035],[12.491491646000043,49.839331953000055],[12.492317355000068,49.83900315400007],[12.492928285000062,49.83882099200008],[12.493800520000036,49.83854851700005],[12.494763443000068,49.83833159500006],[12.49551279700006,49.83828986600008],[12.496214403000067,49.83816324400004],[12.498008183000024,49.83757961400005],[12.498258211000064,49.83824952500004],[12.498318072000075,49.838680477000025],[12.49856046800005,49.84014323300005],[12.498876039000038,49.84140774800005],[12.498547685000062,49.84305660800004],[12.499088739000058,49.84726066700006],[12.498780147000048,49.84834747900004],[12.497405383000057,49.851457510000046],[12.49768380100005,49.85326239800003],[12.498119359000043,49.85486211600005],[12.497845379000069,49.85690503600006],[12.503886732000069,49.857558641000026],[12.507397368000056,49.857609840000066],[12.51065890700005,49.85836221000005],[12.512106090000032,49.85942569500003],[12.513180803000068,49.86088308400008],[12.51457023000006,49.86194197300006],[12.515738449000025,49.86389740900006],[12.518639816000075,49.86828305800003],[12.518699294000044,49.868372005000026],[12.518741643000055,49.86871326200003],[12.518942292000077,49.87179678200005],[12.519058915000073,49.87683485100007],[12.51907152900003,49.87713163500007],[12.519160764000048,49.877265055000066],[12.520147965000035,49.87919158400007],[12.521364477000077,49.88028600700005],[12.521871473000033,49.881726041000036],[12.523716700000023,49.88292655300006],[12.525615740000035,49.88468441400005],[12.530670061000023,49.888080589000026],[12.532662337000033,49.88915948200008],[12.534509876000072,49.889955169000075],[12.535518937000063,49.890794405000065],[12.537744776000068,49.89112605500003],[12.539959607000071,49.89120067300007],[12.540423675000056,49.89170672400007],[12.540933179000035,49.89224053400005],[12.54342930200005,49.89473901900004],[12.545152010000038,49.89570824000003],[12.547611720000077,49.89837875500007],[12.548367464000023,49.89921378200006],[12.549673107000046,49.90109238200006],[12.550572861000035,49.902646092000055],[12.550958700000024,49.90389650000003],[12.550805485000069,49.90547096100005],[12.551255709000031,49.90923493200006],[12.550593505000052,49.91111126700008],[12.549036319000038,49.913175583000054],[12.548857893000047,49.915193431000034],[12.548256189000028,49.916633079000064],[12.548349292000069,49.91930330000008],[12.547730388000048,49.92034324000008],[12.544550447000063,49.92255785200007],[12.541385074000061,49.92408633100007],[12.538495382000065,49.92482393500006],[12.53645137500007,49.924856731000034],[12.535005669000043,49.924954581000065],[12.530723605000048,49.92577722800007],[12.529207059000044,49.92628211700003],[12.52750250400004,49.92661159900007],[12.526412932000028,49.92682219300008],[12.521975090000069,49.92767981500003],[12.520480368000051,49.927865902000065],[12.51384034800003,49.927864456000066],[12.512205349000055,49.92758378500008],[12.510930346000066,49.92796350900005],[12.508150779000061,49.92881547700006],[12.504450310000038,49.92933968800003],[12.501377083000023,49.93060839800006],[12.498567885000057,49.93235017000006],[12.493048857000076,49.93322672600004],[12.493112,49.934245840000074],[12.49406951900005,49.93579512800005],[12.494354409000039,49.936933175000036],[12.492211693000058,49.936365221000074],[12.490848908000032,49.93647248800005],[12.483107933000042,49.93572796600006],[12.481113582000035,49.93583768500008],[12.478408984000055,49.93567259100007],[12.477739756000062,49.93618923100007],[12.477051599000049,49.93672400400004],[12.475514391000047,49.93791852800007],[12.475026882000066,49.93860199900007],[12.473917331000052,49.94008826900006],[12.47301309200003,49.942488995000076],[12.47145666800003,49.943964978000054],[12.470510503000071,49.94502537500006],[12.469839203000049,49.94733204100004],[12.469803739000042,49.94748565800006],[12.469955441000025,49.94778004200003],[12.470481629000062,49.94903097400004],[12.474660791000076,49.951919693000036],[12.476031072000069,49.95467701300004],[12.47829792500005,49.95678133200005],[12.479382951000048,49.95713159400003],[12.481405464000034,49.95827519900007],[12.484475381000038,49.95842418800004],[12.485225051000043,49.95825634400006],[12.487391290000062,49.95798044800006],[12.488201257000071,49.957930598000075],[12.488814345000037,49.958027059000074],[12.48985809900006,49.958270783000046],[12.490610280000055,49.95860294000005],[12.490763850000064,49.95918368400004],[12.491037535000032,49.95954801000005],[12.491135285000041,49.960117823000076],[12.491312306000054,49.96081722400004],[12.491223627000068,49.96134266900003],[12.490942515000029,49.96168096800005],[12.490771563000067,49.96200543500004],[12.491140482000048,49.96243953700008],[12.491969061000077,49.96327043300005],[12.492958729000065,49.96441998600005],[12.49350425700004,49.96554158200007],[12.493946076000043,49.96639113700007],[12.494056317000059,49.96681785000004],[12.494016057000067,49.967616304000046],[12.493697936000046,49.96844658500004],[12.49386385200006,49.969758185000046],[12.49552698900004,49.970780836000074],[12.496432304000052,49.97107099400006],[12.499541530000045,49.97201625400004],[12.498822913000026,49.97282916700004],[12.496577738000042,49.97452458300006],[12.494797559000062,49.975628537000034],[12.494214077000038,49.97639303200003],[12.492151974000024,49.97857528500003],[12.49198210700007,49.97927836900004],[12.490928947000043,49.97974009300003],[12.490219314000058,49.98078122700008],[12.489889638000022,49.98176080700006],[12.486372680000045,49.98099119700004],[12.483932521000042,49.981162606000055],[12.481892910000056,49.98089770900003],[12.481147908000025,49.981328036000036],[12.477363291000074,49.980869745000064],[12.476532531000032,49.98076912800008],[12.476183917000071,49.98181492600003],[12.475639270000045,49.98344870100004],[12.473703379000028,49.985228290000066],[12.471196342000042,49.986512539000046],[12.469786641000042,49.987968075000026],[12.468883322000067,49.988821743000074],[12.468474332000028,49.98980294000006],[12.47033041700007,49.99072280900003],[12.468975361000048,49.99170924800006],[12.467431282000064,49.99285193600008],[12.465820756000028,49.99314924500004],[12.463789417000044,49.99424675600005],[12.462506854000026,49.994560927000066],[12.460668,49.99487412800005],[12.458964062000064,49.99476053200004],[12.457906390000062,49.99419527200007],[12.456776603000037,49.99411941100004],[12.455391666000025,49.99367881100005],[12.453924775000075,49.99348963600005],[12.454035327000042,49.99303529100007],[12.454027291000045,49.99239247200006],[12.453460681000024,49.99164015800005],[12.452399884000044,49.99144400800003],[12.45118459300005,49.99108379900008],[12.450188826000044,49.99067219700004],[12.448934705000056,49.99026500300005],[12.447737131000054,49.990292520000025],[12.446749055000055,49.98965938500004],[12.443811521000043,49.98828071500003],[12.442865389000076,49.98772532600003],[12.441910502000042,49.986955762000036],[12.440742486000033,49.986392230000035],[12.43993495500007,49.98696557900007],[12.436863287000051,49.98591049500004],[12.433932577000064,49.985138695000046],[12.43151961600006,49.984381864000056],[12.431373865000069,49.98540420100005],[12.431488734000027,49.98582526200005],[12.431751121000048,49.98712584100008],[12.431824515000073,49.987556606000055],[12.431433491000064,49.98858024900005],[12.429329001000042,49.98929953800007],[12.426917508000031,49.990123683000036],[12.425876950000031,49.99096927700003],[12.425579170000049,49.99119931000007],[12.425950296000053,49.99140004600008],[12.427680796000061,49.99230082300005],[12.428546065000035,49.992751199000054],[12.431279950000032,49.99308008000003],[12.433793155000046,49.99338235100004],[12.435233452000034,49.993780926000056],[12.435349110000061,49.99421997200005],[12.435508094000056,49.99469428400005],[12.43560943700004,49.995124573000055],[12.435280497000065,49.99698419600003],[12.435205254000039,49.998902515000054],[12.434090479000076,49.99964144100005],[12.431915211000046,50.00039832600004],[12.431223629000044,50.00261508500006],[12.428307271000051,50.00232242200008],[12.427674740000043,50.00214606900005],[12.426146350000067,50.00171992400004],[12.424395625000045,50.00080896600008],[12.424525802000062,50.000325255000064],[12.424057229000027,50.00047716300003],[12.421229949000065,50.00134384000006],[12.418891936000023,50.00257122100004],[12.417334650000043,50.003425424000056],[12.416183835000027,50.003990771000076],[12.41520427000006,50.00443585700003],[12.414398719000076,50.004616070000054],[12.413335670000038,50.00482441100007],[12.412338770000076,50.004841129000056],[12.411194183000077,50.00486031400004],[12.410414977000073,50.00477811700006],[12.40967749400005,50.00481427900007],[12.408761149000043,50.004996308000045],[12.407846713000026,50.00522592300007],[12.406890558000043,50.00533716400008],[12.405820758000061,50.00537885600005],[12.40474426000003,50.00525396100005],[12.403407397000024,50.005085776000044],[12.402482423000038,50.00505358200007],[12.401899306000075,50.00525380900007],[12.401729020000062,50.00561384100007],[12.401858893000053,50.00608793200007],[12.402279382000074,50.00643811200007],[12.402778564000073,50.006696575000035],[12.40260150100005,50.00756452400003],[12.401521713000022,50.00823507000007],[12.400242081000044,50.008620603000054],[12.399323740000057,50.008620722000046],[12.398258235000071,50.007912145000034],[12.39763731000005,50.00855351600006],[12.398050419000072,50.009642032000045],[12.399634458000037,50.01049729200008],[12.401336919000073,50.01125804800006],[12.402216378000048,50.01204768100007],[12.402927090000048,50.01332573600007],[12.402808425000046,50.013889204000066],[12.40183286000007,50.01457973000004],[12.400648870000055,50.015004281000074],[12.399631361000047,50.01498977700004],[12.399257305000049,50.01486076600003],[12.398916826000061,50.01466402500006],[12.398533696000072,50.01432511500008],[12.397934716000066,50.01413267300006],[12.397149187000025,50.01389570400005],[12.396604182000033,50.013666638000075],[12.395734915000048,50.01364536700004],[12.395033259000058,50.01365702500004],[12.393620909000049,50.013454255000056],[12.389918907000038,50.01275706600006],[12.389216023000074,50.012642707000055],[12.386561272000051,50.012501471000064],[12.382811114000049,50.01298015000003],[12.38215112000006,50.01311010400008],[12.381357673000025,50.01346557900007],[12.37962079500005,50.014043213000036],[12.377751873000022,50.01657600200008],[12.377750287000026,50.017593033000026],[12.37774773800004,50.01788107600004],[12.37785115500003,50.01802337500004],[12.37823869400006,50.01863799900008],[12.378506721000065,50.01905658900006],[12.378353527000058,50.01906811100008],[12.375748859000055,50.01925496300004],[12.37335018400006,50.018657467000025],[12.370480157000031,50.01787927500004],[12.368950090000055,50.017621174000055],[12.367533093000077,50.01744379500008],[12.367446957000027,50.01943923200008],[12.367319611000028,50.01992507500006],[12.366970327000047,50.02035555400005],[12.365700030000028,50.021579829000075],[12.365571732000035,50.022042086000056],[12.365783547000035,50.02277016000005],[12.364546907000033,50.02299095600006],[12.362470487000053,50.02467672300003],[12.362037249000025,50.024837181000066],[12.36158199700003,50.02490360400003],[12.36108921400006,50.02494703800005],[12.360677514000031,50.02518973200006],[12.360137690000045,50.02543451300005],[12.359809625000025,50.02547525600005],[12.359599958000047,50.025266292000026],[12.35970005200005,50.025016883000035],[12.359801535000031,50.024802847000046],[12.359627087000035,50.024557912000034],[12.359113688000036,50.02454268000008],[12.358642909000025,50.024680138000065],[12.358344718000069,50.02501536500006],[12.358246930000064,50.02532373100007],[12.358145439000054,50.025537764000035],[12.357837525000036,50.02562537100005],[12.357617189000052,50.02564460500008],[12.356044117000067,50.02688658100004],[12.355439937000028,50.027529936000064],[12.355186579000076,50.02809156300003],[12.354974510000034,50.02870319900006],[12.354358393000041,50.02904264800003],[12.353585011000064,50.029384648000075],[12.35253741300005,50.02975643600007],[12.351609721000045,50.030176951000044],[12.350687950000065,50.030749409000066],[12.349845779000077,50.031345911000074],[12.34935841600003,50.03196199700005],[12.349338881000051,50.03246913800007],[12.349520875000053,50.033099718000074],[12.349304755000048,50.033610045000046],[12.348811430000069,50.03407417900007],[12.348559934000036,50.034686441000076],[12.348209259000043,50.03578179100003],[12.347720841000069,50.03637254700004],[12.346987600000034,50.03673919100004],[12.345857197000043,50.03701089000003],[12.34516029200006,50.037300911000045],[12.344386709000048,50.037642849000065],[12.343411582000044,50.037861331000045],[12.342482665000034,50.03825644700004],[12.341586157000052,50.03847364400008],[12.340807607000045,50.03868893200007],[12.340269901000056,50.03902703800003],[12.33980788100007,50.039287897000065],[12.338880725000024,50.039610002000074],[12.337591198000041,50.03993213900003],[12.337088619000042,50.03916186100008],[12.33566628400007,50.03851874800006],[12.333543815000041,50.03603287900006],[12.333639224000024,50.03488835400003],[12.330953801000021,50.03339494900007],[12.328852813000026,50.032217985000045],[12.327686018000065,50.032346877000066],[12.325409712000067,50.03301885800005],[12.324605986000051,50.033973263000064],[12.324529336000069,50.03525934500004],[12.325458225000034,50.03688247700006],[12.325175726000055,50.03737728800007],[12.324412073000076,50.038425207000046],[12.324464914000032,50.038848062000056],[12.323347119000061,50.039242545000036],[12.322436982000056,50.04123434400003],[12.320550165000043,50.04210681600006],[12.319605564000028,50.042691844000046],[12.318932310000037,50.04324396700008],[12.318332099000031,50.043794923000064],[12.317654298000036,50.044229416000064],[12.316976484000065,50.04466390500005],[12.316665767000075,50.045139627000026],[12.316281983000067,50.04561651100005],[12.315611629000045,50.04611142500005],[12.31740017900006,50.04703402100006],[12.318500722000067,50.04795946300004],[12.319154523000066,50.04880629000007],[12.319241674000068,50.049919318000036],[12.31885193900007,50.05132569300008],[12.31840466400007,50.05239008500007],[12.31733312700004,50.053378688000066],[12.315987182000072,50.05300005600003],[12.314371859000062,50.05253996600004],[12.31335771700003,50.053870516000075],[12.312067547000026,50.054948264000075],[12.310936169000058,50.05553770800003],[12.309566603000064,50.05570229500006],[12.307225557000038,50.05599654300005],[12.305026265000038,50.056517101000054],[12.301445538000053,50.058059531000026],[12.299071909000077,50.05866844500008],[12.298068001000047,50.05852089700005],[12.295053623000058,50.05804589100006],[12.292268805000049,50.05717524800008],[12.289209543000027,50.05700484400006],[12.287865547000024,50.05692995600003],[12.283198640000023,50.056423110000026],[12.281989838000072,50.055719192000026],[12.281285688000025,50.05543550400006],[12.280251229000044,50.055219470000054],[12.279292123000062,50.05516298400005],[12.279354738000052,50.05609067700004],[12.27923491000007,50.056592597000076],[12.278881108000064,50.05714281000007],[12.278467154000055,50.05756894500007],[12.277950460000056,50.05784487600005],[12.277168036000035,50.05806243500007],[12.27604675300006,50.05849063800008],[12.275150930000052,50.05901354900004],[12.274273968000045,50.05967010300003],[12.273603584000057,50.060287723000044],[12.27304308400005,50.06087684500005],[12.272516136000036,50.06125113400003],[12.271933556000022,50.06125124500005],[12.271271807000062,50.06135973600004],[12.270147567000038,50.06134145000004],[12.269503195000027,50.06117284700008],[12.268943672000034,50.061047572000064],[12.267519320000076,50.06079281400008],[12.266717142000061,50.06048376500007],[12.265646257000071,50.06003599500008],[12.264478686000075,50.05959863800007],[12.263300268000023,50.05924180300008],[12.26303512000004,50.05882621200004],[12.262578232000067,50.05847608600004],[12.261663235000071,50.05811516700004],[12.26091210800007,50.05843035500004],[12.261051811000073,50.05884611400006],[12.260993468000038,50.05937423700004],[12.260622381000076,50.059882077000054],[12.260172402000023,50.060366025000064],[12.259805964000066,50.060999320000064],[12.259867334000035,50.06160091500004],[12.260204351000027,50.06227358000007],[12.260698223000077,50.06296893200005],[12.26091365600007,50.063517940000054],[12.26093419700004,50.06406995300006],[12.261113459000057,50.06469483700005],[12.261797601000069,50.06526172100007],[12.262593094000067,50.065676247000056],[12.263231743000063,50.06606808400005],[12.263564162000023,50.06661528200004],[12.263620911000032,50.067091418000075],[12.263985778000063,50.06746237300007],[12.264702427000032,50.067852997000045],[12.265536973000053,50.06826690100007],[12.266100524000024,50.06873520200003],[12.266505342000073,50.06913063700006],[12.266912042000058,50.06957625300004],[12.267442262000031,50.07019569900007],[12.268124684000043,50.07071236300004],[12.268922201000066,50.07117702800008],[12.269642701000066,50.07166798900005],[12.270241565000049,50.07203529800006],[12.27092122700003,50.07247667200005],[12.271403151000072,50.07284578900004],[12.271972453000046,50.07346461000003],[12.27285837100004,50.074204045000045],[12.273430529000052,50.07489813300003],[12.273764071000073,50.075470393000046],[12.274326848000044,50.07591356200004],[12.274843117000046,50.07615660300007],[12.275353647000031,50.07647093300005],[12.270446531000061,50.07748002100004],[12.266643497000075,50.07840592800005],[12.265245007000033,50.079156530000034],[12.263988578000067,50.08072011100006],[12.263333737000039,50.08153499300005],[12.25910826300003,50.08299509900007],[12.25916992200007,50.08347363000007],[12.259151964000068,50.083985865000045],[12.258956064000074,50.08419128300005],[12.258423748000041,50.08430663100006],[12.258075475000055,50.08439533200004],[12.257599076000076,50.084521721000044],[12.25714381900002,50.08471921900008],[12.256934275000049,50.08505581000003],[12.256590413000026,50.085263499000064],[12.256095949000041,50.08540206500004],[12.25558563800007,50.085612309000055],[12.255296805000057,50.085807242000044],[12.25492861600003,50.08607430200004],[12.254556507000075,50.08622401300005],[12.254283254000029,50.08639920500008],[12.253569344000027,50.08713914500004],[12.253375284000072,50.08742177200003],[12.253144659000043,50.087757647000046],[12.25279443200003,50.08835287900007],[12.25289046000006,50.08894670500007],[12.253126512000051,50.089324075000036],[12.253250094000066,50.089721541000074],[12.25337580200005,50.09005842100004],[12.253204082000025,50.090418234000026],[12.252592872000037,50.090903850000075],[12.252496007000047,50.091286327000034],[12.252471360000072,50.09162007300006],[12.252001925000059,50.09193682700004],[12.251484917000028,50.09196856400007],[12.251327254000046,50.09170904900003],[12.251314035000064,50.09135207200006],[12.251374800000065,50.09099396100004],[12.251218023000035,50.09075824400003],[12.25066139200004,50.09071915000004],[12.250002594000023,50.090919737000036],[12.24945036300005,50.090999629000066],[12.24914915100004,50.09086136800005],[12.248740486000031,50.090819999000075],[12.24838464800007,50.09120643500006],[12.248365252000042,50.09168297000008],[12.24837844800004,50.092039948000036],[12.248537855000052,50.09234706400008],[12.24836257000004,50.092611677000036],[12.247880784000074,50.09259523500003],[12.24742456100006,50.092268845000035],[12.24679041500002,50.09213566900007],[12.246166815000038,50.09228807100004],[12.24599678900006,50.09269547200006],[12.245898988000022,50.09305414500005],[12.245577470000057,50.09336861100007],[12.24506834300007,50.09361450600005],[12.24448785800007,50.09393292400006],[12.244429670000045,50.09436242700008],[12.244444593000026,50.094767002000026],[12.244573136000042,50.09524127800006],[12.245032002000073,50.095639075000065],[12.245440705000021,50.09568045700007],[12.245651257000077,50.09536768600003],[12.245677710000052,50.095081539000034],[12.24607674300006,50.09486113600008],[12.24656294500005,50.094996577000074],[12.246682720000024,50.09523286600006],[12.246693268000058,50.095518448000064],[12.247103730000049,50.09560742100007],[12.247620781000023,50.095575704000055],[12.248032126000055,50.09568847300005],[12.248006566000072,50.09599841900007],[12.247911413000054,50.09642848900006],[12.247775743000034,50.096763931000055],[12.247487689000025,50.096982644000036],[12.247163517000047,50.09722571900005],[12.246949451000035,50.097443299000076],[12.246692233000033,50.097494855000036],[12.246322246000034,50.097329872000046],[12.245745507000038,50.097101191000036],[12.245424507000052,50.096830993000026],[12.245184451000057,50.096647089000044],[12.244889801000056,50.096564056000034],[12.244447105000063,50.09668335600003],[12.243948887000045,50.09687852900004],[12.243347073000052,50.09690021500006],[12.24287388600004,50.09671986300003],[12.242434034000041,50.09638894500006],[12.24172634000007,50.09617465000008],[12.241201786000033,50.09618264300008],[12.24056388300005,50.09627989300003],[12.239725262000036,50.096205130000044],[12.238886183000034,50.096117864000064],[12.238123901000051,50.09600441400005],[12.237263105000068,50.09585494300006],[12.236842269000022,50.09551121100003],[12.236734115000047,50.09521274400004],[12.236406755000075,50.094767553000054],[12.235855908000076,50.09458835300006],[12.235310567000056,50.09455912100003],[12.23456912100005,50.09448284600006],[12.233599962000028,50.09414866600008],[12.232610824000062,50.09408739700007],[12.231797172000029,50.094162254000025],[12.231068088000029,50.09442339100008],[12.230848226000035,50.094789354000056],[12.230870182000046,50.09538924100008],[12.230640031000064,50.09600545100005],[12.230284618000042,50.09638596900004],[12.229820629000073,50.09645551500006],[12.229311385000074,50.096350682000036],[12.228568550000034,50.096236874000056],[12.228065705000063,50.09630700200006],[12.227648331000069,50.096588412000074],[12.227391402000023,50.09700494700007],[12.227272292000066,50.097469415000035],[12.227442329000041,50.097866991000046],[12.227711340000042,50.098313089000044],[12.227923439000051,50.098797561000026],[12.228213260000075,50.099280856000064],[12.228578460000051,50.09991255300008],[12.228935238000076,50.10020022800006],[12.229154397000059,50.100625526000044],[12.22933917100005,50.101122779000036],[12.229469754000036,50.101656569000056],[12.229334374000075,50.10200388900006],[12.228771745000074,50.10231004800005],[12.228110083000047,50.10243911300006],[12.22727539500005,50.102392200000054],[12.226369747000035,50.10242969400008],[12.225337635000074,50.10255243200004],[12.224397587000055,50.10266186500007],[12.22360813900002,50.102840455000035],[12.222749453000063,50.10315104800003],[12.222335208000061,50.10346684400008],[12.221917056000052,50.103675544000055],[12.221313459000044,50.10387513000006],[12.221054012000025,50.10386713100007],[12.220566059000078,50.10368398300005],[12.219775606000042,50.10332679700008],[12.219355610000036,50.10297593900003],[12.218733411000073,50.10266383800007],[12.218003246000023,50.102436698000076],[12.217119116000049,50.102557137000076],[12.216387304000023,50.10279434000006],[12.215574142000037,50.10283036000004],[12.214942103000055,50.10275650400007],[12.214254563000054,50.10268347600004],[12.213709854000058,50.10246543300008],[12.212926801000037,50.102310490000036],[12.212213876000021,50.102047337000045],[12.211276373000032,50.10171610800006],[12.210479145000022,50.10168041800006],[12.209693103000063,50.10195410700004],[12.208987936000028,50.10241707500006],[12.206778591000045,50.106467947000056],[12.205048172000033,50.10737573900008],[12.203723938000053,50.10829545000007],[12.201422343000047,50.10850072300008],[12.20096578600004,50.10898643400003],[12.20094898900004,50.10942811600006],[12.200732401000039,50.10976766700003],[12.200356240000076,50.11021469500008],[12.199912467000047,50.11059966400006],[12.199606920000065,50.111192782000046],[12.199626558000034,50.11173902500008],[12.20003371100006,50.11215338200003],[12.200374020000027,50.112526692000074],[12.20048865800004,50.11298743800006],[12.200673933000076,50.11359427900004],[12.201148724000063,50.11407068800003],[12.201820314000031,50.11456518700004],[12.202260941000077,50.11500005900007],[12.202343687000052,50.11548230100004],[12.20219393900004,50.11586290100007],[12.201550452000049,50.11633752200004],[12.200816205000024,50.116640145000076],[12.200108716000045,50.116965976000074],[12.199408016000064,50.117480887000056],[12.199197420000075,50.11798851000003],[12.199445782000055,50.11853135400003],[12.199593856000035,50.11901262600003],[12.199286739000058,50.11956372600008],[12.198633768000036,50.12049833400005],[12.197966431000054,50.121033760000046],[12.197400128000027,50.121651764000035],[12.196899920000021,50.122289806000026],[12.19665584300003,50.122776901000066],[12.196508290000054,50.123220522000054],[12.196531667000045,50.12387181300005],[12.196618141000044,50.124459106000074],[12.19690371200005,50.125127527000075],[12.197253143000069,50.12575295900007],[12.197242342000038,50.126362716000074],[12.196964813000022,50.12682928700008],[12.196586220000029,50.12721327500003],[12.196537449000061,50.12767645200006],[12.196688540000025,50.12824176600003],[12.19704755600003,50.13004420900006],[12.197131030000037,50.13054746500006],[12.19704553500003,50.13100782200007],[12.197021421000045,50.131137668000065],[12.196434848000024,50.13252293800008],[12.19749788100006,50.13561205500008],[12.19525862100005,50.137202210000055],[12.194506642000022,50.13770833500007],[12.194562821000034,50.13810348800007],[12.195202154000071,50.143043840000075],[12.198646437000036,50.14380272000005],[12.200173970000037,50.14577796200007],[12.202142097000035,50.14559570100005],[12.203607229000056,50.14583488400007],[12.203272860000027,50.14627184900007],[12.202506897000035,50.14709260700005],[12.201427758000023,50.148315239000055],[12.203314539000075,50.15048153400005],[12.20006148300007,50.15153001200008],[12.200498195000023,50.15245092500004],[12.203130839000039,50.153986719000045],[12.211218986000063,50.15878890500005],[12.213066566000066,50.16185346100008],[12.214617645000033,50.164425882000046],[12.215995454000051,50.16817982200007],[12.215414959000043,50.168361994000065],[12.213796153000033,50.168869983000036],[12.208583586000032,50.16866217100005],[12.207301862000065,50.16950995000008],[12.208541186000048,50.171509564000075],[12.208423572000072,50.17290628200004],[12.208300419000068,50.174150087000044],[12.206621922000068,50.17539909000004],[12.206251176000023,50.17638559000005],[12.205428913000048,50.17767580800006],[12.203665276000038,50.18084298200006],[12.203170193000062,50.18265929800003],[12.202817501000027,50.18336950200006],[12.202143057000058,50.18449252400006],[12.201989554000022,50.186843742000065],[12.201769968000065,50.18742858200005],[12.201260710000042,50.18878952100005],[12.199954739000077,50.188437786000065],[12.19998157200007,50.18869152100007],[12.200076894000063,50.189392087000044],[12.199282104000076,50.189898871000025],[12.195261695000056,50.19114642800008],[12.192739636000056,50.19235370300004],[12.19071043300005,50.193625643000075],[12.19022308700005,50.194109823000076],[12.189224848000038,50.19520451900007],[12.189034159000073,50.19540700300007],[12.188941216000046,50.195505694000076],[12.190302666000036,50.197114559000056],[12.191639528000053,50.19764380500004],[12.196390847000032,50.19760052600003],[12.197293813000044,50.197758143000044],[12.197897241000021,50.198163187000034],[12.19760578100005,50.198635495000076],[12.197454144000062,50.19883868000005],[12.19687546700004,50.19925205700008],[12.195996740000055,50.19957462700006],[12.194999074000066,50.19968464400006],[12.19391956000004,50.199581556000055],[12.19166677000004,50.198829061000026],[12.190157098000043,50.20076861700005],[12.187788562000037,50.200338800000054],[12.186642866000057,50.200376713000026],[12.186491685000021,50.20038171500005],[12.185724621000077,50.199678653000035],[12.185231565000038,50.19937635600007],[12.185025672000052,50.19935421500003],[12.184126179000032,50.19925748800006],[12.183407142000021,50.199188879000076],[12.183028573000058,50.19930188700005],[12.182819850000044,50.199364192000075],[12.182321131000037,50.199943002000055],[12.18200439900005,50.20042389000008],[12.18205505000003,50.200804135000055],[12.182529045000024,50.20129310500005],[12.18319966000007,50.20169216800008],[12.183947184000033,50.20184786300007],[12.184614888000056,50.20195021700005],[12.185028601000056,50.20218923300007],[12.185421322000025,50.20261197100007],[12.18595659500005,50.20305651700005],[12.18561045000007,50.203752156000064],[12.185365336000075,50.20416056300007],[12.185002176000069,50.204380213000036],[12.184078546000023,50.20448904300008],[12.184017125000025,50.204847124000025],[12.183802280000066,50.205064589000074],[12.183139055000026,50.20519339500004],[12.181432444000052,50.20519464700004],[12.180818161000047,50.20565608700008],[12.179592756000034,50.20562643800008],[12.178390537000041,50.20513749500003],[12.178424666000069,50.20604008600003],[12.178355901000032,50.20654126800008],[12.17806433900006,50.20686509500007],[12.177685731000054,50.20717630300004],[12.177267792000066,50.20759923400004],[12.17711455500006,50.20789017300007],[12.177071159000036,50.208157862000064],[12.17721332800005,50.20850312200008],[12.177314197000044,50.20890456300003],[12.177326539000035,50.20925172600005],[12.177101352000022,50.20961625900003],[12.176874186000077,50.20992524700006],[12.176778824000053,50.21028787900008],[12.17670756700005,50.21071962700006],[12.176552221000065,50.21122207500008],[12.176250820000064,50.21187949000006],[12.176050212000064,50.21232702300006],[12.17572271900002,50.21285977600007],[12.173494248000054,50.21257988900004],[12.170973987000025,50.212301686000046],[12.170374736000042,50.21262363200003],[12.169485902000076,50.21305235600005],[12.167704430000072,50.212646318000054],[12.167463619000046,50.21218183900004],[12.166812786000037,50.212020316000064],[12.165766851000058,50.212584510000056],[12.164947661000042,50.21361338200006],[12.161869526000032,50.21183114000007],[12.159498486000075,50.21118073500003],[12.159662739000055,50.21163077600005],[12.159652182000059,50.21218727200005],[12.15793278600006,50.213544117000026],[12.157711127000027,50.21442029200006],[12.15991936100005,50.21539628200003],[12.162410840000064,50.21684510500006],[12.16403768500004,50.21784169700004],[12.162656622000043,50.21919520200004],[12.162905610000053,50.21994165800004],[12.160679209000023,50.21984911000004],[12.160223037000037,50.22188570600008],[12.160821895000026,50.22255566100006],[12.162043018000077,50.22297847200008],[12.162127956000063,50.22354497300006],[12.159004912000057,50.22312965100008],[12.15764144600007,50.22321397600007],[12.156533698000032,50.223625980000065],[12.157445024000026,50.22480975900004],[12.158599923000054,50.22573801500005],[12.158453921000046,50.22645935700007],[12.157605939000064,50.22715025900004],[12.15625791900004,50.22787219400004],[12.155420666000055,50.22781285600007],[12.154716954000037,50.22862004500007],[12.152834988000052,50.22896219100005],[12.151585159000035,50.229283027000065],[12.150234845000057,50.22962963700007],[12.149079112000038,50.22969048400006],[12.147532587000057,50.22927365400005],[12.145543610000061,50.230387250000035],[12.148547686000029,50.232335816000045],[12.149646670000038,50.23279652800005],[12.149772260000077,50.23284917600006],[12.150919370000054,50.23336260800005],[12.15180313600007,50.23434986800004],[12.15133213100006,50.23572460500003],[12.149643682000033,50.23599190900006],[12.147448327000063,50.23580749200005],[12.14395778200003,50.23429166900007],[12.142088139000066,50.23378749200003],[12.14139610500007,50.23322464900008],[12.141186563000076,50.23253711400008],[12.141847193000046,50.23170302700004],[12.142186737000031,50.23097819100008],[12.141357325000058,50.23051068400008],[12.139372134000041,50.23073049800007],[12.138033783000026,50.231379608000054],[12.135387484000034,50.23193937700006],[12.130347476000054,50.23226041300006],[12.129199748000076,50.23233348800005],[12.126988390000065,50.23249089500007],[12.121939525000073,50.23418238100004],[12.121586721000028,50.23500325600003],[12.120239715000025,50.23523660800004],[12.114688435000062,50.23682696900005],[12.111638018000065,50.23779252400004],[12.108920518000048,50.23792969400006],[12.108649421000052,50.23898118000005],[12.10857353700004,50.23927549800004],[12.108400679000056,50.240789849000066],[12.108342040000025,50.24318455400004],[12.10715261200005,50.24534312900005],[12.107001454000056,50.24584922400004],[12.106912460000046,50.246120458000064],[12.106832586000053,50.246247571000026],[12.10661642100007,50.24649358900007],[12.106356943000037,50.24670421400003],[12.105818819000035,50.246868162000055],[12.105084375000047,50.24705659800003],[12.104530509000028,50.24710888800007],[12.103951984000048,50.24711698300007],[12.103206427000032,50.246978951000074],[12.102485528000045,50.24688510800007],[12.102134886000044,50.24678608700003],[12.101826996000057,50.24658254600007],[12.10154073800004,50.246334164000075],[12.101141300000052,50.24616159100003],[12.100469721000024,50.24615612200006],[12.09982380100007,50.246224521000045],[12.09920101800003,50.24629259400007],[12.098414238000032,50.24630356600005],[12.097769823000021,50.24641647000004],[12.09736183700005,50.24667453600006],[12.09709319700005,50.24694550600003],[12.096442210000077,50.24754841100008],[12.095600048000051,50.24797582000008],[12.094708574000038,50.24831483400004],[12.093752179000035,50.248788356000034],[12.092910471000039,50.24923058500008],[12.092324817000076,50.249713790000044],[12.092157220000047,50.25023572600003],[12.091831127000034,50.25086378200007],[12.091455733000032,50.25140344600004],[12.090759844000047,50.252384394000046],[12.094460834000074,50.252820890000066],[12.097914892000063,50.25352684300003],[12.102354619000039,50.25571477500006],[12.102511401000072,50.25578458100006],[12.10245317600004,50.256136377000075],[12.102245881000044,50.25747120800003],[12.101887286000022,50.25889814800007],[12.100051062000034,50.26063369800005],[12.098102140000037,50.26194780800006],[12.097471287000076,50.262388576000035],[12.099070681000057,50.26240539500003],[12.10070603400004,50.26275615800006],[12.102301616000034,50.26316082200003],[12.103770586000053,50.26351386600004],[12.104941963000044,50.263684269000066],[12.105949644000077,50.26393700400007],[12.106921183000054,50.26435034200006],[12.108150585000033,50.265000214000054],[12.109053518000053,50.26584144200007],[12.109909406000043,50.26652321800003],[12.111135256000068,50.267066373000034],[12.112149430000045,50.26750575300008],[12.113453991000029,50.26791435600006],[12.114710564000063,50.26813683100005],[12.115711075000036,50.26817610900008],[12.11649529500005,50.26797827100006],[12.117191708000064,50.26764824400004],[12.117761448000067,50.26726663000005],[12.118170827000029,50.267021758000055],[12.118852511000057,50.26652519900006],[12.120053786000028,50.26688922200003],[12.119885312000065,50.26739164400004],[12.12043149300007,50.267610138000066],[12.120355850000067,50.26811124900007],[12.120498089000023,50.268466413000056],[12.120804152000062,50.26872401500003],[12.121498065000026,50.26891660500007],[12.123362327000052,50.26899072000003],[12.126700206000066,50.26969040000006],[12.130454502000077,50.27105904000007],[12.131620612000063,50.27188842600003],[12.132865668000022,50.27296866700004],[12.134125792000077,50.27344213900005],[12.136077378000039,50.27447084700003],[12.136757665000061,50.27465013600005],[12.137122761000057,50.27468523600004],[12.137609264000048,50.27478544500008],[12.137948048000055,50.274911572000065],[12.138291379000066,50.27514122400004],[12.13842208400007,50.275265352000076],[12.13868818800006,50.27564853700005],[12.13923976600006,50.27656762300006],[12.139613845000042,50.27722825400008],[12.139832224000031,50.27745012400004],[12.139920828000072,50.27757485300003],[12.139939875000039,50.27771857600004],[12.139888424000048,50.27785430600005],[12.139547549000042,50.27821454800005],[12.138681354000028,50.27882262900005],[12.137771962000045,50.279404243000045],[12.137236079000047,50.27979097800005],[12.136616657000047,50.280205978000026],[12.136003802000062,50.28081042500003],[12.13564529200005,50.281438319000074],[12.135669724000024,50.282141987000045],[12.135865928000044,50.282924438000066],[12.135884726000029,50.28346572100003],[12.13548019600006,50.28398596000005],[12.134898245000045,50.28426503000003],[12.134105093000073,50.28454710300008],[12.133612299000049,50.28496028300003],[12.133078195000053,50.28540112700006],[12.132116988000064,50.285712656000044],[12.131280616000026,50.28596824700003],[12.13057189400007,50.28624909500007],[12.129863163000039,50.28652994000004],[12.129328070000042,50.28694370100004],[12.12883895300007,50.28746511800006],[12.128302906000044,50.28785181000006],[12.127518070000065,50.28837741700005],[12.126099564000071,50.288912],[12.124976735000075,50.28944237700006],[12.124107346000073,50.28996915700003],[12.123282980000056,50.29057652500006],[12.12279469200007,50.29112498000006],[12.122347705000038,50.29164577200004],[12.122288384000058,50.29237770200007],[12.122312623000028,50.293081372000074],[12.122545303000038,50.29370086500006],[12.12256302000003,50.294215085000076],[12.122459584000069,50.294893484000056],[12.121671457000048,50.296556347000035],[12.121269453000025,50.29715773100003],[12.120822393000026,50.297678517000065],[12.120411987000068,50.29803631900006],[12.120080492000056,50.298230541000066],[12.119750856000053,50.29847889000007],[12.11961722600006,50.298934244000066],[12.119579246000058,50.29942750100008],[12.119742231000032,50.29990619000006],[12.120049658000028,50.30032418300004],[12.120544596000059,50.30086857500004],[12.121167291000063,50.30139942800008],[12.12171354000003,50.30183750600003],[12.122224800000026,50.302323003000026],[12.122430096000073,50.30296533100005],[12.122711052000056,50.303676979000045],[12.12294812600004,50.30417808000004],[12.12345821200006,50.304628394000076],[12.124185582000052,50.30500524300004],[12.124854800000037,50.30528905800003],[12.125543955000069,50.305619515000046],[12.125959298000055,50.30597730800008],[12.126170819000038,50.306267598000034],[12.126191251000023,50.306614180000054],[12.125965282000038,50.30715581700008],[12.125560837000023,50.30761714500005],[12.124894958000027,50.30799933600008],[12.124098353000022,50.30834195400007],[12.123364239000068,50.30862155500006],[12.122732076000034,50.30904467400006],[12.122200435000025,50.309569914000065],[12.121733427000038,50.31009423900008],[12.121292316000051,50.31043181500007],[12.120487094000055,50.310526020000054],[12.119647410000027,50.31055857800004],[12.118911812000022,50.310796753000034],[12.118342092000034,50.311156839000034],[12.117773786000043,50.311558321000064],[12.117037451000044,50.311775786000055],[12.116523825000058,50.31188656300003],[12.116049625000073,50.31220387500008],[12.115834723000035,50.31253824500004],[12.115229793000026,50.312815974000046],[12.114425230000052,50.31293083600008],[12.113716926000052,50.31302363000003],[12.113241276000053,50.31329953200003],[12.112664392000056,50.31345260000006],[12.112154280000027,50.31366685300003],[12.111905603000025,50.31396027100004],[12.111294963000034,50.314072388000056],[12.110869065000031,50.31391269300008],[12.110282253000037,50.31377596100003],[12.10966807400007,50.31378457400007],[12.109254214000032,50.313976756000045],[12.108678016000056,50.314150503000064],[12.10819384000007,50.31417799500008],[12.107555106000063,50.31441473900003],[12.106879092000042,50.314507038000045],[12.106200250000029,50.31451653700003],[12.105493319000061,50.31465067800008],[12.10485456300006,50.31488740700007],[12.104188412000042,50.31526947800006],[12.103586904000053,50.31565064200004],[12.103215903000034,50.31615283800005],[12.102907436000066,50.31659203300006],[12.102630584000053,50.31701007700008],[12.10206207400006,50.31741148100008],[12.101523769000039,50.31775033400004],[12.100900370000033,50.31802824400006],[12.100365632000035,50.318884765000064],[12.099327085000027,50.31926911800008],[12.097982066000043,50.32303101200006],[12.09645464600004,50.32273794500003],[12.095132788000058,50.32324206800007],[12.094080389000055,50.32511397700006],[12.090346650000072,50.32425138500008],[12.091562576000058,50.32589181700007],[12.090813800000035,50.32618793000006],[12.092418429000077,50.328902637000056],[12.09044153800005,50.32947900500005],[12.089930869000057,50.33059302500004],[12.091937137000059,50.33168709900008],[12.091343377000044,50.33260968800005],[12.088730354000063,50.331902944000035],[12.087995922000061,50.33262744400008],[12.086140515000068,50.33188159100007],[12.08814615500006,50.33061771700005],[12.087600718000033,50.33017556600004],[12.086267966000037,50.330365424000036],[12.085135802000025,50.33120969300006],[12.082511426000053,50.33016008300007],[12.083084447000033,50.32851870200005],[12.081538687000034,50.32770303900003],[12.079892806000032,50.32683473700007],[12.077925556000025,50.32785156700004],[12.075606505000053,50.32791197900008],[12.07500004700006,50.328463197000076],[12.074724050000043,50.32955277900004],[12.070860785000036,50.329163521000055],[12.070908897000038,50.33026221800003],[12.06950628100003,50.33112593800007],[12.064216204000047,50.33303947600007],[12.062891852000064,50.33214315200007],[12.06304661400003,50.33142670700005],[12.061374861000047,50.33082082900006],[12.063179121000076,50.32942132200003],[12.061624638000069,50.32893158100006],[12.057049993000021,50.33198844300006],[12.055871960000047,50.33165342600006],[12.056069223000065,50.33039082400006],[12.058284843000024,50.32766993300004],[12.059027911000044,50.326759897000045],[12.05777467400003,50.32627293200005],[12.056259326000031,50.32721142500003],[12.05483582900007,50.32752768900008],[12.053870002000053,50.32808073100006],[12.051854411000022,50.330906825000056],[12.047993646000066,50.33107591800007],[12.046435516000031,50.33115090500007],[12.04906339300004,50.32855064000006],[12.04907190800003,50.32624665900005],[12.049078398000063,50.325589609000076],[12.04685190500004,50.32499865700004],[12.04638966300007,50.32590482900008],[12.045344267000075,50.32788978500008],[12.045931309000025,50.329069815000025],[12.045847254000023,50.329934895000065],[12.042752505000067,50.332883335000076],[12.038908487000072,50.33657968300008],[12.037209215000075,50.335783485000036],[12.041125042000033,50.33213122900003],[12.04182809300005,50.33097060000006],[12.039689594000038,50.330800562000036],[12.035996862000047,50.330105813000046],[12.034952012000076,50.32954831600006],[12.033299172000056,50.32970712600007],[12.032156905000022,50.330071383000075],[12.031315354000071,50.33354935400007],[12.031024312000056,50.33411119900006],[12.029499035000072,50.33649837100006],[12.02989049200005,50.33729410800004],[12.030884272000037,50.33931474100007],[12.028725346000044,50.33986059000006],[12.027643968000064,50.34093218500004],[12.024819409000031,50.34056968700003],[12.024392771000066,50.33980387200006],[12.021649065000076,50.33941944500003],[12.020539708000058,50.34076927900003],[12.01941200500005,50.34041274800006],[12.017701909000039,50.341378269000074],[12.01839162400006,50.34199776500003],[12.016104574000053,50.34234556500007],[12.014640474000032,50.34360679500003],[12.013944243000026,50.34469590000003],[12.013914645000057,50.34552423500003],[12.01477557100003,50.34756012300005],[12.012300198000048,50.34736337600003],[12.011715217000074,50.34622815100005],[12.008617518000051,50.346298209000054],[12.008238525000024,50.34569788300007],[12.003956414000072,50.34575928300006],[12.000846602000024,50.34613534500005],[11.99844684900006,50.34647396100007],[11.997250746000077,50.34689452600003],[11.996715072000029,50.34729747700004],[11.996336034000024,50.347761382000044],[11.996280868000042,50.34868003500003],[11.996751032000077,50.34975383500006],[11.99837199700005,50.35251351200003],[11.996971075000033,50.35401666700005],[11.994706910000048,50.35314620400004],[11.994791089000046,50.35225417300006],[11.992288667000025,50.352736667000045],[11.991017899000042,50.35172823900007],[11.988169481000057,50.35062224700005],[11.982282317000056,50.34987840400004],[11.980466813000021,50.350288782000064],[11.978503127000067,50.350908021000066],[11.977170940000065,50.35148311300003],[11.976043698000069,50.352292688000034],[11.982554633000063,50.35666657300004],[11.98162670000005,50.358535215000074],[11.980682143000024,50.361598162000064],[11.980043157000068,50.362013510000054],[11.978893697000046,50.36097110900005],[11.976512284000023,50.361944634000054],[11.978497496000045,50.36257628900006],[11.979757203000077,50.36349993300007],[11.979558884000028,50.36479839000003],[11.980733521000047,50.365017246000036],[11.98153041300003,50.363851589000035],[11.984773226000073,50.36469550500004],[11.982286583000075,50.36563618000008],[11.984295100000054,50.36653035100005],[11.981147199000077,50.36728528200007],[11.981441217000054,50.36811010800005],[11.979074506000075,50.36814058600004],[11.978960913000037,50.36949473700008],[11.983149791000073,50.373823446000074],[11.984691655000063,50.37541442700007],[11.982760980000023,50.37737930800006],[11.981431439000062,50.37734634700007],[11.980139308000048,50.37784168400003],[11.979763365000053,50.37889771700003],[11.979329332000077,50.37941626500003],[11.97859876800004,50.380004479000036],[11.97955600900002,50.38035827900006],[11.980326267000066,50.38113130700003],[11.98127075900004,50.38207307300007],[11.981467259000055,50.38250251000005],[11.981120846000067,50.38356889600004],[11.980838997000035,50.384004495000056],[11.980909160000067,50.38444455900003],[11.981301790000032,50.384844472000054],[11.982858885000041,50.386149954000075],[11.982523129000072,50.386840035000034],[11.984096008000051,50.38775123200003],[11.98394319700003,50.38870713500006],[11.980663967000055,50.38783147100003],[11.979502779000029,50.38951473600008],[11.978227272000026,50.39136356500006],[11.974696373000029,50.39054496000006],[11.971843076000027,50.39293033900003],[11.970353979000038,50.393480347000036],[11.96940830400007,50.394752339000036],[11.968874381000035,50.39627281200006],[11.969082571000058,50.39721305900008],[11.96668403800004,50.398660361000054],[11.964572062000059,50.39993463600007],[11.962909897000031,50.39852036900004],[11.962360600000068,50.39667011700004],[11.96025004300003,50.39541794000007],[11.958559292000075,50.39634822900007],[11.957232760000068,50.39707807500008],[11.953012268000066,50.396474296000065],[11.951462869000068,50.394431257000065],[11.950423725000064,50.39451636100006],[11.94937688500005,50.39480853600003],[11.948898765000024,50.39528252200006],[11.948307563000071,50.396198895000055],[11.947908376000044,50.39695086100005],[11.947787996000045,50.39852724900004],[11.947861813000031,50.39955223800007],[11.948070279000035,50.40037754700006],[11.948455620000061,50.40100264400007],[11.949539233000053,50.40189792100006],[11.950800120000054,50.40306093200007],[11.952169780000077,50.40409656600008],[11.953648606000058,50.405472778000046],[11.952059451000025,50.40614393200008],[11.953550171000074,50.406639417000065],[11.954374087000076,50.40707448200004],[11.95371429000005,50.407595781000055],[11.951453360000073,50.40825427900006],[11.950414077000062,50.40787905600007],[11.947877305000077,50.41010819600007],[11.946036789000061,50.41024833500006],[11.94590482500007,50.41104633800006],[11.944162376000065,50.411576773000036],[11.94306629700003,50.41303041000003],[11.945645081000066,50.41628277400008],[11.939146234000077,50.41838907500005],[11.937707888000034,50.42075340200006],[11.936012963000053,50.42213605000006],[11.934729681000022,50.42366379600003],[11.933315977000063,50.42396038800007],[11.932672060000073,50.42270851100005],[11.929779765000035,50.421169614000064],[11.927505895000024,50.422051889000045],[11.925664721000032,50.42342548100004],[11.924249603000021,50.423676983000064],[11.922138736000022,50.423518399000045],[11.921843070000023,50.42409350400004],[11.919322860000023,50.42472776500006],[11.91795253500004,50.42411293300006],[11.914319068000054,50.42375762800003],[11.912092279000035,50.42258492700006],[11.91042609300007,50.422205344000076],[11.905833724000047,50.41969001400008],[11.906160463000049,50.41843692300006],[11.906116976000021,50.41720074800003],[11.901604855000073,50.417286613000044],[11.90176077600006,50.41637579700006],[11.899747087000037,50.41653552900004],[11.895086582000033,50.415961957000036],[11.892244671000071,50.41559141700003],[11.889655334000054,50.41551495600004],[11.887548372000026,50.415855125000064],[11.886410084000033,50.41594083900003],[11.885421622000024,50.41585375500006],[11.883752896000033,50.415144905000034],[11.882398717000058,50.414594237000074],[11.880923214000063,50.41374803900004],[11.880384334000041,50.413142565000044],[11.877692512000067,50.41019612100007],[11.876572961000022,50.40899464100005],[11.876081009000075,50.40860568200003],[11.87505931800007,50.40779786200005],[11.873737951000066,50.40691373800007],[11.872267837000038,50.40623835200006],[11.869955941000057,50.40552538500003],[11.869795476000036,50.40547589700003],[11.868762679000042,50.405308208000065],[11.86815838700005,50.40486544200007],[11.867562946000021,50.404242586000066],[11.867239347000066,50.40328353000007],[11.867243363000057,50.40260605000003],[11.867246498000043,50.40207756700005],[11.867250626000043,50.40173555300004],[11.867028248000054,50.40135123500005],[11.866580677000059,50.40096959200008],[11.865811749000045,50.40067275600006],[11.862483068000074,50.39998330700007],[11.860419077000074,50.39969276900007],[11.857482502000039,50.39941249600008],[11.856617165000046,50.39967467900004],[11.855715304000057,50.400135265000074],[11.855590265000046,50.40024136000005],[11.854231028000072,50.40139461900003],[11.853803776000063,50.40171461500006],[11.853171435000036,50.40175805200005],[11.852351975000033,50.40165970000004],[11.850493150000034,50.401159593000045],[11.848896879000051,50.40048539700007],[11.847232628000029,50.39968741700005],[11.845599256000071,50.39890419300008],[11.84384908900006,50.39825872600005],[11.843494409000073,50.39816388000003],[11.841450802000054,50.39759379600008],[11.839969422000024,50.39699013100005],[11.839381291000052,50.39666184100008],[11.838753427000029,50.39631136600008],[11.838037972000052,50.39590573600003],[11.837158513000077,50.395672991000026],[11.83612323400007,50.395406053000045],[11.835635797000066,50.39509674900006],[11.835342576000073,50.394686199000034],[11.834925299000076,50.393377187000056],[11.834563986000035,50.39403830800006],[11.834084206000057,50.39449382500004],[11.833670952000034,50.39481358300003],[11.833238516000051,50.39495358200003],[11.832591154000056,50.394961084000045],[11.831938948000072,50.39479765800007],[11.830395375000023,50.39397861600003],[11.827034668000067,50.39211865500005],[11.826544531000025,50.39171035500004],[11.825532081000063,50.390750138000044],[11.825025779000043,50.39025643400004],[11.824866265000026,50.39010088500004],[11.824265370000035,50.38975684500008],[11.823488647000033,50.389666798000064],[11.820485505000022,50.39049323000006],[11.81936134600005,50.39106406900004],[11.818900317000043,50.39169028600003],[11.818496131000074,50.392837790000044],[11.818403991000025,50.39356776300008],[11.818536006000045,50.394259171000044],[11.818763760000024,50.394850492000046],[11.819272733000048,50.39542958900006],[11.819662563000065,50.39577607600006],[11.820325355000023,50.39631740800007],[11.821417709000059,50.397114771000076],[11.822947660000068,50.39795208800007],[11.825238691000038,50.398816614000054],[11.825751456000035,50.399026681000066],[11.827116310000065,50.399496888000044],[11.827748295000049,50.39993954400006],[11.827908708000052,50.400135670000054],[11.827941942000052,50.40031526700005],[11.827922690000037,50.400630454000066],[11.827698669000029,50.40117298000007],[11.827442680000047,50.40158088900006],[11.825495292000028,50.40442003100003],[11.825273375000052,50.40453957500006],[11.825048920000029,50.404569157000026],[11.82477919400003,50.404491273000076],[11.824593924000055,50.40441241500008],[11.82440510400005,50.40420761200005],[11.824085548000028,50.40386033000004],[11.823464073000025,50.40329154600005],[11.82273583400007,50.40293096400006],[11.822337922000031,50.402800554000066],[11.820702049000033,50.40220741600007],[11.818323399000064,50.40073187200005],[11.817812415000049,50.40058474400007],[11.817376096000032,50.40058974200008],[11.816974733000052,50.40083731100003],[11.816631178000023,50.401138210000056],[11.815834477000067,50.40184924600004],[11.815516539000043,50.402059859000076],[11.81516969300003,50.40224380400008],[11.813944899000035,50.402752744000054],[11.813777754000057,50.402817646000074],[11.813569639000036,50.40292801000004],[11.813307735000024,50.40312897800004],[11.813115453000023,50.40330215300003],[11.812951572000031,50.403484003000074],[11.811884298000052,50.40509799500006],[11.811691249000035,50.40524418000007],[11.811153070000046,50.405637271000046],[11.80837377100005,50.407972647000065],[11.807929816000069,50.408211668000035],[11.807388067000034,50.408478796000054],[11.806030754000062,50.409295119000035],[11.805822342000056,50.40939647400006],[11.805699145000062,50.40952385700007],[11.80215342300005,50.41369456000007],[11.801752117000035,50.41395107200003],[11.801390801000025,50.414126139000075],[11.800929435000057,50.414248343000054],[11.800352197000052,50.41425486800006],[11.799818689000062,50.41431488900008],[11.799553428000024,50.414398876000064],[11.799290653000071,50.41457282400006],[11.799027380000041,50.41472877800004],[11.798866141000076,50.41500956600004],[11.798707387000036,50.41538031400006],[11.798167922000061,50.416754241000035],[11.798045181000077,50.41689960900004],[11.797782636000022,50.41708254900004],[11.797352621000073,50.41732137100007],[11.795348183000044,50.41818085400007],[11.794592069000032,50.41834234500004],[11.794254143000046,50.41834614600003],[11.793818647000023,50.41838703900004],[11.793310273000031,50.41833876000004],[11.792842654000026,50.41823602800008],[11.792090465000058,50.41802850200003],[11.791409919000046,50.417865162000055],[11.79108261500005,50.41774285000008],[11.790940331000058,50.417690452000045],[11.790598456000055,50.41755030400003],[11.790253370000073,50.41729320500008],[11.790118497000037,50.41699775300003],[11.790025370000023,50.41617089600004],[11.789978190000056,50.41599144600008],[11.789776878000055,50.41584072100005],[11.789531847000035,50.41563649200003],[11.789203823000037,50.415487186000064],[11.788479359000064,50.41526132900003],[11.788155041000039,50.41524696300007],[11.787845296000057,50.41525043000007],[11.787197647000028,50.415257677000056],[11.786986950000028,50.41527803100007],[11.78648157300006,50.415337676000036],[11.785921107000036,50.41544292900005],[11.784870812000065,50.41566163700003],[11.784158416000025,50.415876565000076],[11.78369870900002,50.41606167300006],[11.783129063000047,50.41634699300005],[11.783001300000024,50.41652172900007],[11.781619206000073,50.41806610700007],[11.78125731800003,50.418464595000046],[11.781007308000028,50.41859336300007],[11.780644897000059,50.41873238000005],[11.78025113700005,50.41875476000007],[11.779685960000052,50.41868905500007],[11.779005203000054,50.41851664500007],[11.778662868000026,50.418358470000044],[11.778304985000034,50.418146472000046],[11.777847321000024,50.417890587000045],[11.777216543000065,50.41748364100005],[11.775223519000065,50.41618290800005],[11.77448934900002,50.415597115000025],[11.774200439000026,50.415330348000055],[11.774066649000076,50.41507086100006],[11.774018800000022,50.41486441700005],[11.773879855000075,50.412337267000055],[11.773789043000022,50.412104302000046],[11.77358779900004,50.41195354800004],[11.773173187000054,50.411724166000056],[11.772604693000062,50.41153248000006],[11.772350310000036,50.41149929800008],[11.771913397000048,50.41148613100006],[11.771490320000055,50.41146381000004],[11.771056085000055,50.41154959800008],[11.770453882000027,50.41167323500008],[11.769979596000042,50.411840451000046],[11.769172530000048,50.41220031300003],[11.768479051000043,50.41259491200003],[11.76792222000006,50.412835020000045],[11.767404707000026,50.41296670600008],[11.76458550700005,50.41391561000006],[11.764151963000074,50.41402836100008],[11.763633458000072,50.41412404500005],[11.763157189000026,50.414219263000064],[11.76283482100007,50.414276795000035],[11.761887337000076,50.41451008100006],[11.759812789000023,50.41502083300003],[11.75751677900007,50.41553188600005],[11.756031086000064,50.41580008100004],[11.75483792500006,50.41594808200006],[11.753923229000065,50.41597605100003],[11.753444521000063,50.41598126700006],[11.753006132000053,50.41591405100007],[11.752792058000068,50.415808396000045],[11.752691582000068,50.415737499000045],[11.752218563000042,50.41542768800008],[11.751172550000035,50.414755154000034],[11.750840582000023,50.414452803000074],[11.750750598000025,50.41424680800003],[11.750784692000025,50.41394047700004],[11.750932136000074,50.413659910000035],[11.751179328000035,50.41342325200003],[11.751357082000027,50.41322334500006],[11.755748998000058,50.41104276800007],[11.757513808000056,50.41015960300007],[11.758000995000032,50.40994730300008],[11.75834667600003,50.40970955300003],[11.758946231000039,50.40920719600007],[11.76010954000003,50.40823244300003],[11.760386501000028,50.40805843100003],[11.760691132000034,50.40786611800007],[11.76117924600004,50.407689789000074],[11.761418066000033,50.40761239600005],[11.762645015000032,50.40721477000005],[11.763006906000044,50.407057817000066],[11.763155465000068,50.406822215000034],[11.763232428000038,50.40654240500004],[11.76318124900007,50.40621000900006],[11.762977405000072,50.405960279000055],[11.762731816000041,50.40572900500007],[11.762090156000056,50.405430085000035],[11.761564496000062,50.405255873000044],[11.761026936000064,50.40516278000007],[11.76012460000004,50.40511867400005],[11.758583186000067,50.405396515000064],[11.758288062000076,50.405417741000065],[11.75788056700003,50.40544919400003],[11.757444918000033,50.40548095300005],[11.756405422000057,50.40557330000007],[11.756124373000034,50.40559436700005],[11.755845006000072,50.40567840700004],[11.752303164000068,50.406913243000076],[11.75057838400005,50.407514511000045],[11.749343685000042,50.407944910000026],[11.748994623000044,50.408056686000066],[11.748545106000051,50.408097560000044],[11.74767470200004,50.40819699100007],[11.74663632000005,50.408334231000026],[11.746355966000067,50.40838226300008],[11.746035526000071,50.40851171700007],[11.74584249700007,50.40866678800006],[11.745807659000036,50.40894612900007],[11.745727955000064,50.41018883000004],[11.745648019000043,50.41036067300007],[11.745453789000067,50.410470762000045],[11.745019992000039,50.410574444000076],[11.744540861000075,50.410561630000075],[11.744046462000028,50.41050398500005],[11.743451374000074,50.41036643700005],[11.742159796000067,50.40986606100006],[11.741357396000069,50.40981519800005],[11.740665485000022,50.40971551900003],[11.739912994000065,50.40943791800004],[11.739157688000034,50.40905320000007],[11.738320685000076,50.40839554900003],[11.73664111200003,50.40686600400005],[11.736316698000053,50.406571874000065],[11.73583869600003,50.40630001000005],[11.733575490000021,50.40504178500004],[11.732878529000061,50.40456800700008],[11.732305568000072,50.40419619600004],[11.731702813000027,50.403761710000026],[11.731185467000046,50.40336230300005],[11.730667424000046,50.40293590400006],[11.72987112100003,50.40209853400006],[11.729523185000062,50.40171530500004],[11.729293271000074,50.40153778700005],[11.727124443000037,50.40043609500003],[11.726613044000032,50.40026157400007],[11.726173431000063,50.40014027800004],[11.725465693000046,50.39999484100008],[11.725155810000047,50.39998914300003],[11.724788923000062,50.39995705500007],[11.724493349000056,50.399960202000045],[11.722610582000073,50.400106212000026],[11.72166592800005,50.40020377900004],[11.721445163000055,50.40022657800006],[11.720024986000055,50.40029564200006],[11.719023323000044,50.40021627400006],[11.71832944700003,50.400061648000076],[11.717547164000052,50.399754974000075],[11.71704545600005,50.39940933100007],[11.716653791000056,50.39896353700004],[11.716063334000069,50.39790792700006],[11.715555141000038,50.39731038100007],[11.715121983000074,50.39689201700003],[11.71472116600006,50.39663528600005],[11.714074237000034,50.39657940600006],[11.713595015000067,50.39663817500008],[11.71324850700006,50.39684880200008],[11.713097872000048,50.39701236900004],[11.712782526000069,50.39733964900006],[11.712704813000073,50.397601432000044],[11.712517753000043,50.39799035100003],[11.712400832000071,50.39836953100007],[11.712271075000046,50.39934276400004],[11.711852773000032,50.40113792400007],[11.71172709800004,50.401724166000065],[11.71162191600007,50.40201323400004],[11.711431352000034,50.40226720700008],[11.71001306100004,50.40350596400003],[11.709694639000077,50.40371628400004],[11.70923336800007,50.403847116000065],[11.708728015000077,50.403906420000055],[11.708264195000027,50.40393828900005],[11.707783523000046,50.40386234700003],[11.70721654700003,50.40371532000006],[11.704232431000037,50.40264875100007],[11.70370770900007,50.40250126400008],[11.703169604000038,50.40238091100008],[11.702704414000038,50.40235877900005],[11.702227911000023,50.40244474900004],[11.701598225000055,50.40204638500006],[11.698285186000021,50.40021820800007],[11.69788718500007,50.400069375000044],[11.697342934000062,50.39970609400007],[11.697068406000028,50.399429990000044],[11.696835189000069,50.39911746200005],[11.696729564000066,50.39883960000003],[11.69582682500004,50.397112236000055],[11.69569535100004,50.39692463000006],[11.695417645000077,50.39652257400007],[11.694943367000064,50.39614055700008],[11.694343118000063,50.39578684300005],[11.693621927000038,50.39565934900003],[11.692970653000032,50.39551312800006],[11.69208941100004,50.39518031400007],[11.691307381000058,50.39487346200008],[11.690661138000053,50.39492514700004],[11.689457871000059,50.395216557000026],[11.688528556000051,50.39520816600003],[11.687603767000041,50.39482177600007],[11.686959081000055,50.39442276400007],[11.686230910000063,50.39397206800004],[11.685517488000073,50.39359248000005],[11.683895018000044,50.39288929700007],[11.683102856000062,50.39273547200003],[11.682514284000035,50.39284051100003],[11.681985847000021,50.39309790600004],[11.681543428000055,50.39340306100007],[11.681058778000022,50.39373733800005],[11.680474708000077,50.39402229400008],[11.679591928000036,50.39418432800005],[11.675269946000071,50.39433122500003],[11.673529897000037,50.39439032000007],[11.672085371000037,50.39428172600003],[11.671527207000054,50.39423976100005],[11.67060616200007,50.393997177000074],[11.66971327300007,50.39375429800003],[11.668964258000074,50.39363593200005],[11.666895493000027,50.39365694000003],[11.665515646000074,50.39364393500006],[11.664369918000034,50.39342157500005],[11.663421893000077,50.39322419900003],[11.661830804000033,50.39263737400006],[11.660350478000055,50.392544334000036],[11.658872821000045,50.39255923300004],[11.655090736000034,50.39274125800006],[11.651309032000029,50.39236523900007],[11.649490107000076,50.39223945500004],[11.64819122700004,50.39208145600003],[11.647283979000065,50.39182055100008],[11.645752937000054,50.39137688400007],[11.643724571000064,50.390740175000076],[11.642677743000036,50.39052561500006],[11.641800584000066,50.39051135400007],[11.640959821000024,50.39049767800003],[11.640058753000062,50.390488617000074],[11.639423097000076,50.39039593200005],[11.638670942000033,50.390142422000054],[11.63793047200005,50.38978980700006],[11.637176812000064,50.389473312000064],[11.633792534000065,50.38863386200006],[11.631968818000075,50.388300883000056],[11.63053350000007,50.38831500200007],[11.62937073200004,50.38854239300008],[11.628866523000056,50.38864632800005],[11.627881925000054,50.388673985000025],[11.627232678000041,50.38859936400007],[11.626634113000023,50.388290279000046],[11.62602478100007,50.387531368000054],[11.625435356000025,50.38701522000008],[11.624601485000028,50.386870402000056],[11.622649652000064,50.38706044600008],[11.621474523000074,50.387359866000054],[11.620062948000054,50.387778559000026],[11.61874049000005,50.388394335000044],[11.617813510000076,50.38906924300005],[11.616883262000044,50.38981385100004],[11.614194454000028,50.391965904000074],[11.612837250000041,50.39290589600006],[11.612610665000034,50.39300566000003],[11.611165484000026,50.39364194400008],[11.609994791000076,50.394139170000074],[11.609855331000063,50.394194507000066],[11.608914884000058,50.39490546500008],[11.607327981000026,50.39626153700004],[11.606699423000066,50.397068458000035],[11.606383759000039,50.39741343900005],[11.60580913900003,50.398120852000034],[11.604860727000073,50.39849890600004],[11.603290255000047,50.39876593900004],[11.601664308000068,50.39906947600008],[11.601138310000067,50.39945245100006],[11.600477027000068,50.400070680000056],[11.60003209100006,50.40030889800005],[11.598080998000057,50.401134951000074],[11.595487329000036,50.40223296200003],[11.594830577000039,50.40244618100007],[11.59431332400004,50.40260407800008],[11.593822544000034,50.402689732000056],[11.593258869000067,50.40266809500008],[11.592327752000074,50.40258695500006],[11.591989088000048,50.40255417600008],[11.591198319000057,50.402453697000055],[11.59037835600003,50.402308497000035],[11.589740135000056,50.402107579000074],[11.586743675000037,50.40099311400007],[11.58140422300005,50.39900077300007],[11.58072944600002,50.39904310900005],[11.57931364500007,50.39930836000008],[11.574445389000061,50.40004681900007],[11.57315188800004,50.400121883000054],[11.57211863300006,50.399879561000034],[11.570762203000072,50.39904633700007],[11.570330729000034,50.398645421000026],[11.568489445000068,50.39691683500007],[11.56757475300003,50.39569253600007],[11.566681490000065,50.392929294000055],[11.566650985000024,50.39272894000004],[11.56649953300007,50.39173418400003],[11.566432819000056,50.39065498600007],[11.566322907000028,50.39008094800005],[11.565578624000068,50.38928816100008],[11.564674308000065,50.388324870000076],[11.564979940000057,50.38800776800008],[11.565224430000058,50.387642699000025],[11.564918122000051,50.38716861700004],[11.561802757000066,50.385082786000055],[11.560064187000023,50.38412699200006],[11.557860030000029,50.38338797800003],[11.556503661000022,50.38342328300007],[11.556163064000032,50.383432147000065],[11.554508848000069,50.38339018800008],[11.554177884000069,50.38296354200003],[11.554002705000073,50.382737715000076],[11.552525928000023,50.38263696200005],[11.54958914100007,50.383935130000054],[11.548370009000053,50.38417121200007],[11.54707830600006,50.384308959000066],[11.546187642000064,50.384128099000066],[11.54410026100004,50.383292220000044],[11.54152189000007,50.38252374100006],[11.53863704500003,50.381892950000065],[11.536488275000067,50.38145342000007],[11.535074544000054,50.38116020900003],[11.534379380000075,50.38090551100004],[11.534219269000062,50.38066399400003],[11.534213727000065,50.38041208800007],[11.534208780000029,50.380187172000035],[11.534206207000068,50.380070216000036],[11.533903030000033,50.379722005000076],[11.533462131000022,50.37951000700008],[11.532332023000038,50.37954142600006],[11.532027646000074,50.37954988600006],[11.531180127000027,50.37940451700007],[11.530768368000054,50.379237240000066],[11.530342345000065,50.37906109000005],[11.529542646000039,50.37852834900008],[11.528881095000031,50.37787738800006],[11.528125117000059,50.37676834900003],[11.527679552000052,50.37634041000007],[11.527010671000028,50.37599544900007],[11.52502639100004,50.37533827800007],[11.523741291000022,50.375124768000035],[11.522188715000027,50.37490462400007],[11.519853242000067,50.37426848300004],[11.519479364000063,50.37714228300007],[11.519656557000076,50.378175525000074],[11.520076450000033,50.379368586000055],[11.520713661000059,50.38084766500003],[11.52016913600005,50.38558564900006],[11.51925476200006,50.38784531700003],[11.518579456000055,50.38951403800007],[11.51888389000004,50.39511733900008],[11.518909861000054,50.39566601100006],[11.51749142600005,50.396470425000075],[11.51733844100005,50.39557615900003],[11.51392511000006,50.39618960200005],[11.512374320000049,50.39595327500007],[11.509654956000077,50.396367644000065],[11.505861836000065,50.396511031000045],[11.504065683000022,50.398212347000026],[11.503023642000073,50.399649931000056],[11.500100628000041,50.39952042200008],[11.499288507000074,50.39959617400007],[11.49786664000004,50.39972878800006],[11.495601497000052,50.39954299100003],[11.493889391000039,50.39890069100005],[11.492954335000036,50.398268838000035],[11.491259462000073,50.397123486000055],[11.489850281000031,50.396774605000076],[11.486130769000056,50.39796733900005],[11.485111966000034,50.398389992000034],[11.484276688000023,50.39883806100005],[11.482606086000033,50.39973418100004],[11.481489999000075,50.400220621000074],[11.480784001000075,50.40043205500007],[11.480314769000074,50.40057257900003],[11.47908528000005,50.40102396800006],[11.478737316000036,50.401215894000075],[11.478546809000022,50.40153245600004],[11.478536104000057,50.40169451700007],[11.478511886000035,50.401883688000055],[11.478557487000046,50.40204527000003],[11.478665202000059,50.402485272000035],[11.47903548100004,50.40336395700007],[11.479105472000072,50.40402024000008],[11.479116157000021,50.40453305400007],[11.479084882000052,50.40491587200006],[11.479071283000053,50.40508233400004],[11.47896256200005,50.406621974000075],[11.479298724000046,50.40721300300004],[11.479902750000065,50.407819747000076],[11.480887843000062,50.40846823100003],[11.481918067000038,50.40892122400004],[11.482482778000076,50.40916952200007],[11.48347751600005,50.40970384900004],[11.484474073000058,50.41032386200004],[11.485157150000077,50.41091798200006],[11.485723575000065,50.41144134800004],[11.486042648000023,50.41255440900005],[11.486828432000038,50.413465564000035],[11.487413848000074,50.414144356000065],[11.488121921000072,50.415835138000034],[11.488011320000055,50.41710868400003],[11.487726595000026,50.417633032000026],[11.487591271000042,50.417895146000035],[11.486335747000055,50.41871078300005],[11.48537506100007,50.41909994400004],[11.484888802000057,50.419950656000026],[11.48474142300006,50.42030069900005],[11.48451553600006,50.420837197000026],[11.483868606000044,50.421468093000044],[11.483244652000053,50.422076564000065],[11.481569500000035,50.42323365500005],[11.480552673000034,50.42546895300006],[11.48065295200007,50.42622396000007],[11.481010686000047,50.42716573800004],[11.48225377500006,50.42873902300005],[11.48277169000005,50.42939447600003],[11.482965509000053,50.43010706600006],[11.482579771000076,50.43091031500006],[11.48156795400007,50.43162169200008],[11.478765426000052,50.43245701200004],[11.47748768200006,50.433188607000034],[11.476618490000021,50.43339394800006],[11.47511393700006,50.43353268000004],[11.474982386000022,50.432624962000034],[11.474835821000056,50.43167237900008],[11.471463509000046,50.431412942000065],[11.46925549100007,50.43159352600003],[11.468329178000033,50.43195282700003],[11.466535670000042,50.43261190900006],[11.465376462000052,50.43272391900007],[11.463153413000043,50.432175646000076],[11.461551907000057,50.431019254000034],[11.460438278000026,50.42943058900005],[11.460303988000021,50.429239007000035],[11.459657870000058,50.428641509000045],[11.458564565000074,50.42821870000006],[11.45438925600007,50.427245586000026],[11.453002463000075,50.42693313800004],[11.449436612000056,50.42613476500003],[11.44619003300005,50.424397835000036],[11.445420995000063,50.423279369000056],[11.444507009000063,50.42195512700005],[11.443441968000059,50.42082108100004],[11.442858113000057,50.42190566000005],[11.442906139000058,50.422193211000035],[11.44299550900007,50.42243543300003],[11.44345104000007,50.423376519000044],[11.444478231000062,50.42472683500006],[11.444767676000026,50.425111386000026],[11.445098651000023,50.425459602000046],[11.445498238000027,50.42571727100005],[11.446949079000035,50.426416208000035],[11.447674607000067,50.426770168000076],[11.448490826000068,50.427429319000055],[11.44915214200006,50.428089741000065],[11.45071566300004,50.43017344100008],[11.450920500000052,50.430549677000045],[11.451254293000034,50.43103282800007],[11.447863664000067,50.433346365000034],[11.445711491000054,50.434209906000035],[11.443728541000041,50.43636230200008],[11.443422737000049,50.43669421700008],[11.440544801000044,50.43861640500006],[11.434143521000067,50.43980230600005],[11.430922251000027,50.44007135100003],[11.429206210000075,50.44022018800007],[11.427399184000024,50.440756657000065],[11.423910918000047,50.44178351000005],[11.422930748000056,50.442097312000044],[11.42179894700007,50.44258328700005],[11.420630678000066,50.44336648500007],[11.41971598300006,50.44486750600004],[11.419212297000058,50.44649121400005],[11.418886994000047,50.44787054400007],[11.418821179000076,50.450412906000054],[11.419335802000035,50.454237730000045],[11.419621177000067,50.45513527800006],[11.420031281000036,50.45592385000003],[11.420308918000046,50.45642553400006],[11.420583384000054,50.456765275000066],[11.421260050000058,50.45748872400003],[11.421387947000028,50.45754169000003],[11.423258929000042,50.46093705200008],[11.423498065000047,50.461628002000054],[11.423546721000037,50.46195154900005],[11.423595024000065,50.46225710300007],[11.42347490000003,50.462600001000055],[11.422952576000057,50.46327905700008],[11.422647974000029,50.46356044400005],[11.422342838000077,50.463814839000065],[11.421993822000047,50.46398860100004],[11.420310064000034,50.46452551400006],[11.418925690000037,50.464966934000074],[11.418365751000067,50.46516936100005],[11.418016183000077,50.46531612000007],[11.417612870000028,50.46559827900006],[11.417266637000068,50.465915976000076],[11.415679174000047,50.46764727400006],[11.415499786000055,50.46784666100007],[11.415546989000063,50.46809823800004],[11.415593140000055,50.46829583300007],[11.416503171000045,50.46941337900006],[11.41690772100003,50.46991406300003],[11.417038460000072,50.47011098400003],[11.417451111000048,50.47036158600008],[11.417623468000045,50.470466256000066],[11.417895358000067,50.47067105100007],[11.418295004000072,50.47091981700004],[11.418567780000046,50.47116959400006],[11.419468247000054,50.472512152000036],[11.420194650000042,50.47360414100007],[11.420385158000045,50.473971548000065],[11.42047539400005,50.47425877200004],[11.42052368900005,50.47456432800004],[11.420192176000057,50.477138843000034],[11.420034208000061,50.47836550800008],[11.41999914400003,50.478734717000066],[11.420005142000036,50.47904061100007],[11.419856045000074,50.47934774300006],[11.419610540000065,50.47977262100005],[11.418423190000055,50.480878027000074],[11.417865479000056,50.48139722500008],[11.418090895000034,50.48186031900008],[11.419755503000033,50.482073220000075],[11.423022796000055,50.48314226300005],[11.42332805600006,50.48348503400007],[11.425072991000036,50.48378342800004],[11.426473637000072,50.484540724000055],[11.423724812000046,50.48468415700006],[11.422871172000043,50.484947558000044],[11.42147486500005,50.48638045900003],[11.42248955100007,50.48903237300004],[11.420484178000038,50.48953409000006],[11.41970621300004,50.49096878000006],[11.419761361000042,50.49232046700007],[11.419792442000073,50.49308224200007],[11.418814569000062,50.493461446000026],[11.419509787000038,50.49465582500005],[11.422129960000063,50.49352067800004],[11.427705969000044,50.49239028800008],[11.43254434000005,50.49246552100004],[11.436031953000054,50.492180123000026],[11.437229971000022,50.494900776000065],[11.438213679000057,50.49601929100004],[11.43841267700003,50.49605062900008],[11.439018220000037,50.496145985000055],[11.439159611000036,50.49647423300007],[11.439313176000041,50.49668725400005],[11.439692090000051,50.49696986300006],[11.440052348000052,50.497252622000076],[11.440282707000051,50.49757215200003],[11.44025374000006,50.49798903000004],[11.440263285000071,50.498465114000055],[11.440346995000027,50.49891678400007],[11.440577603000065,50.49924821700006],[11.440864435000037,50.49959109300005],[11.440946481000026,50.49995944800003],[11.440955318000022,50.500399826000034],[11.440998132000061,50.50067327000005],[11.440853619000052,50.50091253000005],[11.440372725000032,50.50113072600004],[11.43990810300005,50.50122974800007],[11.439427440000031,50.50145984200003],[11.439096539000047,50.50171252300004],[11.438637626000059,50.50209719000003],[11.438162662000025,50.502612930000055],[11.437554436000028,50.50299880700004],[11.436830422000071,50.50319515700005],[11.436140876000024,50.503248375000055],[11.435399614000062,50.50351628000004],[11.434810966000043,50.503949600000055],[11.434559656000033,50.50445160700008],[11.434586147000061,50.504844225000056],[11.434592789000021,50.50517748400006],[11.43430319500004,50.505632184000035],[11.433917908000069,50.50596861900004],[11.433757050000054,50.506327043000056],[11.433765820000076,50.50676742100006],[11.433720257000061,50.50729156700004],[11.433518992000074,50.50760949800008],[11.433245605000025,50.50805262800003],[11.432983636000074,50.508360690000075],[11.43238556700004,50.50879744700006],[11.431221874000073,50.50960301600003],[11.430715234000047,50.50995372600005],[11.430479670000068,50.51017158700006],[11.43028625200003,50.51038010800005],[11.430206061000035,50.510605713000075],[11.43021045100005,50.510826991000044],[11.430215343000043,50.51107354900006],[11.430193372000076,50.51138866700006],[11.429986017000033,50.51160629900005],[11.429278748000058,50.51223288400007],[11.425960065000027,50.51496806800003],[11.425292359000025,50.51545933600005],[11.424609109000073,50.51587873700004],[11.423893015000033,50.51606444300006],[11.423371452000026,50.51609561500004],[11.422243485000024,50.516149633000055],[11.420704452000052,50.51608377900004],[11.418345058000057,50.51598278200004],[11.41782173200005,50.515923961000055],[11.417270009000049,50.51585636400006],[11.416774731000032,50.515788317000045],[11.416181559000051,50.51576603600006],[11.413428593000049,50.515715889000035],[11.412326393000058,50.515643630000056],[11.41070210600003,50.515575485000056],[11.409587723000072,50.51560227700003],[11.405280319000042,50.51617606800005],[11.404225138000072,50.51634631500008],[11.400496494000038,50.516933384000026],[11.398104869000065,50.51732996100003],[11.396378838000032,50.517847292000056],[11.396080361000031,50.51805498400006],[11.394397372000071,50.51922601900003],[11.393085549000034,50.52055432100008],[11.389005475000033,50.51572226400003],[11.387615011000037,50.51564726700008],[11.384275927000033,50.51678712800003],[11.383709114000055,50.517619987000046],[11.379400523000072,50.52085744400006],[11.376299060000065,50.521533403000035],[11.37611614900004,50.521671526000034],[11.374884963000056,50.52260120600005],[11.373464111000033,50.52232878500007],[11.369787979000023,50.523239714000056],[11.369104196000023,50.52261634300004],[11.367665050000028,50.52234148500003],[11.365584900000044,50.52132861800004],[11.36337936700005,50.52080233300006],[11.361539680000021,50.52067324400008],[11.361019127000077,50.520785190000026],[11.359888137000041,50.52102840100008],[11.358715838000023,50.52063716500004],[11.357760794000058,50.51987290100004],[11.35636964300005,50.52027490900008],[11.349754576000066,50.520703540000056],[11.34822082100004,50.52014344600008],[11.346569075000048,50.52153502600004],[11.343759257000045,50.52069179200004],[11.343042712000056,50.51851947500006],[11.345159600000045,50.516880455000035],[11.346082929000033,50.51590232900003],[11.34577966300003,50.51533207600005],[11.346347473000037,50.51465223400004],[11.347075176000033,50.513780918000066],[11.346991154000023,50.51161027100005],[11.344829576000052,50.511163888000056],[11.34328796400007,50.51018537400006],[11.341409131000034,50.51056918100005],[11.34070256700005,50.51071350800004],[11.338319962000071,50.51013162000004],[11.336250411000037,50.509606758000075],[11.330293899000026,50.50950583400004],[11.32532714100006,50.51025320300005],[11.321355016000041,50.50856741700005],[11.32103122500007,50.50542711700007],[11.322045249000041,50.50400838400003],[11.323042518000022,50.502613],[11.322679880000067,50.499815811000076],[11.324905544000046,50.498386812000035],[11.324999751000064,50.49572268800006],[11.324530078000066,50.493881430000044],[11.32364900500005,50.49324040100004],[11.323072661000026,50.49282106800007],[11.323142336000046,50.491164913000034],[11.32055845800005,50.48940170700007],[11.318873306000057,50.489017775000036],[11.315644195000061,50.48932380300005],[11.311121257000025,50.48932715400008],[11.308243761000028,50.488655566000034],[11.307794009000077,50.48855058800007],[11.307478592000052,50.48862945500008],[11.305207790000054,50.48919720600003],[11.303677066000034,50.48872221600004],[11.300936067000066,50.48840597900005],[11.299818422000044,50.48737895900007],[11.302757309000071,50.48689597900005],[11.301695276000032,50.48501781500005],[11.297701373000052,50.48314652800008],[11.29616502500005,50.48236532100003],[11.296384070000045,50.481976889000066],[11.297501418000024,50.481339294000065],[11.296927006000033,50.480731398000046],[11.296547048000036,50.48079148000005],[11.295350794000058,50.48098063500004],[11.292730928000026,50.47860079900005],[11.290982390000067,50.475256528000045],[11.289442132000033,50.47589695800008],[11.291396200000065,50.48012222300008],[11.290904503000036,50.48067391200004],[11.290527387000054,50.48219547600007],[11.290409367000052,50.48267163700007],[11.290737686000057,50.483555024000054],[11.290437282000028,50.48432844800004],[11.28911478200007,50.48556597700008],[11.285529575000055,50.485390488000064],[11.283371403000046,50.48486236800005],[11.283164250000027,50.48438102500006],[11.282905561000064,50.483779913000035],[11.281701489000056,50.48407377600006],[11.280351206000034,50.48365439400004],[11.27801787900006,50.483355912000036],[11.279424928000026,50.48180368100003],[11.278800538000041,50.481251247000046],[11.27687494600002,50.481935176000036],[11.275400374000071,50.482116520000034],[11.274297624000042,50.48312384800005],[11.272364948000074,50.482679715000074],[11.270057264000059,50.481209576000026],[11.268473280000023,50.480335815000046],[11.26796467400004,50.480055245000074],[11.26642613000007,50.47910269600004],[11.265937775000054,50.47942087500007],[11.264275853000072,50.480412698000066],[11.263449939000054,50.48078709400005],[11.260832020000066,50.48109944200007],[11.257289938000042,50.48181752600004],[11.253521662000026,50.48075346500008],[11.25153206400006,50.48067647800008],[11.249752570000055,50.47982932700006],[11.24771524700003,50.47841412400004],[11.247115540000038,50.47730383000004],[11.247307973000034,50.47533133500008],[11.246613335000063,50.47387882900006],[11.24565305300007,50.47251098900006],[11.24505603600005,50.47166054400003],[11.24513194800005,50.47080298900005],[11.245605239000042,50.46960003700008],[11.246544800000038,50.46857055300006],[11.24926987400005,50.46652311200006],[11.249818577000042,50.466110824000054],[11.251468485000032,50.46438144900003],[11.252450944000032,50.46323228500006],[11.252615092000042,50.46116166500008],[11.253613710000025,50.45925891100006],[11.254420469000024,50.45772160300004],[11.25489290400003,50.45642279100008],[11.254285381000045,50.45545498400003],[11.25249731100007,50.454662977000055],[11.251943206000021,50.45441753000006],[11.249294140000075,50.45268917900006],[11.248026758000037,50.451378402000046],[11.24774655400006,50.45108859100003],[11.246977882000067,50.45060768700006],[11.247092021000071,50.448924316000046],[11.24781929900007,50.448577671000066],[11.249049954000043,50.447984801000075],[11.25049020800003,50.44728257500003],[11.251586484000029,50.44724072100007],[11.252229439000075,50.44721616900006],[11.25433621700006,50.44633964600007],[11.254637916000036,50.44609750700005],[11.256868119000046,50.44430747200005],[11.261297851000052,50.44358546800004],[11.263200078000068,50.44288897700005],[11.26364643200003,50.44174326600006],[11.264059316000044,50.44027384700007],[11.264107996000064,50.44005902300006],[11.26426964500007,50.43934565300003],[11.264634929000067,50.43841642900003],[11.265124933000038,50.43736040300007],[11.265617262000035,50.43644832800004],[11.266331877000027,50.435345813000026],[11.26722561400004,50.43399915200007],[11.267719043000056,50.43315904500008],[11.268013488000065,50.43221228700003],[11.26805452800005,50.43127621700006],[11.268047025000044,50.43081736700003],[11.267870057000039,50.43033265400004],[11.267189619000021,50.42917896100005],[11.26708770600004,50.42900616000003],[11.266869235000058,50.42856671200008],[11.26674980100006,50.42815359800005],[11.266673797000067,50.42781217900006],[11.266711498000063,50.42753298900004],[11.266884752000067,50.42692896600005],[11.266924801000073,50.42679372900005],[11.267099667000025,50.426288674000034],[11.267220731000066,50.42590844500006],[11.267340833000048,50.425531231000036],[11.267433980000021,50.42519768300008],[11.26731572600005,50.42485654600006],[11.267162693000046,50.42411072900006],[11.266780223000069,50.42311449600004],[11.266799283000068,50.42255649100008],[11.266863382000054,50.42216914900007],[11.267265464000047,50.42177955400007],[11.268299782000042,50.42129575800004],[11.268732512000042,50.421058919000075],[11.268896200000029,50.42073389600006],[11.268918271000075,50.41950101800006],[11.268842560000053,50.419177595000065],[11.268469808000077,50.41877517300003],[11.266846551000071,50.41682443000008],[11.266670529000066,50.416393698000036],[11.266590288000032,50.415791365000075],[11.266380387000027,50.41500993400007],[11.265816576000077,50.41411388500006],[11.264984093000066,50.413147636000076],[11.264655272000027,50.412843888000054],[11.26445185800003,50.412458325000046],[11.264263291000077,50.411923899000044],[11.263166697000031,50.40875967100004],[11.262423262000027,50.40640243200005],[11.261703855000064,50.404849942000055],[11.260766511000043,50.40447522800008],[11.260802899000055,50.403646457000036],[11.26119050400007,50.40323898200006],[11.261243314000069,50.40302268000005],[11.261210642000037,50.40274395800003],[11.261080161000052,50.40251087300004],[11.260864492000053,50.40223336100007],[11.260608196000021,50.40205509500004],[11.258055654000032,50.400038394000035],[11.259565265000049,50.399371581000025],[11.261715267000056,50.39761552900006],[11.263623667000047,50.397503243000074],[11.26523467800007,50.39740843000004],[11.268851821000055,50.39512233800008],[11.26919158800007,50.39490758300008],[11.270869179000044,50.394203504000075],[11.27067603300003,50.39358393500004],[11.268851593000022,50.393286516000046],[11.268660983000075,50.393255441000065],[11.266739045000065,50.39323970100003],[11.264587088000042,50.39134807500005],[11.264354709000031,50.38744448300008],[11.264334054000074,50.38703971000007],[11.264911895000068,50.387089856000046],[11.267406507000032,50.387307185000054],[11.268397555000035,50.38680567700004],[11.270451426000022,50.38577954800007],[11.271007952000048,50.385501489000035],[11.272188801000027,50.38542158200005],[11.276083218000053,50.38092334900006],[11.277211500000021,50.378522255000064],[11.277215522000063,50.37697423100008],[11.27721914600005,50.375579851000055],[11.278344858000025,50.373034794000034],[11.280879245000051,50.371451953000076],[11.28073816500006,50.36969054900004],[11.279598772000043,50.36864740300007],[11.279468189000056,50.36852784700005],[11.27914088600005,50.367644434000056],[11.280056023000043,50.36626692800007],[11.28093031900005,50.36436116700003],[11.284252880000054,50.36030743400005],[11.282741858000065,50.35910300200004],[11.281063778000032,50.35783160100004],[11.279406334000043,50.35643526500007],[11.278639184000042,50.35597256800003],[11.277804263000064,50.35566329200003],[11.276827983000032,50.35530997500007],[11.276075483000056,50.35529646300006],[11.271388407000074,50.35521219000003],[11.269631195000045,50.35425263500008],[11.267036465000047,50.35395572700003],[11.26613885100005,50.35367602800005],[11.26412644900006,50.353489446000026],[11.262435241000048,50.352401033000035],[11.262640687000044,50.35119394000003],[11.26622580000003,50.351997906000065],[11.268937906000076,50.34799931800006],[11.27306623800007,50.341903270000046],[11.273876298000062,50.34071650300007],[11.277099067000051,50.33596244700004],[11.273196105000068,50.33628571600008],[11.272199369000077,50.336568603000046],[11.270199364000064,50.33713619500003],[11.26842924500005,50.33703486300004],[11.267965426000046,50.337008307000076],[11.267802397000025,50.33711237400007],[11.26606577900003,50.33822087200008],[11.261328835000029,50.33791262700004],[11.262456547000056,50.33549369100007],[11.26202384000004,50.33394891100005],[11.261384336000049,50.33178464100007],[11.26110595800003,50.329348038000035],[11.261302959000034,50.32849192500004],[11.26250354800004,50.32537966400008],[11.261220660000049,50.32427242600005],[11.258717025000067,50.323520149000046],[11.256516356000077,50.32310613700008],[11.256465785000046,50.322273221000046],[11.256972931000064,50.32143663000005],[11.258555224000077,50.32040248200008],[11.261444697000059,50.31900713500005],[11.262169871000026,50.318163061000064],[11.26275432500006,50.31656899500007],[11.263962287000027,50.31306975800004],[11.266713612000046,50.312034650000044],[11.266687534000027,50.31043318700006],[11.266675815000042,50.309713429000055],[11.270343058000037,50.30730536900006],[11.270336658000076,50.30674659300007],[11.268805689000033,50.30551739400005],[11.268345064000073,50.30514754600006],[11.26699723300004,50.303763272000026],[11.265940744000034,50.30267814900003],[11.264066298000046,50.30250036800004],[11.263126346000035,50.302411207000034],[11.260501761000057,50.300086005000026],[11.259059755000067,50.30003077300006],[11.257957887000032,50.29998855700006],[11.257208906000074,50.299768277000055],[11.255582788000027,50.29929000200008],[11.25199460500005,50.29926494600005],[11.253896305000069,50.29783979700005],[11.253225457000042,50.29629655700006],[11.251817692000031,50.29346244200008],[11.259083947000022,50.290043506000075],[11.258499079000046,50.289137838000045],[11.258028902000035,50.288409742000056],[11.260240655000075,50.287090412000055],[11.258618811000076,50.285796445000074],[11.25801963500004,50.285215539000035],[11.25773315400005,50.284866512000065],[11.25741411000007,50.284238764000065],[11.257402539000054,50.28351900700005],[11.257474347000027,50.28274471100008],[11.258128921000036,50.281534667000074],[11.258087664000072,50.27984333100005],[11.258759975000032,50.27799431300008],[11.259215725000047,50.27665060900006],[11.25977795700004,50.27494628000005],[11.25819099000006,50.27404798900005],[11.257598623000035,50.27388094200006],[11.257207015000063,50.27375867000006],[11.256836642000053,50.27364302800004],[11.256169040000032,50.273161542000025],[11.255771784000046,50.272903221000036],[11.255334004000076,50.27274414100003],[11.253978567000047,50.27226717000008],[11.253470837000066,50.27124474500005],[11.253247904000034,50.270472389000076],[11.253283401000033,50.27005825200007],[11.252669017000073,50.26938744200004],[11.252298162000045,50.26902096100008],[11.251590857000053,50.26868367700007],[11.251082659000076,50.26850704700007],[11.250518030000023,50.26831278900005],[11.250123710000025,50.268234387000064],[11.248997332000044,50.268025797000064],[11.247547121000025,50.26775632200008],[11.247283236000044,50.26858037100004],[11.243469369000024,50.26980502300006],[11.241373139000075,50.27150352000007],[11.239591124000071,50.272168470000054],[11.237900564000029,50.27237933400005],[11.237742404000073,50.27366592700008],[11.235583782000049,50.27530818300005],[11.233054185000071,50.27603858200007],[11.227716273000055,50.27678677100005],[11.227347180000038,50.276783343000034],[11.225888248000047,50.27676978200003],[11.224336458000039,50.27732238700003],[11.220555363000074,50.28077439200007],[11.21887007500004,50.28135632800007],[11.217210523000062,50.28152516500006],[11.215523959000052,50.28055961100006],[11.214449761000026,50.28092684300003],[11.215279816000077,50.28160863700003],[11.215511392000053,50.282178560000034],[11.215815466000038,50.28262899500004],[11.215933791000054,50.28308058700003],[11.215976369000032,50.283437426000035],[11.21624077000007,50.28372145900005],[11.216084592000072,50.28418018700006],[11.214723357000025,50.284267629000055],[11.212940494000065,50.28430728700005],[11.211695638000037,50.28454356100008],[11.210417817000064,50.285551369000075],[11.207492345000048,50.287121797000054],[11.20192202000004,50.28991745600007],[11.19784829300005,50.29185637100005],[11.19690472600007,50.291376444000036],[11.196446163000076,50.29052218000004],[11.196563225000034,50.29013697900007],[11.196828866000033,50.28926285400007],[11.196358949000057,50.28902640200005],[11.195301936000021,50.28852934100007],[11.194443844000034,50.28779176300003],[11.194473690000052,50.28679169500003],[11.193976640000074,50.285791662000065],[11.19377673100007,50.284881839000036],[11.192919149000033,50.28417281500003],[11.190847831000042,50.28278546200005],[11.190070287000026,50.281447435000075],[11.189821876000053,50.27970626900003],[11.19071008900005,50.27947238000007],[11.190200064000067,50.27813274400006],[11.191527303000044,50.27743911600004],[11.18939377700002,50.27482368200003],[11.191344118000075,50.27406917400003],[11.190832039000043,50.27258671300007],[11.189942921000068,50.27118550200004],[11.18865078500005,50.271148277000066],[11.187139425000055,50.26955572600008],[11.18237832400007,50.27038495100004],[11.181278708000036,50.27022445700004],[11.179001912000047,50.26989211000006],[11.175487553000039,50.26982829700006],[11.17397055500004,50.27127990900004],[11.175122444000067,50.27234444100003],[11.174867085000074,50.27318870300007],[11.17552997100006,50.27439098700006],[11.176654301000042,50.27553861400003],[11.177301761000024,50.27618985600003],[11.17940774400006,50.27539178200004],[11.179969721000077,50.27665114700005],[11.180382413000075,50.276638742000046],[11.181022425000037,50.27661950100003],[11.183710073000043,50.28089548200006],[11.181998018000058,50.281267151000065],[11.177309828000034,50.28109539900004],[11.17386349800006,50.28263632200003],[11.171840346000067,50.28354796700006],[11.168065047000027,50.283295975000044],[11.167211520000023,50.28284385100005],[11.165504114000044,50.28234319100005],[11.164267007000035,50.283241142000065],[11.160291248000021,50.28612539100004],[11.158479682000063,50.28920361100006],[11.15623001800003,50.28775952400008],[11.154912798000055,50.28602439500003],[11.154841627000053,50.284834653000075],[11.154796631000067,50.28408242900008],[11.153767359000028,50.28354438200006],[11.15147900900007,50.28598680400006],[11.149380787000041,50.28579872000006],[11.14592282700005,50.284956470000054],[11.141556937000075,50.28919192700005],[11.142576766000047,50.29037934000007],[11.143197373000021,50.29337551000003],[11.141407105000042,50.29289987100003],[11.139726212000028,50.29296322300007],[11.140358965000075,50.29404842800005],[11.14026710500002,50.29485309100005],[11.137657278000063,50.29972419000006],[11.133158695000077,50.30017761100004],[11.132499628000062,50.30183910400007],[11.131740269000034,50.303876787000036],[11.13174299800005,50.305127465000055],[11.131524021000075,50.305560564000075],[11.131754613000055,50.30808767700006],[11.132729015000052,50.31054770800006],[11.13372217500006,50.31230580000005],[11.134411494000062,50.313408724000055],[11.134827693000034,50.31405426500004],[11.137015093000059,50.314897407000046],[11.138463589000025,50.31643203900006],[11.140930539000067,50.317389613000046],[11.143228889000056,50.31906228200006],[11.145426025000063,50.31984986200007],[11.150509451000062,50.321173755000075],[11.151912813000024,50.32107022200006],[11.15363287200006,50.32283167200006],[11.154192934000037,50.32277011900004],[11.15477504100005,50.32270614000004],[11.156088629000067,50.32418328600005],[11.158177092000074,50.32377543200005],[11.158485305000056,50.32470944100004],[11.159320717000071,50.326153300000044],[11.157091490000028,50.326552983000056],[11.159197358000029,50.330391993000035],[11.156255095000063,50.333099195000045],[11.15563327600006,50.33336852300005],[11.153055168000037,50.334485104000066],[11.150625260000027,50.33755012700004],[11.150167396000029,50.33812761300004],[11.146876521000024,50.34098215000006],[11.146470094000051,50.341018887000075],[11.145091282000067,50.34114351000005],[11.141618494000056,50.34506820000007],[11.141186537000067,50.34555631200004],[11.138241077000032,50.348139469000046],[11.136108869000054,50.34966563100005],[11.137589502000026,50.35020022100008],[11.138190042000076,50.351682433000065],[11.137963845000058,50.352040962000046],[11.137665510000033,50.35251382200005],[11.139107812000077,50.35350569700006],[11.135983633000023,50.35328921100006],[11.134138807000056,50.35426446300005],[11.131940900000075,50.355145149000066],[11.126678465000055,50.35617807800003],[11.125195490000067,50.35547195100003],[11.123283697000033,50.352192770000045],[11.123441945000025,50.35152501300007],[11.123609540000075,50.35081780000007],[11.121687076000057,50.349001659000066],[11.11923581700006,50.348663980000026],[11.117569242000059,50.34885258300005],[11.116797804000043,50.349333932000036],[11.115770460000022,50.350347197000076],[11.114045434000047,50.35252818500004],[11.114588295000033,50.353068077000046],[11.116617133000034,50.35378882100008],[11.118477232000032,50.357615526000075],[11.119346356000051,50.358593764000034],[11.119291317000034,50.35929010600006],[11.11888310200004,50.36016495400003],[11.116828777000023,50.36456707500008],[11.116490955000074,50.36471126400005],[11.115187238000033,50.36526769400007],[11.11553675700003,50.366558173000044],[11.115591470000027,50.36676017900004],[11.115304910000077,50.36700690300006],[11.113606695000044,50.36736161600004],[11.109976145000076,50.36657416500003],[11.107309021000049,50.36736649000005],[11.104762566000034,50.36732277900006],[11.100030243000049,50.367490417000056],[11.097878119000029,50.366844565000065],[11.096843249000074,50.36594127200004],[11.09503316300004,50.36581171800003],[11.093661765000036,50.36571354200004],[11.091802659000052,50.365580427000054],[11.089737220000075,50.36588673500006],[11.087552287000051,50.364800864000074],[11.08804656500007,50.362838613000065],[11.086974072000032,50.36278695900006],[11.08562925700005,50.36235484200006],[11.085149994000062,50.36114258100008],[11.08677268200006,50.35929875900007],[11.08629925300005,50.35855435800005],[11.08588856700004,50.35830870800004],[11.083281710000051,50.35674933100006],[11.083098144000076,50.35561037100007],[11.082317853000063,50.35464018500005],[11.081951468000057,50.353899272000035],[11.082611652000026,50.35312459000005],[11.083908080000072,50.352939366000044],[11.085775926000053,50.35267247300004],[11.085753909000061,50.35203374300005],[11.081074907000072,50.35161826700005],[11.08059048900003,50.35216350700006],[11.07814049500007,50.352632947000075],[11.076317631000052,50.35327059800005],[11.073566958000072,50.35365182900006],[11.07173079200004,50.35184342900004],[11.069823693000046,50.35113307900008],[11.067529872000023,50.35100046600007],[11.06411928500006,50.34920870900004],[11.059367633000022,50.34932191400003],[11.054195254000035,50.347780095000076],[11.053485103000071,50.34767012300006],[11.048291336000034,50.34686567700004],[11.04555184800006,50.34601058100003],[11.04298839300003,50.34472165100004],[11.041708547000042,50.34591539400003],[11.041154826000025,50.34667381300005],[11.036863470000071,50.34520931700007],[11.03650112400004,50.34652138000007],[11.035353102000045,50.347640881000075],[11.03514288100007,50.34878457500008],[11.034044614000038,50.34918957100007],[11.033809057000042,50.34927643200007],[11.032407061000072,50.35150147200005],[11.035857122000039,50.352695046000065],[11.037778299000024,50.35280034300007],[11.039000903000044,50.352504715000066],[11.039737124000055,50.35232668700007],[11.04349697200007,50.35223236200005],[11.043273288000023,50.35333145900006],[11.04141237600004,50.35329262700003],[11.037534419000053,50.35420357700008],[11.035784152000076,50.35408081500003],[11.031702753000047,50.355130820000056],[11.032473310000057,50.35579837200004],[11.032756963000054,50.35620176800006],[11.032817631000057,50.356630005000056],[11.03314012100003,50.357176061000075],[11.03370084200003,50.35739962100007],[11.034522989000038,50.357705286000055],[11.035140893000062,50.35804760500008],[11.035999867000044,50.35831737900003],[11.036227341000028,50.35868532000006],[11.03604589500003,50.35909087700003],[11.036198541000033,50.35942345800004],[11.036388810000062,50.35979157200006],[11.035782804000064,50.36020459400004],[11.033417377000035,50.36135823600006],[11.032646249000038,50.36030480000005],[11.028322667000054,50.36096794400004],[11.024042836000035,50.360618629000044],[11.023671530000058,50.36135452500008],[11.022497448000024,50.361193222000054],[11.021612428000026,50.36215030100004],[11.01975118300004,50.361677531000055],[11.017888607000032,50.36120438200004],[11.014942098000063,50.36296373700003],[11.014274059000059,50.362180683000076],[11.011904077000054,50.36361343000004],[11.009694792000062,50.364086556000075],[11.008043600000065,50.36519831800007],[11.003091738000023,50.364521102000026],[11.00160567000006,50.36431782200003],[11.000226337000072,50.36464993200008],[10.997960490000025,50.365773915000034],[10.993487278000032,50.36546867700008],[10.992930952000052,50.36479221900004],[10.99396768300005,50.36407707400008],[10.992794872000047,50.36296796500005],[10.992806581000025,50.36159575700003],[10.99205254900005,50.36031434100005],[10.993031977000044,50.36002446600003],[10.99379233600007,50.357009521000066],[10.993299356000023,50.35559899800006],[10.993628873000034,50.354774046000045],[10.994148976000076,50.35347189000004],[10.997827639000036,50.35389451700007],[10.998255678000021,50.35215002700005],[10.99951930800006,50.35197304900004],[10.998146580000025,50.349684754000066],[10.99637008600007,50.34672303800005],[10.992954309000027,50.34903043600008],[10.990154524000047,50.34802739200006],[10.987824249000028,50.34780768300004],[10.986593449000054,50.347691617000066],[10.98578072600003,50.34732052600003],[10.982643641000038,50.350578539000026],[10.982501418000027,50.351793824000026],[10.979264313000044,50.35433666400007],[10.97520060200003,50.35714188000003],[10.973159506000059,50.35836498900005],[10.969628940000064,50.36161603700003],[10.96924328800003,50.36197112200006],[10.968806331000053,50.362243532000036],[10.962952271000063,50.365892631000065],[10.961619822000046,50.36772452000008],[10.959646576000068,50.36733652800007],[10.959082848000037,50.367230808000045],[10.956661342000075,50.36848213400003],[10.958013365000056,50.36917239700006],[10.958643399000039,50.36965553600004],[10.959054191000064,50.36997480900004],[10.95922850200003,50.37011028400008],[10.959814454000025,50.370650728000044],[10.960981918000073,50.37127454200004],[10.961284445000047,50.37136592600007],[10.962101939000036,50.37161285900004],[10.96273036100007,50.371924576000026],[10.96304837100007,50.37246608300006],[10.963233514000024,50.37312239400006],[10.963385606000031,50.37560839100007],[10.963304204000053,50.375914641000065],[10.963137852000045,50.37616724700007],[10.96252437000004,50.37681126000007],[10.96178698400007,50.37758531800006],[10.959681308000029,50.37530779900004],[10.950399735000076,50.38102950700005],[10.948440830000038,50.38175135600005],[10.949953767000068,50.38347173200003],[10.94709363000004,50.38572751400005],[10.945718276000036,50.386466461000055],[10.945464228000048,50.38654566900004],[10.942997885000068,50.38731458800004],[10.942063523000058,50.388398893000044],[10.939752635000048,50.38962062100006],[10.937634647000039,50.39190511400005],[10.932825896000054,50.39242718100007],[10.930218426000067,50.39203206800005],[10.928340233000029,50.391346257000066],[10.926119447000076,50.39083432500007],[10.923615441000038,50.39025704100004],[10.920821426000032,50.38943951200008],[10.916445801000066,50.38800681500004],[10.913619305000054,50.38658596400006],[10.911918206000053,50.38526083700003],[10.910073065000063,50.38668906200007],[10.909415958000068,50.38718627500003],[10.906213623000042,50.38613628500008],[10.905224252000039,50.38539701700006],[10.903885578000029,50.38560170000005],[10.903031285000054,50.385451998000065],[10.89885408300006,50.38471304400008],[10.897416521000025,50.382792523000035],[10.89311800400003,50.38032394700008],[10.891544245000034,50.38059024800003],[10.88871111800006,50.38469420700005],[10.886538191000056,50.387841292000076],[10.884868873000073,50.38850371900003],[10.886366965000036,50.39060408300003],[10.887490206000052,50.39134306200003],[10.887187525000058,50.39257248800004],[10.88303353300006,50.39281493800007],[10.882809086000066,50.392886443000066],[10.881277374000035,50.393374410000035],[10.87798265500004,50.39323232500004],[10.87692351100003,50.39454945600005],[10.876235601000076,50.396531191000065],[10.87274682800006,50.396794483000065],[10.867744152000057,50.394273250000026],[10.866884528000071,50.39241458200007],[10.866298174000065,50.39114668600007],[10.86628359100007,50.38927522400007],[10.861837963000028,50.387669722000055],[10.857209023000053,50.38782815500008],[10.852089513000067,50.38825783300007],[10.850851807000026,50.38836058900006],[10.850020609000069,50.39013565400006],[10.849895820000029,50.39038796700004],[10.847122536000029,50.39029739700004],[10.83699439000003,50.39102933300006],[10.830443013000036,50.39261550100008],[10.82597637300006,50.38985332400006],[10.824991903000068,50.389230533000045],[10.819969595000032,50.38489449900004],[10.816804858000069,50.38601739100005],[10.815054153000062,50.38498215000004],[10.812591017000045,50.383943498000065],[10.810894363000045,50.38411950300008],[10.810480745000064,50.38237800600007],[10.808317597000041,50.38131007000004],[10.807413980000035,50.38086393100008],[10.806860233000066,50.38047826900004],[10.80568947200004,50.379662850000045],[10.804250650000029,50.37910881500005],[10.801578922000033,50.379376784000044],[10.80013051000003,50.37951553700003],[10.79956819900002,50.379597982000064],[10.798659212000075,50.380346245000055],[10.797594483000069,50.38122267400007],[10.795525398000052,50.38112903600006],[10.793672852000043,50.38150802300004],[10.79015847900007,50.382226880000076],[10.786950623000052,50.38369186700004],[10.785881505000077,50.38538423400007],[10.785421352000071,50.385169285000075],[10.78049971200005,50.38082247600005],[10.778022613000076,50.37745754100007],[10.777055533000066,50.37560609900004],[10.776660966000065,50.37485067000006],[10.773774016000061,50.37196935800006],[10.770339568000054,50.371052432000056],[10.766852180000058,50.37046066600004],[10.765880459000073,50.371780940000065],[10.762942666000072,50.369718255000066],[10.76473994500003,50.36911129300006],[10.764116168000044,50.36843870300004],[10.762301437000076,50.36825311600006],[10.761354643000061,50.36495316600008],[10.760509659000036,50.36241922500005],[10.754509496000026,50.358171911000056],[10.751264714000058,50.357971064000026],[10.749417255000026,50.35795259300005],[10.74456109600004,50.36002181600003],[10.74086225000002,50.36151512600003],[10.738718422000034,50.362866489000055],[10.735991370000022,50.36230077400006],[10.735444026000039,50.36296795000004],[10.735283545000073,50.36316356200007],[10.734666507000043,50.36318324300004],[10.732557347000068,50.363250493000066],[10.73144493600006,50.36309174100006],[10.730979577000028,50.36302532600007],[10.727820157000053,50.36257436500006],[10.722196558000064,50.363299555000026],[10.719516739000028,50.363247569000066],[10.715266573000065,50.363591109000026],[10.71486879300005,50.362513602000035],[10.715256608000061,50.361413721000076],[10.71623339100006,50.360669690000066],[10.717316974000028,50.35984427100004],[10.716918594000049,50.35859899800005],[10.716589186000022,50.35756926700003],[10.717929965000053,50.35554228500007],[10.71245514100002,50.354643785000064],[10.712715584000023,50.350519363000046],[10.712932095000042,50.34903346500005],[10.714048498000068,50.34908852600006],[10.714303880000045,50.34634559600005],[10.71656673700005,50.347581897000055],[10.71846298500003,50.347908962000076],[10.718676067000047,50.34873422000004],[10.718735766000066,50.34896543000008],[10.720194358000072,50.349563602000046],[10.72245005600007,50.349296880000054],[10.72414211000006,50.348800177000044],[10.72843066400003,50.348885205000045],[10.728872533000072,50.34794160700005],[10.72697372700003,50.34696811800006],[10.72876713200003,50.34462801700005],[10.727648607000049,50.34411602800003],[10.727030003000039,50.34114660000006],[10.728148128000043,50.33812014600005],[10.724341189000029,50.335413757000026],[10.723155037000026,50.33485152800006],[10.71959958900004,50.333166110000036],[10.71794957800006,50.33345492400008],[10.716993195000043,50.33309008900005],[10.716608285000063,50.332943252000064],[10.715001982000047,50.333031971000025],[10.715084062000074,50.331460621000076],[10.716214447000027,50.32805806700003],[10.714745796000045,50.32654923900003],[10.714389547000053,50.325479200000075],[10.71539585100004,50.32117650400005],[10.71942255700003,50.319756271000074],[10.720087461000048,50.31886667300006],[10.720290116000058,50.318595524000045],[10.72180439500005,50.31802126500003],[10.72287626700006,50.31824772700003],[10.723711899000023,50.31823036500003],[10.724393091000024,50.318216206000045],[10.727314871000033,50.31862522900008],[10.72809404000003,50.31775184000003],[10.729174198000067,50.317760572000054],[10.729445938000026,50.31776276800008],[10.732104267000068,50.31668681900004],[10.732940196000072,50.31600905400006],[10.733481804000064,50.315569907000054],[10.73693247600005,50.314152017000026],[10.73852650300006,50.31538137700005],[10.74022054300002,50.315955949000056],[10.741845438000041,50.315914286000066],[10.744402839000031,50.31320061800005],[10.745385132000024,50.312795907000066],[10.746576060000052,50.31230521700007],[10.748224451000056,50.31048416600004],[10.750759883000057,50.30950580000007],[10.751285425000049,50.307676352000044],[10.752460636000023,50.30656100900006],[10.756833586000027,50.30466183100003],[10.759471748000067,50.303801573000044],[10.761374918000058,50.30114050800006],[10.762519077000036,50.29836688200004],[10.764742692000027,50.297247655000035],[10.76623851000005,50.29586782600006],[10.768216083000027,50.29535936100007],[10.768472024000062,50.29429657600008],[10.768558394000024,50.29417793300007],[10.76906217100003,50.29348589800003],[10.770728870000028,50.29267220300005],[10.77435859600007,50.293725290000054],[10.774549514000057,50.29432271100006],[10.774582189000057,50.29442495700005],[10.77538951400004,50.29468555600005],[10.780112498000051,50.29452586300005],[10.783192394000025,50.295003948000044],[10.78697647100006,50.29393756300004],[10.789073934000044,50.294189405000054],[10.791894054000068,50.29485171400006],[10.794209683000076,50.295376178000026],[10.79464848200007,50.29423236400004],[10.79703554200006,50.29275109800005],[10.79949125500002,50.292411808000054],[10.80255027000004,50.291980901000045],[10.804366580000021,50.29050950200008],[10.804378470000074,50.28863636800003],[10.803165028000024,50.287154085000054],[10.801719690000027,50.28509998100003],[10.80238393600007,50.284670868000035],[10.80313213200003,50.28418750900005],[10.801708339000072,50.28332749900005],[10.803113318000044,50.28126336500003],[10.803919859000075,50.27975318800003],[10.804188923000027,50.27966776100004],[10.806874550000032,50.27881504000004],[10.810695615000043,50.279677907000064],[10.811472783000056,50.27773194500003],[10.814524132000031,50.278867595000065],[10.815901101000065,50.27812106500005],[10.81745344500007,50.27764357400008],[10.81986197200007,50.27713880700003],[10.822180188000061,50.277160888000026],[10.826331418000052,50.27794903900008],[10.82695115100006,50.27731879500004],[10.827414425000029,50.277183413000046],[10.830025159000058,50.27642042900004],[10.83177999000003,50.27439992200004],[10.832448415000044,50.27362419900004],[10.834100371000034,50.27338449300004],[10.83592565400005,50.27306492400004],[10.836910762000059,50.27332326100003],[10.842247586000042,50.27552085900004],[10.844454430000042,50.27587415600004],[10.846358138000028,50.27509463700005],[10.845237308000037,50.27246593700005],[10.845345704000067,50.27104879800004],[10.845404553000037,50.26950104500003],[10.847479065000073,50.26717341800003],[10.851279580000039,50.26480448900003],[10.851494416000037,50.262762648000034],[10.851396560000069,50.26251185600006],[10.850329832000057,50.25977777600008],[10.850744409000072,50.257794251000064],[10.851079392000031,50.254907941000056],[10.851837825000075,50.253861732000075],[10.852190778000022,50.25337483800007],[10.851953018000074,50.25160305700007],[10.850120515000071,50.25049297500004],[10.848095604000036,50.247132699000076],[10.847733855000058,50.24653233400005],[10.848071187000073,50.24577561600006],[10.847652555000025,50.245020999000076],[10.84466635800004,50.24315772500006],[10.83784726700003,50.242663812000046],[10.836060389000068,50.24195488600003],[10.836544053000068,50.24106788700004],[10.835911573000033,50.23950453900005],[10.833464826000068,50.23870190700006],[10.83092817100004,50.239069157000074],[10.829351298000063,50.238263923000034],[10.825232853000045,50.23761009100008],[10.824047415000052,50.23753300200008],[10.822536381000077,50.23802290300006],[10.820865464000065,50.23849493000006],[10.819570192000072,50.23876960100006],[10.814783699000031,50.23974419800004],[10.812541174000046,50.24003617100004],[10.809998265000047,50.24036719700007],[10.807268589000046,50.240196712000056],[10.807956582000031,50.24148681400004],[10.807112016000076,50.24150655400007],[10.806575914000064,50.241519081000035],[10.805832938000037,50.243720730000064],[10.806772488000036,50.24434669500005],[10.80056410700007,50.25144334400005],[10.797699387000023,50.25111791000006],[10.792910393000057,50.25023919300003],[10.791493609000042,50.25063280300003],[10.789797023000062,50.25110411500003],[10.787077389000046,50.25079671900005],[10.781843580000043,50.251283940000064],[10.784366730000045,50.24850648700004],[10.780315686000051,50.24684293100006],[10.779342103000033,50.24589281600004],[10.778392557000075,50.24496611500007],[10.776693401000045,50.243884681000054],[10.77512079500002,50.24369661600008],[10.774389696000071,50.24360917700005],[10.774013883000066,50.243120668000074],[10.773470798000062,50.24241470900006],[10.772023188000048,50.241977277000046],[10.769631615000037,50.24084024800004],[10.768019422000066,50.24105097000006],[10.766801412000063,50.241503684000065],[10.766353687000048,50.24172066400007],[10.765736538000056,50.24174908900005],[10.765033542000026,50.24148079200006],[10.763938536000069,50.24135735300007],[10.763153389000024,50.24144913300006],[10.761933873000032,50.24164087200006],[10.760987482000075,50.24183904300003],[10.76019619400006,50.24200472700005],[10.759074613000053,50.24215122600003],[10.757938059000026,50.242126797000026],[10.75583345800004,50.242104520000055],[10.753574484000069,50.242073548000064],[10.751993493000043,50.24229797100003],[10.74981662600004,50.24247768600003],[10.748673633000067,50.24389174000004],[10.746133911000072,50.24378295200006],[10.745997989000045,50.24469031900003],[10.74689687600005,50.244866857000034],[10.748203270000033,50.24782568100005],[10.74481108200007,50.24848978800003],[10.744537535000063,50.248743148000074],[10.743935135000072,50.249301080000066],[10.741401421000035,50.25042055500006],[10.738728865000041,50.25054041700008],[10.736047016000043,50.25086758300006],[10.733964598000057,50.25112157700005],[10.732167774000061,50.25183794600008],[10.72990610200003,50.25069802400003],[10.72776685100007,50.24938866400004],[10.726495208000074,50.247564700000055],[10.727989251000054,50.24605016700008],[10.729807565000044,50.24487686800006],[10.729320200000075,50.24275444600005],[10.726238673000069,50.24088909800008],[10.727560693000044,50.238655116000075],[10.727791144000037,50.23670769000006],[10.727393463000055,50.23434789600003],[10.727168772000027,50.233014497000056],[10.726995774000045,50.23072174600003],[10.72825698500003,50.23060021300006],[10.729442924000068,50.23026456500003],[10.729089154000064,50.22619448700004],[10.728743147000046,50.22213346800004],[10.729152868000028,50.220566301000076],[10.731220988000075,50.21265420800006],[10.725042661000032,50.20781690300004],[10.724403610000024,50.206099651000045],[10.71897382800006,50.20515643300007],[10.716645150000033,50.20481895900008],[10.715418574000068,50.20636882500003],[10.712597662000064,50.20880339400003],[10.710302502000047,50.20972536600004],[10.708973024000045,50.210276640000075],[10.704713520000041,50.21089615300008],[10.702749151000035,50.210548747000075],[10.701785056000062,50.211324226000045],[10.701452884000048,50.21227519100006],[10.700029329000074,50.21250622000008],[10.69575278000002,50.211799435000046],[10.694906678000052,50.21272173300008],[10.690857623000056,50.21693933600005],[10.687640987000066,50.219077034000065],[10.685677807000047,50.22230863600004],[10.685740504000023,50.223995553000066],[10.68671445800004,50.22590758500007],[10.68594198900007,50.22562992100006],[10.680633125000043,50.223685971000066],[10.678932475000067,50.22356921100004],[10.676789468000038,50.22342204200004],[10.67495180000003,50.223289901000044],[10.673671794000029,50.22225714600006],[10.672898174000068,50.22162849700004],[10.671733393000068,50.22140531300005],[10.668857560000049,50.22113066600008],[10.663670269000022,50.221543075000056],[10.662339778000046,50.22225823800005],[10.661868898000023,50.22270769900007],[10.659555565000062,50.22331084700005],[10.657478914000023,50.22367513800003],[10.659567371000037,50.224706377000075],[10.66229026700006,50.22664509800006],[10.662382965000063,50.22770194100008],[10.661053670000058,50.22964636100005],[10.658961146000024,50.23070906700008],[10.655043771000066,50.22949078400006],[10.647279811000033,50.22707172300005],[10.64473982800007,50.22661609000005],[10.64262083400007,50.22622286100005],[10.637661361000028,50.22326877900008],[10.634981745000061,50.22292106800006],[10.62897898500006,50.22275703000008],[10.623133560000042,50.223753173000034],[10.622634850000054,50.22377966500005],[10.618864052000049,50.22397990400003],[10.617667137000069,50.22394812600004],[10.614005795000026,50.223850844000026],[10.612047270000062,50.224138442000026],[10.61155414700005,50.22573545900008],[10.610233748000041,50.22780853900008],[10.610114855000063,50.22799519800003],[10.608240901000045,50.23038129400004],[10.60723544800004,50.23233467600005],[10.60719529000005,50.233180470000036],[10.607343488000026,50.23365643900007],[10.60750616200005,50.234178891000056],[10.606353469000055,50.23625136900006],[10.604907453000067,50.23885095300005],[10.604348212000048,50.23971521500005],[10.603425275000063,50.24107466100003],[10.60283028200007,50.24176058300003],[10.60208179700004,50.24262342000003],[10.600359296000022,50.24411851100007],[10.598509713000055,50.245280782000066],[10.597108477000063,50.24617272200004],[10.60161172100004,50.24584491200005],[10.603505612000049,50.245717255000045],[10.611314700000037,50.24907497500004],[10.611389918000043,50.25121628900007],[10.608344500000044,50.251057253000056],[10.606483044000072,50.25320938100003],[10.60639900800004,50.253281438000045],[10.605987604000063,50.25754660000007],[10.60501372400006,50.25904591600005],[10.602188329000057,50.260605686000076],[10.598909031000062,50.26173672800007],[10.597829215000047,50.262620980000065],[10.598407957000063,50.26375258400003],[10.600183117000029,50.26685516300006],[10.602318851000064,50.26781600400005],[10.603025481000032,50.269992752000064],[10.607295940000029,50.27125747700006],[10.607026143000041,50.27159054800006],[10.606427975000031,50.272328981000044],[10.602480540000045,50.271162908000065],[10.601272753000046,50.270939044000045],[10.593478704000063,50.26955105600007],[10.591040414000076,50.27178438200008],[10.592672200000038,50.27346559700004],[10.593124322000051,50.27645391900006],[10.593281492000074,50.277972384000066],[10.595104288000073,50.27925925100004],[10.598037588000068,50.28138788900003],[10.59974692700007,50.282254839000075],[10.601550726000028,50.28267147000008],[10.600781831000063,50.284264697000026],[10.599152828000058,50.28422112800007],[10.598169810000059,50.28419498100004],[10.598114409000061,50.284563924000054],[10.597534202000077,50.28918911100004],[10.601889780000022,50.29011206500007],[10.605324195000037,50.293536998000036],[10.602677414000027,50.29722135800006],[10.599106791000054,50.30255350400006],[10.597911303000046,50.304338476000055],[10.596348148000061,50.30667218700006],[10.593248493000033,50.30656659200008],[10.592359352000074,50.30808136300004],[10.59232118500006,50.31136660400006],[10.593795197000077,50.31230812100006],[10.594689427000048,50.313307234000035],[10.593977575000054,50.31427909800004],[10.59394330200007,50.314529625000034],[10.593801685000074,50.31556476000003],[10.593228078000038,50.31570132300004],[10.592597666000074,50.31585140800007],[10.592322640000077,50.31718454700007],[10.595432776000052,50.31945836800003],[10.595447157000024,50.31962031000006],[10.595621110000025,50.32223843300005],[10.598260597000035,50.327724673000034],[10.599332976000028,50.32970319900005],[10.59936129700003,50.329802147000066],[10.600550296000051,50.33368802900003],[10.598004937000042,50.33319536600004],[10.595867314000031,50.33272030300003],[10.588883237000061,50.333859603000064],[10.583398346000024,50.33238812800005],[10.582626019000031,50.33283856000003],[10.582008569000038,50.33344183500003],[10.581489473000033,50.33402704100007],[10.58026178700004,50.333939514000065],[10.579240053000035,50.33386666000007],[10.578737040000021,50.33469360700008],[10.57815990000006,50.33564238100007],[10.576998684000046,50.33555329100005],[10.575847139000075,50.33546493100005],[10.574690030000056,50.33669492100006],[10.572469480000052,50.33709223300008],[10.565877409000052,50.337932969000065],[10.561785334000035,50.33709847500006],[10.559109184000022,50.33858680700007],[10.55849801100004,50.338926687000026],[10.555731411000068,50.34142036800006],[10.552290302000074,50.34451712400005],[10.550816525000073,50.34688412700007],[10.549758531000066,50.34927287700003],[10.551321891000043,50.34995780000003],[10.550947068000028,50.35052691900006],[10.550474983000072,50.35124369500005],[10.554861101000029,50.354656109000075],[10.553420695000057,50.35777959600006],[10.551518815000065,50.35903044300005],[10.544408273000045,50.36450557900008],[10.54248691500004,50.363449321000076],[10.540700237000067,50.36310716200006],[10.539449730000058,50.363050463000036],[10.537305796000055,50.362679806000074],[10.535297864000029,50.36496581200004],[10.534985769000059,50.365680087000044],[10.534182067000074,50.36596599900008],[10.532931413000028,50.36579496200005],[10.53101050400005,50.36510988500004],[10.53074216500005,50.364538613000036],[10.53051834300004,50.36373879300004],[10.529848156000071,50.36328189500006],[10.528999274000057,50.362710769000046],[10.530382573000054,50.36096781600003],[10.529489286000057,50.360739512000066],[10.528462453000031,50.36119684500005],[10.528322930000058,50.36124151400003],[10.52756947100005,50.36148273400005],[10.526720960000034,50.36145436700008],[10.525916335000034,50.360026194000056],[10.526002651000056,50.35989986100003],[10.526541008000038,50.35911190300004],[10.526585308000051,50.35848341600007],[10.52474036600006,50.35716786800003],[10.524262402000033,50.35682703600003],[10.523681464000049,50.35594157600008],[10.523626465000063,50.354756749000046],[10.522121612000035,50.354604091000056],[10.518408739000051,50.35420885600007],[10.518634655000028,50.35320006100005],[10.517480302000024,50.353151006000076],[10.51662538200003,50.353114668000046],[10.516066986000055,50.35154058300003],[10.515559899000039,50.35011104300003],[10.514624396000045,50.349896674000036],[10.51404225500005,50.35128248900003],[10.514167788000066,50.352002680000055],[10.514470897000024,50.35374154900006],[10.513800328000059,50.35369736800004],[10.512698919000059,50.35362479100007],[10.512475550000033,50.35980610000007],[10.511195558000054,50.35943733400006],[10.507074355000043,50.35794407600008],[10.507538227000055,50.356378481000036],[10.50640659100003,50.35572269100004],[10.505892636000056,50.35542484200005],[10.505892459000052,50.35401223400004],[10.503276655000036,50.353175571000065],[10.501273051000055,50.35582551300007],[10.49962092100003,50.35525417700006],[10.499040397000044,50.357710947000044],[10.497120307000046,50.357111004000046],[10.497024599000042,50.35690432400003],[10.496763133000059,50.356339682000055],[10.495184395000024,50.35616791100006],[10.49455732000007,50.35609967700003],[10.492405731000076,50.35505584500004],[10.490886208000063,50.35851077500007],[10.49051799700004,50.35889211700004],[10.488679904000037,50.360795643000074],[10.48921561800006,50.36153844100005],[10.485990411000046,50.363054024000064],[10.48721411300005,50.363153139000076],[10.490097536000064,50.36354931400007],[10.491588826000054,50.36190288900008],[10.492854683000076,50.36215490400008],[10.49194008400002,50.36411630100008],[10.493543533000036,50.36480921000003],[10.49504859600006,50.36517818300007],[10.493848168000056,50.36641395000004],[10.494473405000065,50.36671870100008],[10.495681400000024,50.36722964000006],[10.494443233000027,50.36944297500003],[10.490560663000053,50.36878590300006],[10.488759196000046,50.37299805300006],[10.487284514000066,50.375283273000036],[10.483637376000047,50.37466050300003],[10.482980154000074,50.374418551000076],[10.481835174000025,50.37399701800007],[10.48043022500002,50.37308543600005],[10.477404655000043,50.37329817700004],[10.476856613000052,50.373336703000064],[10.47348280400007,50.37250990300004],[10.473104973000034,50.373465975000045],[10.472062681000068,50.373489533000054],[10.471495811000068,50.374226253000074],[10.47079618500004,50.37489377000003],[10.469862972000044,50.375494486000036],[10.468525574000068,50.376672803000076],[10.467091700000026,50.377593207000075],[10.463657887000068,50.37601454900005],[10.462900296000043,50.376644988000066],[10.462932927000054,50.37702402700006],[10.462988832000065,50.37767343400003],[10.461915197000053,50.37950138300005],[10.460780371000055,50.38002108900008],[10.459546500000044,50.38058612700007],[10.459931607000044,50.38120272800006],[10.460171115000037,50.38158619700005],[10.458502030000034,50.38319282400005],[10.459585037000068,50.38772793800007],[10.45712738900005,50.38784131800003],[10.45556812500007,50.39055170300003],[10.454454616000021,50.39226079800005],[10.45303242600005,50.392917046000036],[10.453339812000024,50.39519354600003],[10.45556258800002,50.396409092000056],[10.453263199000048,50.40146479400005],[10.450531777000037,50.40185954400005],[10.44950284600003,50.40304677100005],[10.44409953500002,50.40303771100008],[10.443760108000049,50.40219833900005],[10.442809831000034,50.401962250000054],[10.44034711300003,50.40135035900005],[10.437975571000038,50.40117864400003],[10.43759803000006,50.39926196500005],[10.437898634000021,50.39548316400004],[10.434735430000046,50.394823967000036],[10.42374340400005,50.39253245800006],[10.423291135000056,50.39368384100004],[10.421563547000062,50.393977403000065],[10.419968468000036,50.39424842200003],[10.414451948000021,50.39372259500004],[10.413956522000035,50.39525180600003],[10.410142549000057,50.39499695900008],[10.408734940000045,50.39503184100005],[10.408392978000052,50.39413809000007],[10.408314818000065,50.39393380700005],[10.406105534000062,50.39368009400005],[10.405961346000026,50.39539850500006],[10.40131510200007,50.396024441000066],[10.39959886500003,50.39555508400008],[10.39649920900007,50.39692896000008],[10.394767824000041,50.39694538400005],[10.39574411600006,50.39466989600004],[10.39449369700003,50.39365203400007],[10.39206684800007,50.396241073000056],[10.391322935000062,50.39837206700008],[10.387740816000075,50.39823438700006],[10.387609138000073,50.40016823500008],[10.38684568800005,50.40168155100008],[10.386403298000062,50.40273387600007],[10.384481054000048,50.40284623100007],[10.383999650000021,50.405741025000054],[10.385265502000038,50.406004161000055],[10.383918035000022,50.408621476000064],[10.38656103300002,50.40940971100008],[10.390064188000053,50.40994243400007],[10.389441160000047,50.41143543000004],[10.392371671000035,50.41190970500003],[10.392186777000063,50.41267376900004],[10.392013371000075,50.41339034100008],[10.394424148000041,50.413682778000066],[10.39485521100005,50.417658251000034],[10.39677772300007,50.417688559000055],[10.397856658000023,50.41833524900005],[10.398161970000046,50.41851824300005],[10.40094014500005,50.41903065200006],[10.400039332000063,50.42211513900003],[10.404553545000056,50.423118826000064],[10.403834693000022,50.42477513000006],[10.402847887000064,50.42623123300007],[10.40015463900005,50.42547240500005],[10.397748096000043,50.42705526700007],[10.39282915900003,50.42693652400004],[10.392463618000022,50.43033569100004],[10.386833423000041,50.430165801000044],[10.379002998000033,50.42992238700003],[10.378504399000064,50.43249292000007],[10.370714811000028,50.43175807200004],[10.370156884000039,50.43480893600008],[10.372776176000059,50.43516276500003],[10.372377357000062,50.437140105000026],[10.37616583700003,50.43721790500007],[10.376445396000065,50.43805497900007],[10.38133203500007,50.438851905000035],[10.380723920000037,50.43976003100005],[10.376246614000024,50.44066076800004],[10.374232992000032,50.44016552200003],[10.374147765000032,50.439315829000066],[10.367271857000048,50.43877357200006],[10.36634921500007,50.44119285000005],[10.367559874000051,50.44155415200004],[10.366499618000034,50.44280358900005],[10.36479649000006,50.44203551100003],[10.363691532000075,50.444257906000075],[10.362238108000042,50.444984979000026],[10.361095058000046,50.445568448000074],[10.360713145000034,50.44606285300006],[10.361290066000038,50.44633347700005],[10.363033779000034,50.44755023600004],[10.36100316300002,50.44805166700007],[10.360254905000033,50.448527633000026],[10.35917347800006,50.45061115500005],[10.357512808000024,50.452323154000055],[10.357623296000043,50.45349622500004],[10.357687228000032,50.45417496500005],[10.356725792000077,50.455190499000025],[10.35226481500007,50.45643024200007],[10.351006161000043,50.45822836500008],[10.349659104000068,50.459719171000074],[10.348971448000043,50.46048016600008],[10.348772987000075,50.46083081100005],[10.348559354000031,50.46151434600006],[10.348274917000026,50.46229676200005],[10.348189500000046,50.46255757900008],[10.346481720000043,50.46323013400007],[10.34159061500003,50.463586468000074],[10.340969607000034,50.464561196000034],[10.340441328000054,50.46539034400007],[10.33615420500007,50.46589718800004],[10.336647219000042,50.46800663800008],[10.337098754000067,50.469938444000036],[10.336988038000072,50.47235446500008],[10.337253346000068,50.47329756400006],[10.338965452000025,50.47504526800003],[10.339377796000065,50.47546616300008],[10.33923044900007,50.47590741300007],[10.33882219700007,50.477129941000044],[10.34141087200004,50.482999962000065],[10.337359295000056,50.48425397800003],[10.33611673300004,50.48470209800007],[10.332667238000056,50.48709050100007],[10.333777773000065,50.48810883600004],[10.333382174000064,50.489553975000035],[10.332977576000076,50.491031898000074],[10.330745055000023,50.49215334100006],[10.330582236000055,50.49427653500004],[10.326293133000036,50.49457606900006],[10.32535525000003,50.492649166000035],[10.319156612000029,50.49251252400006],[10.317894472000035,50.49248466100005],[10.311598030000027,50.49391415800005],[10.30890396500007,50.49390972300006],[10.30657006000007,50.49207931600006],[10.30331616500007,50.49305051200008],[10.301923793000071,50.493466055000056],[10.296866170000044,50.49531975800005],[10.29347879200003,50.49597533300005],[10.293077506000031,50.49605298800003],[10.291614381000045,50.49633611100006],[10.287552495000057,50.49931590400007],[10.285167151000053,50.49959940700006],[10.284701339000037,50.499661521000064],[10.276721738000049,50.50455904200004],[10.274599189000071,50.50586856500007],[10.273118785000065,50.50565871600003],[10.271018059000028,50.505357641000046],[10.267694211000048,50.50419029900007],[10.266533627000058,50.50493475700006],[10.259561940000026,50.50914828200007],[10.260475143000065,50.50984420700007],[10.25921637700003,50.510698611000066],[10.257056369000054,50.51240120300008],[10.256221693000043,50.512813333000054],[10.253543187000048,50.51124656500008],[10.251390310000033,50.51118344400004],[10.248108573000025,50.51269692200003],[10.244312265000076,50.51278754100008],[10.243665084000042,50.51501751700005],[10.240743655000074,50.51252763900004],[10.235669823000023,50.51145439900006],[10.230827931000022,50.51180310400008],[10.23184991000005,50.51321811400004],[10.230163060000052,50.51454583000003],[10.227781615000026,50.51639374700005],[10.225792339000066,50.51871942400004],[10.22906800800007,50.52428763100005],[10.230119911000031,50.526944481000044],[10.230488649000051,50.529095780000034],[10.231973530000062,50.53108771900003],[10.231112185000029,50.53113070300003],[10.227853589000063,50.53073616300003],[10.224834809000072,50.53037809300008],[10.224916774000064,50.533248538000066],[10.221641927000064,50.53872453400004],[10.213789132000045,50.54004799900008],[10.212954826000043,50.539968345000034],[10.211638642000025,50.53984267200008],[10.209259957000029,50.54029378400003],[10.208325658000035,50.54063085100006],[10.207534790000068,50.54292325200004],[10.205977781000058,50.54369985500006],[10.204914366000025,50.54423023900006],[10.204182764000052,50.54604589300004],[10.20464114300006,50.54949317100005],[10.203995603000067,50.55129062800006],[10.20357950600004,50.55244914100007],[10.203873884000075,50.554700851000064],[10.199043024000048,50.553637242000036],[10.198318585000038,50.55472092100007],[10.196162857000047,50.55522948400005],[10.195808201000034,50.55460006100003],[10.194198441000026,50.55482858200003],[10.192602506000071,50.554824342000074],[10.18991275600007,50.55363845200003],[10.188240520000022,50.55389214600007],[10.187523517000045,50.55400091300004],[10.186397765000038,50.55372984600007],[10.186085712000022,50.55365470500004],[10.181968012000027,50.55266308000006],[10.177893248000032,50.551680031000046],[10.17775632200005,50.55152030600004],[10.175622932000067,50.54903153300006],[10.174558698000055,50.54581318900006],[10.174808919000043,50.54546597400008],[10.176334748000045,50.54334856500003],[10.175441103000026,50.542917540000076],[10.172970600000042,50.544034269000065],[10.171798255000056,50.54456416100004],[10.169860628000038,50.54595845100005],[10.165275411000039,50.547659303000046],[10.161183462000054,50.54918292900004],[10.159565840000027,50.549785179000025],[10.158829714000035,50.54973229600006],[10.157437366000067,50.54963225600005],[10.152871422000032,50.549304075000066],[10.152120935000028,50.550210581000044],[10.150267822000046,50.55188754900007],[10.147685069000033,50.54978323100005],[10.149415465000061,50.54878075900007],[10.147972449000065,50.547246759000075],[10.146683563000067,50.54588416800004],[10.147966585000063,50.54426850500005],[10.146859506000055,50.54314940900008],[10.144716715000072,50.542692946000045],[10.14322508500004,50.54274696400006],[10.140366563000043,50.54285042600003],[10.139066099000047,50.54303531700003],[10.137915325000051,50.54354224700006],[10.136419016000048,50.54428313100004],[10.136211432000039,50.54534916000006],[10.13603469700007,50.546103008000046],[10.134124861000032,50.54701990600006],[10.131338654000047,50.54835742000006],[10.130690865000076,50.54866837000003],[10.130147841000053,50.54929265000004],[10.126514921000023,50.55346870300008],[10.125491386000022,50.55406352800003],[10.120712415000071,50.55585721600005],[10.122699271000045,50.557399246000045],[10.12219026400004,50.55795703300004],[10.122765574000027,50.55844694800004],[10.12459197000004,50.55904806400008],[10.12664488200005,50.558426859000065],[10.127260224000054,50.55953284100008],[10.126971785000023,50.56055558800006],[10.126217971000074,50.561350667000056],[10.121672102000048,50.56378229900008],[10.119408294000038,50.56422474400006],[10.107094136000057,50.56373360300006],[10.099739448000037,50.55817473600007],[10.099603414000057,50.55426025500003],[10.098988469000062,50.553502311000045],[10.098505661000047,50.55215997200003],[10.09404446800005,50.553601997000044],[10.094201737000049,50.55012043100004],[10.094272329000034,50.54849209100007],[10.089060631000052,50.54536043600007],[10.089842056000066,50.54481435400004],[10.08463146300005,50.54323011100007],[10.083341330000053,50.54222671100007],[10.081101492000073,50.541642746000036],[10.078169125000045,50.54143809900006],[10.077700785000047,50.54140540700007],[10.076265269000032,50.54088727300007],[10.074720672000069,50.539945825000075],[10.073558235000064,50.53890679500006],[10.07343676000005,50.53840110500005],[10.073014182000065,50.53664185700006],[10.072092811000061,50.53703883800006],[10.070046384000022,50.53542063400005],[10.070648112000072,50.53292150400006],[10.068487379000032,50.52994418800006],[10.072744736000061,50.529024270000036],[10.071825447000037,50.52767120100003],[10.066520170000047,50.52896505600006],[10.065031787000066,50.52811366600008],[10.063279832000035,50.52680447000006],[10.06166754700007,50.52559955800007],[10.060959798000056,50.52525734500006],[10.057522577000043,50.52359523000007],[10.054806297000027,50.52129035200005],[10.053576054000075,50.52041036800006],[10.05196069300007,50.51925483900004],[10.049767445000043,50.51838251400005],[10.04499293400005,50.51694828800004],[10.041338408000058,50.51646958200007],[10.039741212000024,50.51561808300005],[10.039818327000035,50.51403331800003],[10.042149891000065,50.50937276500008],[10.041855835000035,50.507698015000074],[10.040505068000073,50.50632378600005],[10.03985811900003,50.50566556500007],[10.039614521000033,50.504672818000074],[10.038976371000047,50.50207193800003],[10.038820220000048,50.50153747200005],[10.037106158000029,50.50002195400003],[10.039475929000048,50.498609800000054],[10.040207549000058,50.497147925000036],[10.041188107000039,50.49518848500003],[10.03958323200004,50.493427524000026],[10.038033153000072,50.49337324700008],[10.037179992000063,50.49284608000005],[10.038400683000077,50.49205345400003],[10.038012483000045,50.49168289600004],[10.035701403000076,50.49141173700008],[10.036191468000027,50.490913771000066],[10.034445264000055,50.49013301700006],[10.034458849000032,50.488764192000076],[10.034914181000033,50.48800421900006],[10.036356431000058,50.48743867200005],[10.032036553000069,50.48639687900004],[10.033336891000033,50.48469257900007],[10.033485228000075,50.481121072000064],[10.030294398000024,50.48010036200003],[10.028069649000031,50.479381242000045],[10.026513066000064,50.47835117200003],[10.022021857000027,50.47546849100007],[10.020320342000048,50.469504904000075],[10.01931385100005,50.46798008800005],[10.018307426000035,50.46645526300006],[10.014990928000032,50.46681025600003],[10.011478475000047,50.46567069400004],[10.005065560000048,50.464221673000054],[10.003291670000067,50.46267542000004],[9.997459910000032,50.460985537000056],[9.996918214000061,50.46023635800003],[9.996716413000058,50.45960711600003],[9.996236272000033,50.458109903000036],[9.992884737000054,50.45522815100003],[9.993196021000074,50.45402728600004],[9.993989774000056,50.453385223000055],[9.992717752000033,50.45241686500003],[9.993689970000048,50.45144643700007],[9.991192444000035,50.44966183300005],[9.990478328000052,50.44846834300006],[9.989984857000024,50.447123102000035],[9.98839371400004,50.44572138900003],[9.985544339000057,50.44342325900004],[9.98369860400004,50.44341499800004],[9.98278842700006,50.44291672400004],[9.981527735000043,50.44222653400004],[9.97856979900007,50.442141194000044],[9.973634745000027,50.43869058400003],[9.972869847000027,50.43654561200003],[9.970423503000063,50.43549025800007],[9.966811329000052,50.434530840000036],[9.965767422000056,50.43346790600003],[9.964244303000044,50.431916923000074],[9.962092078000069,50.42918955400006],[9.962728004000041,50.42654717500005],[9.961289272000045,50.425496707000036],[9.959613767000064,50.424220165000065],[9.957836757000052,50.42320405600003],[9.954165465000074,50.42279979800003],[9.952155534000042,50.422448332000045],[9.949753583000074,50.42310271000008],[9.949044661000073,50.42325545500006],[9.946689530000071,50.423762855000064],[9.943399398000054,50.42328810300006],[9.942150993000041,50.42258882100003],[9.940243569000074,50.42152032700005],[9.939607892000026,50.42116421900005],[9.938163493000047,50.42064430200003],[9.935655015000066,50.41960627800006],[9.934278627000026,50.419293595000056],[9.932692002000067,50.41889887900004],[9.93070618400003,50.41774635100006],[9.92669372100005,50.41650272800007],[9.924421903000052,50.41449210800005],[9.923197063000032,50.41340800200004],[9.922686698000064,50.41254165200007],[9.920220569000037,50.41155748800003],[9.91902204300004,50.41055268500003],[9.91696440800007,50.41070423800005],[9.914150802000051,50.40960015500008],[9.911667980000061,50.408625775000075],[9.910046631000057,50.40879742900006],[9.90851718500005,50.40725994600007],[9.906138586000054,50.40615800100005],[9.901014858000053,50.403783961000045],[9.897682884000062,50.40381017300007],[9.894254626000077,50.40391120700008],[9.890393903000074,50.402890927000044],[9.888321748000067,50.401832427000045],[9.88507762300003,50.39950688300007],[9.883100782000042,50.39889344300008],[9.88059022400006,50.40032860600007],[9.879385167000066,50.40096995600004],[9.877233236000052,50.40294685300006],[9.875511681000035,50.40536694200006],[9.873704995000026,50.40782253500004],[9.87332322900005,50.408999177000055],[9.871571886000027,50.40940352600006],[9.869996703000027,50.40926894200004],[9.869285670000068,50.40874317000004],[9.869758243000035,50.40815190100005],[9.869119555000054,50.40748255800003],[9.866668043000061,50.40656030500003],[9.866931757000032,50.40579693700005],[9.865075535000074,50.40458999200007],[9.86417846300003,50.40117484500007],[9.86184546000004,50.398813483000026],[9.860046301000068,50.397473956000056],[9.85341095900003,50.39898233200006],[9.851240051000048,50.39964760600003],[9.850521388000061,50.399253986000076],[9.849782573000027,50.39872793500007],[9.848533037000038,50.399503681000056],[9.84725485100006,50.39929848200006],[9.847515228000077,50.40054304500006],[9.845552853000072,50.40122335700005],[9.84425555200005,50.40238569500008],[9.840766848000044,50.40420132700007],[9.838411853000025,50.405474508000054],[9.837461147000056,50.405001146000075],[9.83347575700003,50.40606687200005],[9.832026220000046,50.40602247400005],[9.830044003000069,50.40651156100006],[9.828375227000038,50.40633414100006],[9.825707472000033,50.40680442400003],[9.82478216800007,50.406285609000065],[9.824486556000068,50.40527721300003],[9.823439846000042,50.40553294100005],[9.821995591000075,50.40644968700008],[9.821574588000033,50.40700989700008],[9.821244560000025,50.40793642500006],[9.819554591000042,50.40778496400003],[9.819086735000042,50.40897892000004],[9.818612561000066,50.40921101100008],[9.814818127000024,50.41106809200005],[9.814228257000025,50.411928379000074],[9.813897194000049,50.41242129200003],[9.81352322600003,50.41295893700004],[9.810770771000023,50.41244759700004],[9.807988411000053,50.412430897000036],[9.808773806000033,50.41514399700003],[9.810397410000064,50.415819585000065],[9.811265390000074,50.41712948400004],[9.810901701000034,50.418881905000035],[9.809104011000045,50.421417543000075],[9.807467655000039,50.42255044700005],[9.80675954800006,50.422147177000056],[9.802589728000044,50.42399692500004],[9.80088885400005,50.424100880000026],[9.800425059000077,50.42418578400003],[9.795149026000047,50.42515147700004],[9.79322415100006,50.42481373100003],[9.791268635000051,50.42447057100003],[9.789424929000063,50.42514485000004],[9.78878725900006,50.42473118100003],[9.787411906000045,50.42383892400005],[9.786717199000066,50.423388216000035],[9.78488457100002,50.42146294100007],[9.784545280000032,50.42049664100006],[9.783725749000041,50.42047964000005],[9.783250986000041,50.41944998200006],[9.78140045300006,50.41931659800008],[9.780213726000056,50.41923104600005],[9.78018127100006,50.41843092100004],[9.777784944000075,50.41934468900007],[9.77686850400005,50.42053198700006],[9.775449821000052,50.420994637000035],[9.773392046000026,50.422893317000046],[9.773093982000034,50.42409370000007],[9.771870957000033,50.42485970300004],[9.769696188000069,50.42571488900006],[9.76786822300005,50.425834215000066],[9.766752907000068,50.42566046500008],[9.765141991000064,50.42500739600007],[9.76342677200006,50.425192363000065],[9.762063990000058,50.42586748200006],[9.760297148000063,50.42447044800008],[9.758515721000038,50.422805133000054],[9.758602643000074,50.42202005300004],[9.757389816000057,50.41949382700005],[9.756796851000047,50.41838970300006],[9.756285415000036,50.41774360200003],[9.755467349000071,50.41727689500004],[9.754824665000058,50.417272782000055],[9.75437871400004,50.41719847200005],[9.754015740000057,50.417538454000066],[9.75156084400004,50.41492752100004],[9.75139097400006,50.414146137000046],[9.751198293000073,50.413865945000055],[9.751062366000042,50.41355912800003],[9.751110200000028,50.41320851800003],[9.751212776000045,50.41295724100007],[9.751342651000073,50.41276013000004],[9.75129189300003,50.41152707300006],[9.75340705800005,50.41045205900008],[9.757483540000067,50.40610387600003],[9.759292728000048,50.40241890000004],[9.757129871000075,50.399417621000055],[9.75681478100006,50.39854437500003],[9.755805351000049,50.39574659900006],[9.754230737000057,50.391381652000064],[9.754441664000069,50.38961941400004],[9.754470542000035,50.38691120800007],[9.752358503000039,50.38343327100006],[9.750036287000057,50.37815432700006],[9.745804810000038,50.37332931600008],[9.744441173000041,50.371702130000074],[9.746203926000021,50.36617994100004],[9.743314185000031,50.36217484800005],[9.73751502600004,50.35916153000005],[9.736965552000072,50.358622221000076],[9.735744717000046,50.357896115000074],[9.733665855000027,50.35671949500005],[9.732914417000075,50.35614961700003],[9.733200809000039,50.35328815200006],[9.73380832600003,50.35249302300008],[9.733215101000042,50.35178722300003],[9.736111577000031,50.350373854000054],[9.737372294000068,50.350393205000046],[9.739900753000029,50.34969911700006],[9.741488227000048,50.34805397900004],[9.743033409000077,50.34640854100007],[9.743603837000023,50.34552283100004],[9.744944598000075,50.343440874000066],[9.746317023000074,50.34220655200005],[9.747435795000058,50.341200299000036],[9.747365713000022,50.33999995900007],[9.746955215000071,50.33916540700005],[9.746504401000038,50.33824885800004],[9.746068771000068,50.33736314500004],[9.746062528000039,50.336848505000034],[9.746042570000043,50.33520286600003],[9.746030308000059,50.334191780000026],[9.745167735000052,50.33272570400004],[9.744292377000022,50.33123779500005],[9.744331033000037,50.330420712000034],[9.744427489000032,50.328381827000044],[9.746155225000052,50.32639338000007],[9.748038141000052,50.32536818400007],[9.748897227000043,50.32515432800005],[9.746899511000038,50.32171302000006],[9.746480938000047,50.32173461700006],[9.745425756000031,50.32178905200004],[9.744728592000058,50.321396367000034],[9.744200224000053,50.32104197100006],[9.744166300000074,50.32052886400004],[9.744062945000053,50.319088512000064],[9.74442735200006,50.31760005000007],[9.745845650000035,50.317264170000044],[9.746300167000072,50.31674339800003],[9.74653567200005,50.31474075800003],[9.74767967200006,50.31437934400003],[9.747466668000072,50.31354899300004],[9.745958603000076,50.311372652000045],[9.745881111000074,50.31040795600006],[9.74363758100003,50.30970085200005],[9.743554095000036,50.30790071300004],[9.741737915000044,50.30725887700004],[9.740382909000061,50.306773028000066],[9.739575372000047,50.30631778500003],[9.739280266000037,50.30545202700006],[9.738400117000026,50.30427645900005],[9.739129823000042,50.302589684000054],[9.735848624000027,50.30134416900006],[9.735170509000056,50.29952755700003],[9.732869042000061,50.29884086200008],[9.730342612000072,50.297852172000034],[9.730031699000051,50.29624845200004],[9.727705340000057,50.29506308900005],[9.724861804000057,50.29458502500006],[9.723916435000035,50.294674110000074],[9.722188869000036,50.29483688100004],[9.720992858000045,50.29495625200008],[9.719656353000062,50.295089630000064],[9.71963762100006,50.293676823000055],[9.720817238000052,50.29199322100004],[9.71852330300004,50.291419751000035],[9.718228879000037,50.29190573000005],[9.717801249000047,50.29261156100006],[9.715947438000057,50.292598912000074],[9.713152764000029,50.29173397800008],[9.711200468000072,50.290055953000035],[9.709629922000033,50.28829282000004],[9.708402153000065,50.28691439000005],[9.70625188300005,50.28425378900005],[9.703422445000058,50.28075231300005],[9.70125700400007,50.28009840300007],[9.699530426000024,50.27981539600006],[9.69821838300004,50.279600318000064],[9.696030430000064,50.27945003900004],[9.694444556000064,50.27876112400003],[9.692310152000061,50.27801190200006],[9.690407229000073,50.27761853000004],[9.68689482700006,50.277660955000044],[9.683126135000066,50.278610282000045],[9.680958049000026,50.27815570300004],[9.676893369000027,50.27612905900003],[9.673188512000024,50.27441979300005],[9.671356126000035,50.27386547900005],[9.667155368000067,50.272594549000075],[9.664990318000036,50.271175121000056],[9.662804461000064,50.27093424000003],[9.659730567000054,50.27150396400003],[9.65925482700004,50.271592131000034],[9.655840460000036,50.27174701800004],[9.653958297000031,50.27101331100005],[9.652396015000022,50.269670070000075],[9.65206160100007,50.268749799000034],[9.651526153000077,50.26807998600003],[9.65078131000007,50.26734563400004],[9.65022861600005,50.26685564700006],[9.648436533000051,50.265522247000035],[9.648234616000025,50.26522859100004],[9.648198298000068,50.264771248000045],[9.648210207000034,50.26411422600006],[9.648267159000056,50.26342899700006],[9.648325549000049,50.26306419000008],[9.648367638000025,50.262801230000036],[9.648464501000035,50.26237341700005],[9.648160320000045,50.261942626000064],[9.647449932000029,50.26179451200005],[9.646962876000032,50.26161947000003],[9.646523999000067,50.26124481000005],[9.646222948000059,50.26064262500006],[9.64605451400007,50.26009854800003],[9.645973720000029,50.25964087300008],[9.645894927000029,50.25906891200003],[9.645634328000028,50.25869556400005],[9.645193935000066,50.258406594000064],[9.644485169000063,50.25817275900005],[9.643818375000023,50.25808207600005],[9.643151096000054,50.25801993500005],[9.642443874000037,50.257700413000066],[9.642139258000043,50.25729817200005],[9.641960031000053,50.25685181400007],[9.64257569700004,50.256172019000076],[9.64303538400003,50.25559058300007],[9.643451001000074,50.25511679200008],[9.638854072000072,50.25322877100007],[9.63743794000004,50.25239030800003],[9.636823638000067,50.25144989000006],[9.639013127000055,50.24836203000007],[9.63978727600005,50.24823287000004],[9.645333782000023,50.247257569000055],[9.649549310000054,50.24615516400007],[9.652960939000025,50.24448879300007],[9.657272747000036,50.24332599200005],[9.663541690000045,50.241514935000055],[9.668175939000037,50.23943534500006],[9.663619150000045,50.23373346300008],[9.661212214000045,50.233400947000064],[9.66031629500003,50.23329541000004],[9.659921713000074,50.23320533700007],[9.656488233000061,50.23242149300006],[9.65372657100005,50.23232015600007],[9.653330615000073,50.23249719200004],[9.649567907000062,50.23423294500003],[9.646917257000041,50.23496908200008],[9.642247676000068,50.23486225200003],[9.641174800000044,50.23484522100006],[9.640101925000067,50.23482818000008],[9.637783416000048,50.23503571500004],[9.635815886000046,50.23522785400007],[9.635164547000045,50.234791037000036],[9.631534637000073,50.23231613100006],[9.627812855000059,50.23103714700005],[9.627166756000065,50.23090638100007],[9.624486813000033,50.230363932000046],[9.62315078100005,50.22904000600005],[9.62092943600004,50.22780825700005],[9.620401705000063,50.22752526900007],[9.62134620300003,50.22727157000003],[9.622162797000044,50.22710686500005],[9.622628277000047,50.226966461000075],[9.623282614000061,50.22572074200008],[9.623245248000046,50.22471267700007],[9.622701036000024,50.22380871000007],[9.621591902000034,50.22311636400008],[9.620027019000077,50.222798426000054],[9.618653603000041,50.222742882000034],[9.61524584500006,50.22272562200004],[9.61512405700006,50.223984407000046],[9.614967956000044,50.22482901700005],[9.613763108000057,50.22475672000007],[9.612756455000067,50.22458696700005],[9.611721424000052,50.22443498100006],[9.609625033000043,50.224040795000064],[9.60682183800003,50.22320016000003],[9.604406072000074,50.221903584000074],[9.596173079000039,50.22265777200005],[9.594279674000063,50.22481865600008],[9.591616485000031,50.22330559900007],[9.588972845000058,50.22328461400008],[9.587704039000073,50.223274521000064],[9.586231615000031,50.223262790000035],[9.585362857000064,50.22306227200005],[9.582898993000072,50.22152842600008],[9.580376626000032,50.22359387700004],[9.580341204000035,50.224691360000065],[9.580196820000026,50.225988931000074],[9.580086110000025,50.22698382600004],[9.579381553000076,50.22835678300004],[9.577883085000053,50.22983032700006],[9.57631873400004,50.232388944000036],[9.575113171000055,50.23237865900006],[9.574175741000033,50.232254116000036],[9.573266190000027,50.23213878800004],[9.57244079700007,50.232024135000074],[9.567012372000022,50.231296222000026],[9.56445457600006,50.23046935000008],[9.562900614000057,50.22996695000006],[9.556281562000038,50.22847294200005],[9.550481202000071,50.228206714000066],[9.547794804000034,50.22627703400008],[9.545336786000064,50.224935662000064],[9.54202998900007,50.224341536000054],[9.538398393000023,50.226353704000076],[9.537952276000055,50.226907846000074],[9.537535114000036,50.22741723900003],[9.537726572000054,50.228345657000034],[9.537859300000036,50.22898956000006],[9.53802014400003,50.229769831000056],[9.537736050000035,50.23063127000006],[9.537198637000074,50.23221943200008],[9.534669850000057,50.23377284400004],[9.533490750000055,50.234491760000026],[9.527448391000064,50.23429668400007],[9.523504175000028,50.23372326000003],[9.518346715000064,50.23348124900008],[9.514378236000027,50.23407706900008],[9.510026516000039,50.23621713600005],[9.508216111000024,50.23846323600003],[9.507563191000031,50.23927322800006],[9.502738131000058,50.24319057900004],[9.50117464400006,50.243473910000034],[9.498855340000034,50.24102415700003],[9.498681298000065,50.23996984300004],[9.498951265000073,50.23981023200008],[9.50150713000005,50.23837480800006],[9.499250466000035,50.235628665000036],[9.498232950000045,50.234656967000035],[9.497958160000053,50.234384618000036],[9.49776440100004,50.23360007800005],[9.49718354600003,50.231228463000036],[9.494769673000064,50.22667220900007],[9.496506757000077,50.22479780400005],[9.497281994000048,50.22395875700005],[9.498885562000055,50.22330872500004],[9.501214891000075,50.222364423000045],[9.50185282600006,50.22138017700007],[9.502591362000032,50.22027982700007],[9.505335639000066,50.21450883700004],[9.502065147000053,50.21230485900003],[9.503626373000031,50.208583876000034],[9.50484498000003,50.20779452600004],[9.507129323000072,50.207128683000064],[9.510578194000061,50.20187320400004],[9.51620547300007,50.19961172300003],[9.515955038000072,50.197905957000046],[9.515898598000035,50.19752151300003],[9.515581114000042,50.19526924400003],[9.514053791000038,50.194572246000064],[9.513084635000041,50.193997015000036],[9.510395561000053,50.19405416600006],[9.508122711000055,50.19533087100007],[9.505455482000059,50.19441610600006],[9.503658679000068,50.193448181000065],[9.502469641000062,50.193556870000066],[9.501479086000074,50.19304827600007],[9.500916265000058,50.189853130000074],[9.502628092000066,50.19001922100006],[9.502702443000032,50.18849017800005],[9.501024672000028,50.18823515100007],[9.501193368000031,50.18231327700005],[9.499714986000072,50.17972178800005],[9.498246506000044,50.177221563000046],[9.498105015000021,50.17554393700004],[9.498985903000062,50.17461861000004],[9.499517827000034,50.17409232000006],[9.505055784000035,50.16926358400008],[9.51697774400003,50.16752167800007],[9.524466540000049,50.16744289900004],[9.528152385000055,50.16813927700008],[9.529666415000065,50.164678852000065],[9.530895863000069,50.162106814000026],[9.531201793000037,50.16084967000006],[9.528334710000024,50.15723512400007],[9.526638596000055,50.15556843300004],[9.524353830000052,50.15332307500006],[9.521804351000071,50.14997201300008],[9.518059354000059,50.14891415300008],[9.515076423000039,50.14892450900004],[9.510233965000054,50.14812688200004],[9.507571330000076,50.145557352000026],[9.508280307000064,50.14313400900005],[9.508244301000047,50.141514037000036],[9.508224158000075,50.13913836200004],[9.510006995000026,50.13155940900003],[9.51300969600004,50.12384700700005],[9.519259435000038,50.11403889800005],[9.519220276000055,50.11255388300003],[9.519195661000026,50.111716853000075],[9.518040016000043,50.108746575000055],[9.519177442000057,50.105849970000065],[9.51466391100007,50.10088922400007],[9.512679888000036,50.09943241700006],[9.51397098800004,50.097221045000026],[9.513068875000044,50.095539624000025],[9.512464155000032,50.09435565700005],[9.508919621000075,50.094630910000035],[9.499968263000028,50.09725235700006],[9.498386983000046,50.095960786000035],[9.497589383000047,50.095314931000075],[9.496433978000027,50.095052846000044],[9.495111534000046,50.09475328800005],[9.488071306000052,50.09431325300005],[9.486506116000044,50.09476415600005],[9.484132467000052,50.09544790400008],[9.478172345000075,50.094774063000045],[9.475566990000061,50.09365297200003],[9.472177088000024,50.092596753000066],[9.469511228000044,50.092338796000035],[9.466584282000042,50.09171042200006],[9.464917189000062,50.09135247900008],[9.463382139000032,50.09119459600004],[9.462279012000067,50.09111259900004],[9.459746129000052,50.08990182000008],[9.459004028000038,50.08994005300008],[9.45511132300004,50.09014747800006],[9.451088944000048,50.09052454400006],[9.447997520000058,50.08998065500003],[9.444989242000077,50.08997349900005],[9.442039995000073,50.08739075900007],[9.439760343000046,50.087117712000065],[9.439027254000052,50.08702989600005],[9.435939530000041,50.08503058900004],[9.429396291000046,50.08496047400007],[9.427228907000028,50.08547362500008],[9.423584830000038,50.08561077100006],[9.421909236000033,50.08537530900003],[9.421012162000068,50.08507989600008],[9.420176740000045,50.084775867000076],[9.416101806000029,50.08389558200008],[9.413110845000062,50.084059882000076],[9.410092510000027,50.085173903000054],[9.404984733000049,50.087734553000075],[9.402761739000027,50.089512874000036],[9.400315469000077,50.091262011000026],[9.39446345600004,50.097486325000034],[9.392568280000035,50.10253970400004],[9.389549215000045,50.106585360000054],[9.386514067000064,50.110651792000056],[9.385383949000072,50.11429472200007],[9.38487931000003,50.115921239000045],[9.382746329000042,50.119175238000025],[9.375799708000045,50.12586489100005],[9.37563943200007,50.12966060900004],[9.374141006000059,50.12981817900004],[9.373620660000029,50.130963500000064],[9.369241696000074,50.13144219700007],[9.365701582000042,50.130795257000045],[9.360625395000056,50.13115872700007],[9.350936173000036,50.13067486800003],[9.34158433400006,50.13128240900005],[9.339824841000052,50.13227209000007],[9.336155050000059,50.13687829300005],[9.331779995000034,50.13942524300006],[9.327428418000068,50.14105954200005],[9.325122269000076,50.14084180300006],[9.323169506000056,50.14054278000003],[9.321226334000073,50.13929898600003],[9.320633650000048,50.13892394100003],[9.315395855000077,50.13563037900008],[9.307611936000058,50.13340787000004],[9.302792565000061,50.13576012100003],[9.297940526000048,50.13717598900007],[9.293823146000022,50.13941826700005],[9.285896752000042,50.14166503400003],[9.281449877000057,50.14163327700004],[9.279443159000039,50.14175760000006],[9.276845450000053,50.14250125700005],[9.273927272000037,50.14266219900003],[9.27028196200007,50.141768212000045],[9.268396766000023,50.14034468500006],[9.267756180000049,50.139860947000045],[9.265949318000025,50.139318943000035],[9.260355293000032,50.13853857600003],[9.252559877000067,50.13947967300004],[9.250661820000062,50.14076121800008],[9.24460126100007,50.14274525600007],[9.244159189000072,50.14288995800007],[9.241030563000038,50.14351269600007],[9.235982369000055,50.14628063200007],[9.229470968000044,50.14731534300006],[9.22696553700007,50.147269496000035],[9.225025026000026,50.14808476300004],[9.221866091000038,50.14941731500005],[9.219023827000058,50.14681191200003],[9.214687864000041,50.14671361000006],[9.212740087000043,50.14666939700004],[9.21149562200003,50.14660139700004],[9.211113918000024,50.14468037900008],[9.211125452000033,50.14425757200007],[9.211133305000033,50.14396970200005],[9.21107067500003,50.14369903700003],[9.210882552000044,50.143408959000055],[9.21059570600005,50.143144765000045],[9.210222174000023,50.142978578000054],[9.209860678000041,50.14288451600004],[9.209302472000047,50.142815229000064],[9.208269306000034,50.14275014900005],[9.20585158700004,50.14253327900008],[9.205113635000032,50.142380950000074],[9.204501423000067,50.14223903900006],[9.203876451000042,50.14205198600007],[9.203433456000027,50.141866993000065],[9.203208588000052,50.14171728900004],[9.202938424000024,50.14153742800005],[9.202621910000062,50.141335868000056],[9.202331912000034,50.14118860000008],[9.201984195000023,50.14110366700004],[9.20125854500003,50.141014443000074],[9.200854912000068,50.14099665400005],[9.200433430000032,50.14097807600007],[9.199594567000076,50.14093254900007],[9.198937673000046,50.140889085000026],[9.198364765000065,50.14084657300003],[9.197668857000053,50.14069467400003],[9.19664520300006,50.140242080000064],[9.195320088000074,50.13955207200007],[9.194976620000034,50.13931418800007],[9.194799380000063,50.13914119000003],[9.194649389000062,50.13899550000008],[9.194376161000037,50.13874941600005],[9.194002720000071,50.138583177000044],[9.19363930000003,50.13856103000006],[9.192603535000046,50.13854919700003],[9.191889698000068,50.13854103600005],[9.191064633000053,50.13850460200007],[9.190071609000029,50.13846623900008],[9.18809806300004,50.13844362300006],[9.187342987000022,50.138407965000056],[9.184467170000062,50.13810496700006],[9.18375484400002,50.138042780000035],[9.183268722000037,50.137902205000046],[9.18414681300004,50.13703943300004],[9.184881407000034,50.13630098600004],[9.186065109000026,50.13501877400006],[9.186735663000036,50.134063612000034],[9.186856128000045,50.13325511000005],[9.189982212000075,50.13159020100005],[9.190465975000052,50.13080385500007],[9.190649860000065,50.13023004300004],[9.190908984000032,50.12997204700008],[9.191203319000067,50.12945349000006],[9.191456412000036,50.128907466000044],[9.191724738000062,50.12831662100007],[9.191593718000036,50.12748724200003],[9.189897170000052,50.12607302200007],[9.189182562000042,50.12567046100003],[9.186424159000069,50.12411646000004],[9.18305255100006,50.123051829000076],[9.181672149000065,50.12236102000003],[9.180298820000075,50.12141831200006],[9.178431789000058,50.12095233100007],[9.176929162000022,50.11979560000003],[9.174558728000022,50.11948018900006],[9.173311942000055,50.11802593400006],[9.173052124000037,50.11631316100005],[9.174963072000025,50.11419917500007],[9.17430282500004,50.113977238000075],[9.17346152400006,50.11361034300006],[9.172838973000069,50.11336502700004],[9.172291124000026,50.11309676500008],[9.171711619000064,50.112637660000075],[9.171024432000024,50.11205825500008],[9.170187206000037,50.11154852700008],[9.169277985000065,50.11096652700007],[9.16862786300004,50.110387538000055],[9.167900384000063,50.109926690000066],[9.167287303000023,50.109348124000064],[9.166707221000024,50.10891279600003],[9.166351892000023,50.10838484900006],[9.166144607000035,50.10785862900008],[9.16601537200006,50.10719046400004],[9.165629773000035,50.10642406900007],[9.165235452000047,50.10596709200007],[9.164319675000058,50.10562306700007],[9.163770619000047,50.10540236700007],[9.163300965000076,50.104992121000066],[9.163016351000067,50.10458403600006],[9.161096014000066,50.10263967700007],[9.160233496000046,50.101972663000026],[9.159774038000023,50.101400357000045],[9.159413509000046,50.10079321400008],[9.158746844000063,50.10012848500003],[9.161170097000024,50.098463640000034],[9.162545660000035,50.098186482000074],[9.159395623000023,50.09543195200007],[9.15842849300003,50.095076462000065],[9.157459267000036,50.09521805900005],[9.157258072000047,50.09519437500006],[9.15559105400007,50.094998126000064],[9.15441071400005,50.094201345000045],[9.15313106900004,50.09285858100003],[9.15297098600007,50.09269059500008],[9.149210890000063,50.09063949400007],[9.14886795700005,50.092745973000035],[9.146447386000034,50.09502825700008],[9.145826010000064,50.095906599000045],[9.14472564600004,50.09649442700004],[9.143366555000057,50.09698303400006],[9.145751346000054,50.09959730300005],[9.148355503000062,50.10246273700005],[9.14999348200007,50.10487576300005],[9.15437111700004,50.107393036000076],[9.15524841100006,50.10950906700003],[9.156410343000061,50.111952392000035],[9.153912675000072,50.11464963700007],[9.153609321000033,50.117930615000034],[9.15067400700002,50.11633022700005],[9.144957730000044,50.11411191700006],[9.139073919000055,50.11627373400006],[9.138793347000046,50.11726926100005],[9.137092723000023,50.11800490300004],[9.12907251200005,50.121895505000055],[9.125793627000064,50.12346694000007],[9.124041434000048,50.124516733000064],[9.121518865000041,50.12606115300008],[9.120204398000055,50.12649524400007],[9.117457036000076,50.12662404300005],[9.115258278000056,50.12647799800004],[9.108180523000044,50.12600758500008],[9.103700968000055,50.12601597200006],[9.101861260000021,50.12621846800005],[9.098229912000022,50.12641698500005],[9.098177142000054,50.12630835200008],[9.097729942000058,50.12533998600003],[9.094696980000037,50.12023717000005],[9.092655284000045,50.120154917000036],[9.091690020000044,50.11852557800006],[9.089306136000062,50.11680439600008],[9.08535314900007,50.117016525000054],[9.07949065300005,50.116027735000046],[9.07726870700003,50.11592633200007],[9.074209107000058,50.117354943000066],[9.07132668600002,50.119437875000074],[9.06533954200006,50.11702812800007],[9.058990082000037,50.11662128800003],[9.056295454000065,50.116671318000044],[9.053037852000045,50.11564924800007],[9.04670574000005,50.115856905000044],[9.03701778900006,50.114371574000074],[9.030079450000073,50.11271067200005],[9.023388201000046,50.112327478000054],[9.021911613000043,50.11211041800004],[9.018261040000027,50.11160420900006],[9.01649664200005,50.11030345800003],[9.014271604000044,50.10896969600003],[9.011377992000064,50.105764373000056],[9.009680435000064,50.104131417000076],[9.008642104000046,50.102481520000026],[9.008441314000038,50.10216245200007],[9.004268885000045,50.09695144700004],[9.003095279000036,50.095883420000064],[9.000086848000024,50.09471885600004],[8.998922787000026,50.093030998000074],[8.997391285000049,50.09157988000004],[8.997983559000033,50.089588742000046],[8.998062149000077,50.08909012300006],[8.998263813000051,50.087810604000026],[8.998364035000066,50.08509419500007],[8.998782623000068,50.08120359800006],[8.998528580000027,50.077325227000074],[8.998848955000028,50.07422067700003],[8.999070046000043,50.072099801000036],[8.999190139000063,50.07095849700005],[8.999244906000058,50.07055425900006],[8.999282564000055,50.06936687700005],[8.998361884000076,50.06930078200003],[8.99697289200003,50.06901254100006],[8.996296380000047,50.06874266400007],[8.995694042000025,50.06833877400004],[8.99478373200003,50.06750786500004],[8.994308056000023,50.067078639000044],[8.993740578000029,50.06645922000007],[8.993312801000059,50.066282595000075],[8.992923228000052,50.06622346100005],[8.992334571000072,50.066269687000045],[8.991300652000064,50.06668799000005],[8.99055990100004,50.067119158000025],[8.989821134000067,50.06617348800006],[8.987761019000061,50.06326652200005],[8.985047291000058,50.05938794600007],[8.984151169000029,50.05812518100004],[8.98270874800005,50.05690014700008],[8.981286264000062,50.055927334000046],[8.979960771000037,50.05498279100004],[8.977877337000052,50.05370416400007],[8.976611545000026,50.052211431000046],[8.976001487000076,50.050322479000044],[8.975925859000029,50.048764626000036],[8.976480289000051,50.04717018700006],[8.97772203300002,50.045494923000035],[8.97916194100003,50.04417325000003],[8.980415390000076,50.043434019000074],[8.982599894000032,50.04241918400004],[8.985374830000069,50.04172711100006],[8.988803173000065,50.041574567000055],[8.991834892000043,50.04202861600004],[8.998218215000065,50.043742103000056],[8.998956626000052,50.04394028400003],[9.002283660000046,50.04478489300004],[9.004418884000074,50.04531683000005],[9.006362283000044,50.04572923000006],[9.00821445300005,50.04593342600003],[9.010111943000027,50.04603019600006],[9.012308439000037,50.04595085100004],[9.014513114000067,50.04561060000003],[9.020165937000058,50.04448714800003],[9.023042271000065,50.043641765000075],[9.025383840000075,50.04296184800006],[9.027253634000033,50.04214908200004],[9.02944238300006,50.040962439000054],[9.031343853000067,50.03957408400004],[9.03184494900006,50.03873463000008],[9.032088495000039,50.038089838000076],[9.032219188000056,50.03747959100008],[9.032214931000055,50.036264680000045],[9.030686611000021,50.029234849000034],[9.03014395100007,50.02736508300006],[9.030096748000062,50.02663556200008],[9.030027199000074,50.025275829000066],[9.030271240000047,50.02326321400005],[9.030596807000052,50.02177358700004],[9.031024825000031,50.02013229600004],[9.031851542000027,50.01869411200005],[9.03354200900003,50.016421130000026],[9.03563575000004,50.01419829800005],[9.038146036000057,50.01159381700006],[9.039817471000049,50.010373377000064],[9.037334871000041,50.00888714000007],[9.036115685000027,50.00815720600008],[9.036665958000071,50.00480768500006],[9.036171934000038,50.002844940000045],[9.035623195000028,50.00267122900004],[9.035374279000052,50.00235850900003],[9.035538162000023,50.00183680300006],[9.035995968000066,50.00136648900008],[9.036702154000068,50.00063674300003],[9.03725415200006,50.00009691500003],[9.037779163000039,49.99984174200006],[9.038339622000024,49.99963464000007],[9.03897979200002,49.999238080000055],[9.040027032000069,49.99860685500005],[9.042370536000021,49.99828146500005],[9.043183559000056,49.99826804200006],[9.047132547000047,49.99541170200007],[9.048476005000055,49.99393500300005],[9.04882026000007,49.99226560300008],[9.046073980000074,49.990007793000075],[9.041742341000031,49.98963819800008],[9.036552347000054,49.98980028200003],[9.030190178000055,49.99060417000004],[9.029418474000067,49.992622796000035],[9.025371299000028,49.995807323000065],[9.02298707400007,49.99705398200007],[9.021949577000044,49.99621196700008],[9.019474179000042,49.99457985200007],[9.017299579000053,49.99411886300004],[9.016088363000051,49.99134044600004],[9.015714271000036,49.989022860000034],[9.01694604100004,49.987996002000045],[9.017441155000029,49.98779488900004],[9.019717574000026,49.98687017100008],[9.020113699000035,49.98589429400005],[9.019965053000021,49.98497807600006],[9.02010100800004,49.98474254300004],[9.020724912000048,49.98366164500004],[9.020074822000026,49.982365661000074],[9.019923126000037,49.98206323900007],[9.020032793000041,49.97855037000005],[9.018574857000033,49.97841714900005],[9.019245732000059,49.976797290000036],[9.019343516000049,49.97471683300006],[9.020184878000066,49.97458377600003],[9.021306122000055,49.97068449400007],[9.02175526000002,49.96811889300005],[9.022569431000022,49.96686754600006],[9.023520185000052,49.96478463200003],[9.023882765000053,49.96262266700006],[9.023626286000024,49.96019078100005],[9.024149583000053,49.95879280100007],[9.025759040000025,49.955694599000026],[9.02637207600003,49.955091467000045],[9.023580139000046,49.95203172500004],[9.021484021000049,49.949925818000054],[9.020767050000075,49.949214604000076],[9.019035579000047,49.94705039300004],[9.023803084000065,49.94568505600006],[9.02535387000006,49.94564799700004],[9.025777152000046,49.94342491900005],[9.02549306000003,49.941192726000054],[9.025889845000052,49.93874340900004],[9.02664790600005,49.93633254400004],[9.026894628000036,49.935570839000036],[9.027420105000033,49.93391286000008],[9.02841208600006,49.93294481500004],[9.029475933000072,49.931905699000026],[9.029433586000039,49.927423770000075],[9.030610975000059,49.92586418500008],[9.032264261000023,49.92468867200006],[9.02999008100005,49.920336743000064],[9.028444945000047,49.91844817200007],[9.02732893700005,49.91708400400006],[9.02700924900006,49.91610188800007],[9.026457072000028,49.914405438000074],[9.02532928900007,49.913356099000055],[9.024650962000067,49.91272492600007],[9.023359881000033,49.91013679300005],[9.024623899000062,49.90932462000006],[9.026722024000037,49.90983077800007],[9.027126923000026,49.90992845300008],[9.027617242000076,49.909749281000074],[9.029543334000039,49.90904541800006],[9.031878342000027,49.90936126300005],[9.031327236000038,49.90715418900004],[9.029951050000022,49.90587930400005],[9.031241394000062,49.90563882100008],[9.032513264000045,49.90446274800007],[9.031072421000033,49.90395095400004],[9.031837203000066,49.90277740400006],[9.032604890000073,49.901599332000046],[9.03124301400004,49.90129605700008],[9.03337747200004,49.89948860700008],[9.035550303000036,49.89932302200003],[9.035437743000045,49.897235899000066],[9.035918340000023,49.89637006700008],[9.036338938000029,49.89561230100003],[9.036701332000064,49.89424916200005],[9.037201138000057,49.89204191400006],[9.037482157000056,49.89060573900008],[9.037473699000032,49.88997572300008],[9.03744895400007,49.88851762200005],[9.037409180000054,49.88709532200005],[9.037280275000057,49.88480271200007],[9.037542648000056,49.88333301800003],[9.037707729000033,49.88240826100008],[9.037680323000075,49.882227674000035],[9.03722988000004,49.87925933500003],[9.038428785000065,49.87621767400003],[9.03974198000003,49.875205992000076],[9.040317509000033,49.87485983800008],[9.044020739000075,49.87263233200008],[9.044377445000066,49.87194071400006],[9.044913693000069,49.87090094800004],[9.045564670000033,49.86985216000005],[9.048463877000074,49.869003504000034],[9.048846149000042,49.868065552000076],[9.050452507000045,49.86757176400005],[9.050080126000069,49.866314792000026],[9.048240953000061,49.86617217000003],[9.046065467000062,49.86648722900003],[9.043458157000032,49.86791097300005],[9.04208979200007,49.866407768000045],[9.038311947000068,49.86564501600003],[9.03658198200003,49.86727987000006],[9.033336125000062,49.86646665300003],[9.034300839000025,49.86385058500008],[9.034043089000022,49.86209741700003],[9.033787154000038,49.86044405400003],[9.038253029000032,49.85750162700003],[9.040922849000026,49.85690736000004],[9.043704577000028,49.85554306000006],[9.042677680000054,49.854444224000076],[9.042447758000037,49.85287517900008],[9.042567573000042,49.852417769000056],[9.043112939000025,49.85033564300005],[9.041634851000026,49.84954529000004],[9.041367574000049,49.84911886900005],[9.041003007000029,49.84853721600007],[9.040770440000074,49.847477121000054],[9.037910178000061,49.84709752900005],[9.03608074400006,49.846504122000056],[9.037409991000061,49.84454986700007],[9.03765196200004,49.842564295000045],[9.041443248000064,49.84008440500003],[9.043227719000072,49.84405765300005],[9.043855721000057,49.84354378200004],[9.045439299000066,49.84226826200006],[9.049191737000058,49.84241519600005],[9.05313774800004,49.84580394200003],[9.05951572600003,49.84702774200008],[9.060283441000024,49.845710051000026],[9.060660661000043,49.84506256800006],[9.056783383000038,49.84351965900004],[9.054796822000071,49.84295451100007],[9.054197203000058,49.84162410400006],[9.05346331000004,49.84126811700003],[9.054190723000033,49.84059168200008],[9.052839148000032,49.84000307600007],[9.053870449000044,49.83910036000003],[9.056160341000066,49.840209290000075],[9.058407573000068,49.84138806300007],[9.05979732000003,49.84071999000008],[9.058369476000053,49.839730501000076],[9.058879176000062,49.839150665000034],[9.059238790000052,49.83874155900003],[9.057866769000043,49.83670353300005],[9.056227557000057,49.83461779600003],[9.056775255000048,49.83416109900003],[9.058047055000031,49.832593504000045],[9.06395686600007,49.83175947700005],[9.070213873000057,49.83325112000006],[9.07128382600007,49.83629369300007],[9.074405709000075,49.838247092000074],[9.075812988000052,49.840071056000056],[9.07725491900004,49.841939773000036],[9.07920082000004,49.842896032000056],[9.080754432000049,49.84365946100007],[9.084730871000033,49.84750638400004],[9.08699506000005,49.84436708800007],[9.090087581000034,49.840968075000035],[9.084462417000054,49.83959748800004],[9.082849212000042,49.83920436000005],[9.081029427000033,49.83832996600006],[9.077532511000072,49.83461172800003],[9.080322590000037,49.833892768000055],[9.08282415800005,49.832952601000045],[9.083681009000031,49.83087766400007],[9.083102032000056,49.829556223000054],[9.085590576000072,49.829044389000046],[9.086665309000068,49.826438101000065],[9.081617360000052,49.82406261500006],[9.08113720600005,49.82287488400004],[9.079722918000073,49.82167073000005],[9.07827781800006,49.820440260000055],[9.077400903000068,49.81934262400006],[9.076992818000065,49.81822328100003],[9.078349681000077,49.815668963000064],[9.079943827000022,49.814554876000045],[9.080920023000033,49.81387261400005],[9.081526143000076,49.812794523000036],[9.081593075000058,49.812504414000045],[9.081881056000043,49.81125617500004],[9.082841878000067,49.81012536500003],[9.084299989000044,49.80913855500006],[9.084914425000022,49.80872270300006],[9.085933684000054,49.80710690900003],[9.086779755000066,49.80537467400006],[9.087396617000024,49.802439648000075],[9.08771052800006,49.800786499000026],[9.087345241000037,49.79873421900004],[9.088929571000051,49.79676591400005],[9.089066495000054,49.79668743000008],[9.090357279000045,49.795947546000036],[9.090116394000063,49.794073911000055],[9.09050062600005,49.79302159900004],[9.090879621000056,49.79065501100007],[9.094160936000037,49.79012428400006],[9.096701335000034,49.79226986400005],[9.099700163000023,49.79323778400004],[9.100198672000033,49.79339867500005],[9.103955739000071,49.79513960500003],[9.108140122000066,49.797980436000046],[9.114251870000032,49.79789385000004],[9.11548747300003,49.79730013600005],[9.12088839300003,49.79673731200006],[9.125312779000069,49.79636240500008],[9.128902941000035,49.79583441200003],[9.131665505000058,49.79492793600008],[9.130575779000026,49.79463585600007],[9.129380084000047,49.79416252200008],[9.129558730000042,49.792985377000036],[9.129988290000028,49.79041759200004],[9.129080042000055,49.78768916300004],[9.134491040000057,49.783294771000044],[9.134484322000048,49.78224714600003],[9.133453934000045,49.78099674300006],[9.130783877000056,49.77974389900004],[9.127235118000044,49.776482077000026],[9.123397534000048,49.77657058300008],[9.121511031000068,49.775650005000045],[9.119695745000058,49.77546710400003],[9.119429112000034,49.774934088000066],[9.119278760000043,49.774633520000066],[9.117876047000038,49.77387601400005],[9.113364625000031,49.773731016000056],[9.111847106000027,49.76954628500005],[9.113576279000029,49.76789374700007],[9.113117981000073,49.76693433600008],[9.112837699000067,49.76687039800004],[9.111034113000073,49.76645894400008],[9.109513888000038,49.76405501900007],[9.108551015000046,49.762532297000064],[9.10736892600005,49.75972834800007],[9.106913989000077,49.758660975000055],[9.11229402600003,49.75659431300005],[9.124339964000058,49.75597612900003],[9.12783381500003,49.75522659000006],[9.131880201000058,49.75361078600008],[9.144928938000021,49.74760190000006],[9.144141081000043,49.74637948900005],[9.143204988000036,49.74511756100003],[9.145130231000053,49.74431274300008],[9.148339828000076,49.743262257000026],[9.149134846000038,49.74313675500008],[9.150809170000059,49.742850743000076],[9.14836901700005,49.74127454200004],[9.147350001000063,49.739974294000035],[9.14445839800004,49.73779710400004],[9.142404955000075,49.73405858000007],[9.142566430000045,49.73303202900007],[9.141923789000032,49.732083113000044],[9.141353791000029,49.73073199300006],[9.141124451000053,49.72950078100007],[9.139177721000067,49.72694941300006],[9.138400974000035,49.72641993000008],[9.138089372000024,49.726207516000045],[9.137269476000029,49.72559772000005],[9.13676124400007,49.72487738800004],[9.136300349000066,49.72404334700008],[9.13602221900004,49.72298295200005],[9.135746551000068,49.72183687900008],[9.13564382800007,49.72080716100004],[9.135537839000051,49.719891680000046],[9.135438394000062,49.71874772800004],[9.135202724000067,49.71774497900003],[9.13452823800003,49.71667981000007],[9.134013598000024,49.716187940000054],[9.132486762000042,49.71557752000007],[9.131583180000064,49.715122292000046],[9.130124865000028,49.71468177300005],[9.122543394000047,49.71484187000004],[9.122259074000056,49.71315577400003],[9.122515068000041,49.71198013600008],[9.123816090000048,49.70969242900003],[9.125334568000028,49.70652611300005],[9.127155612000024,49.70661565200004],[9.127650173000063,49.70471799100005],[9.128130068000075,49.70298717700007],[9.127630556000042,49.70164250400006],[9.126720264000028,49.70062204700008],[9.126109156000041,49.69997958400006],[9.124078704000055,49.699561534000054],[9.122006593000037,49.69867275400003],[9.119120503000033,49.69795197800005],[9.113420011000073,49.69787725700007],[9.105096163000042,49.69694730000003],[9.103271860000063,49.696626723000065],[9.099644882000064,49.69598926900005],[9.094210762000046,49.69586801000003],[9.092373085000077,49.69515234800008],[9.089638351000076,49.69334572300005],[9.088071096000021,49.68959199500006],[9.088173502000075,49.683789500000046],[9.088309318000029,49.68338236800008],[9.089010465000058,49.681280462000075],[9.08966401400005,49.676791051000066],[9.088630686000045,49.67500293200004],[9.08866684000003,49.67406003100007],[9.089064510000071,49.67175545900005],[9.088859949000039,49.66902322400006],[9.089833482000074,49.66845047500004],[9.091676351000046,49.66744573600005],[9.093455859000073,49.66643496200004],[9.094077273000039,49.666046763000054],[9.094816279000042,49.66566414500005],[9.095852017000027,49.665367494000066],[9.096748081000044,49.66483103000007],[9.097679454000058,49.66396545500004],[9.098296376000064,49.66318513500005],[9.09884199000004,49.66259196300007],[9.099346897000032,49.661883990000035],[9.100197047000051,49.66140883200006],[9.101262965000046,49.661079176000044],[9.102149545000032,49.660861573000034],[9.10272648800003,49.66069728000008],[9.103418917000056,49.66043060100003],[9.102956720000066,49.65775249700005],[9.099543782000069,49.65313936600006],[9.100703613000064,49.64903263100007],[9.09938006300007,49.64686555000003],[9.099169780000068,49.64652122800004],[9.099341555000024,49.64538961000005],[9.101262577000057,49.64414464600003],[9.102012048000063,49.64221034500008],[9.101143620000073,49.641110867000066],[9.091551108000033,49.63515225700007],[9.085871982000072,49.63605323300004],[9.084324110000068,49.634990121000044],[9.080650478000052,49.63227171900007],[9.080109943000025,49.62947606300003],[9.073264635000044,49.62445859700006],[9.072528207000062,49.62425362700003],[9.070352489000072,49.623648021000065],[9.067351901000052,49.621171624000056],[9.065859960000068,49.61965906200004],[9.066065122000055,49.619283747000054],[9.066037091000055,49.61883349300007],[9.06552638100004,49.61782402400007],[9.06513848000003,49.617319156000065],[9.064975358000027,49.616650486000026],[9.065174937000052,49.616105453000046],[9.065301973000032,49.61553569100005],[9.065626277000035,49.61452725800007],[9.066285170000072,49.613846153000054],[9.066694434000055,49.61339424100004],[9.067149354000037,49.61288576800007],[9.067429323000056,49.612346511000055],[9.06775237900007,49.61183636700008],[9.067896210000072,49.611438228000054],[9.068301159000043,49.61112909900004],[9.068355377000046,49.610786963000066],[9.068194136000045,49.610299257000065],[9.068207054000027,49.60986821300003],[9.06821039700003,49.60975666100006],[9.068486914000061,49.60933163200008],[9.068503172000021,49.608789036000076],[9.068475483000043,49.60824588400004],[9.068133335000027,49.60792730000003],[9.067657643000075,49.60766416300004],[9.067325781000022,49.60700288400005],[9.067141802000037,49.606434454000066],[9.067084383000065,49.60625704700004],[9.066988275000028,49.60606844800003],[9.066586191000056,49.60527940500003],[9.066513305000058,49.60493609900004],[9.066470641000024,49.60473514000006],[9.066139673000066,49.60404530200003],[9.06613823300006,49.603007379000076],[9.06638137300007,49.60236512900008],[9.06856556100007,49.602304779000065],[9.071208159000037,49.601340511000046],[9.071365373000049,49.60128314100007],[9.07383309200003,49.60078319100006],[9.081614152000043,49.601783502000046],[9.082989878000035,49.60198701200005],[9.084445583000047,49.599439260000054],[9.085048594000057,49.59875607600003],[9.08593028100006,49.59775712600003],[9.087156237000045,49.59642973700005],[9.087715525000021,49.59535112800006],[9.088054706000037,49.594037462000074],[9.088112555000066,49.593813399000055],[9.088812861000065,49.59242229600005],[9.091518418000021,49.588599318000036],[9.09264520000005,49.58764202800006],[9.093850545000066,49.58699995500007],[9.094209501000023,49.586850741000035],[9.09505166300005,49.586500657000045],[9.09621554000006,49.58577234000006],[9.09734215900005,49.58481500500005],[9.098026988000072,49.58393788700005],[9.098132971000041,49.583787690000065],[9.098806334000074,49.582833392000055],[9.099141944000053,49.582476900000074],[9.099476246000052,49.58212179000003],[9.099577278000027,49.58201446900006],[9.099940682000067,49.58173978100007],[9.100655643000039,49.58119934600006],[9.101593855000033,49.58066816100006],[9.102227947000074,49.580018936000045],[9.102644096000063,49.57930988000004],[9.102753635000056,49.578568466000036],[9.103006167000046,49.57745601400006],[9.105591871000058,49.57846869000008],[9.108265919000075,49.57930243700008],[9.110170744000072,49.57803918800005],[9.11231531900006,49.576140010000074],[9.11387959800004,49.57468356900006],[9.117713691000063,49.57367777700006],[9.120512012000063,49.57355899500004],[9.125798770000074,49.574955042000056],[9.131210399000054,49.575866473000076],[9.13500650800006,49.57569642300007],[9.137993425000047,49.575759438000034],[9.141373385000065,49.57757264900005],[9.141742772000043,49.57772105000004],[9.142809193000062,49.578174742000044],[9.143070226000077,49.57824085900006],[9.144321344000048,49.578525797000054],[9.145904465000058,49.57881469800003],[9.147310576000052,49.579002485000046],[9.14917140600005,49.57925867100005],[9.149502635000033,49.579289621000044],[9.158889937000026,49.57959030400008],[9.160445068000058,49.578906922000044],[9.163016736000031,49.577497738000034],[9.164997223000057,49.575451685000075],[9.169772007000063,49.57739746400006],[9.173276474000033,49.57776255400006],[9.175404954000044,49.57595768700003],[9.178609849000054,49.57553962000003],[9.179789199000027,49.57441970100007],[9.180803940000033,49.57374772900005],[9.182367094000028,49.57426082500007],[9.183433250000064,49.57573985200003],[9.185119998000062,49.576290338000035],[9.187303515000053,49.57689155600008],[9.189937034000025,49.57571642600004],[9.192351878000068,49.57494359800006],[9.194410460000029,49.57404064000008],[9.19793581600004,49.575228723000066],[9.200561760000028,49.57653528900005],[9.202973365000048,49.57670581600007],[9.205096124000022,49.57618737000007],[9.206546174000039,49.57617540100006],[9.20846311400004,49.57676865900004],[9.21071912800005,49.57782282800008],[9.21201278600006,49.57709482400003],[9.213653134000026,49.57654215500003],[9.215183353000043,49.57681665800004],[9.219714139000075,49.57823927700008],[9.221032489000038,49.57822563000008],[9.222930947000066,49.57787571500006],[9.224407020000058,49.57921471800006],[9.226552663000064,49.578802145000054],[9.228208712000026,49.57930642500003],[9.229165020000039,49.58023231900006],[9.230867050000029,49.58059627600005],[9.231270271000028,49.57982646100004],[9.233105118000026,49.58021840500004],[9.232897919000038,49.58103051100005],[9.234132011000042,49.58125832200005],[9.23502103900006,49.58086833200008],[9.238701537000054,49.58129154000005],[9.240647460000048,49.58201503200007],[9.241887762000033,49.583261494000055],[9.245479570000043,49.584552048000035],[9.24894015600006,49.58451840600003],[9.248969619000036,49.58762286100006],[9.247727805000068,49.58853585800006],[9.246443172000056,49.590024206000066],[9.24831043000006,49.59165543800003],[9.249458459000039,49.59380054400003],[9.250766838000061,49.59389073800003],[9.252567202000023,49.59401482200008],[9.255069225000057,49.59414136200007],[9.259036536000053,49.59327621500006],[9.260211921000064,49.59438679700003],[9.259995497000034,49.598460283000065],[9.263535931000035,49.60120919500008],[9.264965319000055,49.60202468700004],[9.265084450000074,49.603482565000036],[9.26394872000003,49.60564160500007],[9.264577622000047,49.60681972700007],[9.265753561000054,49.60759272400003],[9.268031005000068,49.60894017800007],[9.278732551000076,49.61278115700003],[9.28054376600005,49.61343051600005],[9.285023051000053,49.614801330000034],[9.284029020000048,49.616860074000044],[9.280997841000044,49.61862161100004],[9.278054783000073,49.62033173800006],[9.276508619000026,49.62338318500008],[9.274671699000066,49.62480291500003],[9.274372842000048,49.625114593000035],[9.27009917600003,49.62648984300006],[9.27481872800007,49.63094982300004],[9.272788971000068,49.632313457000066],[9.270722601000045,49.634018567000055],[9.272047471000064,49.634752751000065],[9.27352264800004,49.63556952600004],[9.278305628000055,49.637620577000064],[9.282021407000059,49.63708926900006],[9.285500565000063,49.63576970400004],[9.286248922000027,49.63661094200006],[9.287453217000063,49.638535825000076],[9.288857949000032,49.64105217700006],[9.289849605000029,49.64292527200007],[9.290493301000026,49.64376892200005],[9.292945539000073,49.64487479700006],[9.296327159000043,49.64594551300007],[9.298659086000043,49.647436877000075],[9.299295986000061,49.64855932800003],[9.301526934000037,49.64911381700006],[9.30546590800003,49.65008218400004],[9.306487190000041,49.65080375700006],[9.304319956000029,49.65378607200006],[9.30408305800006,49.65494425400004],[9.308344007000073,49.65429000700004],[9.310539744000039,49.65395279300003],[9.313613863000057,49.65370881000007],[9.31760537100007,49.65066530300004],[9.319776982000064,49.65003091300008],[9.321722261000048,49.64965123200005],[9.324316688000067,49.64877688900003],[9.32984110800004,49.64726855200007],[9.33689722400004,49.644300111000064],[9.343880585000022,49.644299653000076],[9.344547846000069,49.64457298900004],[9.344664587000068,49.64520265200008],[9.345003317000021,49.64574887900005],[9.345431405000056,49.64623888300008],[9.34594194500005,49.646958262000055],[9.346670354000025,49.64776555800006],[9.347401546000071,49.648458609000045],[9.348182258000065,49.648923624000076],[9.348695623000026,49.64952875200004],[9.349388392000037,49.64999286400007],[9.35016983600002,49.650429306000035],[9.351309381000021,49.650612272000046],[9.35167258100006,49.65060570800006],[9.352321777000043,49.650593971000035],[9.353156851000051,49.650630998000054],[9.353897095000036,49.65095272900004],[9.354325321000033,49.651442700000075],[9.354661208000039,49.65166768200004],[9.355474249000054,49.65196628400008],[9.356243430000063,49.65225297600006],[9.357149014000072,49.652631013000075],[9.359124123000072,49.65348769000008],[9.359659531000034,49.653700024000045],[9.36129220600003,49.65439126000007],[9.361841274000028,49.65461271800007],[9.36222643900004,49.654733555000064],[9.363202896000075,49.65504927300003],[9.363573785000028,49.65518795700007],[9.363944462000063,49.65533563500003],[9.364272717000063,49.65551887600003],[9.364586692000046,49.65571996800003],[9.36500873500006,49.65603910800007],[9.365266865000024,49.65625763300005],[9.365646708000043,49.65660334100005],[9.365998844000046,49.65694876900005],[9.366743562000067,49.65835682300008],[9.367388322000068,49.65720177900005],[9.367401199000028,49.65665913700008],[9.367458745000022,49.65608837500008],[9.367693614000075,49.65546225200006],[9.368057063000037,49.65498024800007],[9.368549772000051,49.654613803000075],[9.369175122000058,49.654220113000065],[9.369627881000042,49.65368186200004],[9.370036640000023,49.65314317200006],[9.37057465600003,49.65272003600006],[9.371159351000074,49.652183097000034],[9.371480103000067,49.651643524000065],[9.371885449000047,49.65124762700003],[9.372730667000042,49.650856109000074],[9.37352918800002,49.65057838600006],[9.374184960000036,49.650257569000075],[9.374421496000025,49.65011001500005],[9.37500366200004,49.64962177400008],[9.375500298000077,49.64908393800005],[9.376128207000022,49.64857597000008],[9.376587326000049,49.64828686900006],[9.376887389000046,49.648097868000036],[9.37760458300005,49.64753364400008],[9.378277106000041,49.64699753900004],[9.37886097300003,49.64648912100006],[9.37940218700004,49.64592314400005],[9.379898793000052,49.64538526900003],[9.37998030600005,49.64519578100004],[9.380131437000045,49.64484475900008],[9.380453947000035,49.644219572000054],[9.380857869000067,49.64388085500008],[9.381658207000044,49.643517262000046],[9.38223795600004,49.64318018700004],[9.383345491000057,49.64284831600003],[9.38357029100007,49.64282651000008],[9.388147462000063,49.64499492700003],[9.393784063000055,49.64630976600006],[9.399784988000022,49.64532316700007],[9.405011107000064,49.64571662700007],[9.406000422000034,49.64531278700008],[9.407713576000049,49.646741907000035],[9.410112481000056,49.64965089900005],[9.413147360000039,49.65162259500005],[9.416439952000076,49.65388234100004],[9.417451044000074,49.65586310400005],[9.419495463000032,49.658853554000075],[9.416347785000028,49.659880446000045],[9.414581428000076,49.660149199000045],[9.412035264000053,49.660792369000035],[9.412326227000051,49.66262162700008],[9.410754943000029,49.66284045900005],[9.41091990700005,49.66350785000003],[9.409261738000055,49.66388777900005],[9.40783687000004,49.66436890500006],[9.407542754000076,49.664501029000064],[9.406179310000027,49.665324627000075],[9.40508223300003,49.666015824000056],[9.403516614000068,49.66718833500005],[9.402358432000028,49.66812184400004],[9.401627179000059,49.66857362300004],[9.40093894100005,49.66896283300008],[9.400053959000047,49.66946709600006],[9.399199168000052,49.669863676000034],[9.398370629000055,49.670323487000076],[9.397891490000063,49.67066072800003],[9.39808049000004,49.67148133000006],[9.399188203000051,49.67274273900006],[9.400009659000034,49.67379441700007],[9.40148264000004,49.67485240900004],[9.403767108000068,49.675594328000045],[9.405384797000067,49.67578991700003],[9.408637922000025,49.67566095600006],[9.409964778000074,49.67538806200008],[9.41247209200003,49.67546929100007],[9.412782527000047,49.67730054400005],[9.409417989000076,49.678125213000044],[9.40668646000006,49.67949142200007],[9.40639104500002,49.67958151300007],[9.40734105200005,49.68039055000003],[9.40807624000007,49.68096897400005],[9.408854155000029,49.68160493900007],[9.409240508000039,49.68203716100004],[9.410261379000076,49.68167561400003],[9.413357933000043,49.68296229200007],[9.41264323300004,49.68341250600008],[9.41333776600004,49.68384767100008],[9.413986992000048,49.684339531000035],[9.414588313000024,49.68500232900004],[9.415014868000071,49.685606317000065],[9.415443382000035,49.68612462300007],[9.416487064000023,49.68704092300004],[9.418310374000043,49.68847442500004],[9.419398214000068,49.68942953200008],[9.420088259000067,49.69019189200003],[9.420406587000059,49.69083374100006],[9.420732479000037,49.691754581000055],[9.420791635000057,49.69220501600006],[9.419257359000028,49.69380993200008],[9.422312961000046,49.696079385000075],[9.418738567000048,49.69772786400006],[9.418017803000055,49.69953846900006],[9.416870872000061,49.70239770100005],[9.417586358000051,49.70422796100007],[9.417638917000033,49.70584206400008],[9.420314327000028,49.706627635000075],[9.420395190000022,49.708568358000036],[9.41868082700006,49.711898302000066],[9.415296155000021,49.712468803000036],[9.414172165000025,49.71369070000003],[9.411933987000054,49.71630550900005],[9.410055078000028,49.717763054000045],[9.408688736000045,49.720467160000055],[9.408478217000038,49.721175937000055],[9.407930499000031,49.72145858500005],[9.404198081000061,49.72021691400005],[9.40106757600006,49.72056451600008],[9.401205161000064,49.724830678000046],[9.39996065300005,49.72884051400007],[9.39490061500004,49.72916922400003],[9.39271457600006,49.72946281800006],[9.38990214200004,49.72983122100004],[9.385645192000027,49.730914546000065],[9.386761384000067,49.728411580000056],[9.385011665000036,49.72765082700005],[9.38293525000006,49.726820614000076],[9.380160749000026,49.72611834800006],[9.381373089000022,49.72515902200007],[9.38260024300007,49.72168590500007],[9.383029495000073,49.719245595000075],[9.382167628000047,49.71634888800003],[9.38243284500004,49.71154681500008],[9.383138988000042,49.709241408000025],[9.382528566000076,49.70746288000004],[9.380576641000061,49.70668783100007],[9.372068999000021,49.70399847600004],[9.36626429200004,49.70359776500004],[9.363551624000024,49.70374702600003],[9.361023574000058,49.70398275800005],[9.357409236000024,49.70428829400004],[9.356529739000052,49.70567405000003],[9.354911110000046,49.706638448000035],[9.35321308500005,49.70744006400008],[9.35310944400004,49.71174886000006],[9.351843189000022,49.711898001000066],[9.352232357000048,49.71648171900006],[9.350831201000062,49.71616915000004],[9.34757028000007,49.71619319000007],[9.344114466000065,49.71698647300008],[9.344030942000074,49.718613970000035],[9.345481137000036,49.718771582000045],[9.349424222000039,49.72152557000004],[9.351176011000064,49.72197184200007],[9.357979641000043,49.72306898800008],[9.36044326900003,49.72323660700005],[9.36294824600003,49.723518857000045],[9.364078016000065,49.72418722900005],[9.365329108000026,49.72531388400006],[9.36650097200004,49.72606835400006],[9.368339847000072,49.72657236400005],[9.370844369000054,49.726883],[9.373475335000023,49.72738090200005],[9.374211198000069,49.728002031000074],[9.371638872000062,49.72869065500004],[9.365988939000033,49.73091970400003],[9.363404937000041,49.73161417100005],[9.358870052000043,49.73078292900004],[9.355313118000026,49.73150289000006],[9.351821999000038,49.73236736900003],[9.34619741900002,49.733048104000034],[9.34171343600002,49.734199095000065],[9.338768118000075,49.73429494900006],[9.335732231000065,49.73411986800005],[9.333616774000063,49.733629189000055],[9.331115795000073,49.73227028500003],[9.32870581000003,49.731697877000045],[9.323027403000026,49.73111535600003],[9.320251177000046,49.73199116100005],[9.318680092000022,49.733141327000055],[9.316534484000044,49.73523774000006],[9.311771082000064,49.73470819200003],[9.309731101000068,49.73523566700004],[9.306479872000068,49.736322725000036],[9.305602726000075,49.73614684700004],[9.297691474000032,49.738158257000066],[9.296297096000046,49.73891796000004],[9.29577652100005,49.74028909400005],[9.295673221000072,49.740530937000074],[9.299786822000044,49.74092544400003],[9.301520964000076,49.740979767000056],[9.303454180000074,49.74084721100007],[9.305181210000057,49.740631472000075],[9.307437251000067,49.740358283000035],[9.309927431000062,49.740159489000064],[9.311955957000066,49.740099771000075],[9.314025223000044,49.74007643300007],[9.315897258000064,49.74016796900003],[9.317667452000023,49.74044736500008],[9.319222550000063,49.74100342500003],[9.320853399000043,49.74186617300006],[9.32228752800006,49.74282583100006],[9.323124376000067,49.74379727100006],[9.323586233000071,49.74477381500003],[9.323799346000044,49.74570279100004],[9.323729717000049,49.74683578300005],[9.323404424000046,49.74820006500005],[9.323199846000023,49.74861184000008],[9.322471694000058,49.74998094000006],[9.321551579000072,49.75124906800005],[9.31924501900005,49.75379323100003],[9.315568003000067,49.757323245000066],[9.31453289600006,49.75873408600006],[9.313771639000038,49.76030074300007],[9.31351832100006,49.760990925000044],[9.31325066100004,49.76169895100003],[9.31306293800003,49.76310064300003],[9.313098073000049,49.764477673000044],[9.313238045000048,49.765549874000044],[9.313747180000064,49.76659734500004],[9.31457099100004,49.76746299300004],[9.31602188900007,49.768239950000066],[9.318028174000062,49.76885602700003],[9.320225914000048,49.769164569000054],[9.324262231000034,49.76944451300005],[9.327294960000074,49.76953802100007],[9.329643273000045,49.76951726800007],[9.331159582000055,49.769433915000036],[9.332761202000029,49.76927044000007],[9.334782773000029,49.768976287000044],[9.338753109000038,49.76852209500004],[9.341008964000025,49.76830221100005],[9.343303623000054,49.76819964800006],[9.345356934000051,49.768310529000075],[9.34814330100005,49.76855478300007],[9.351035814000056,49.76900699000004],[9.35306272300005,49.76963933300004],[9.356386187000055,49.77066261200008],[9.357682278000027,49.77107156100004],[9.360019778000037,49.772084808000045],[9.361394760000053,49.772683458000074],[9.362259502000029,49.77312401800003],[9.363314211000045,49.77375542600004],[9.36410739200005,49.77428523200007],[9.368906175000063,49.77814817400008],[9.370032250000065,49.778708247000054],[9.371110889000022,49.77892592400008],[9.372610337000026,49.77897681300004],[9.374045436000074,49.77881110000004],[9.375681805000056,49.77835943500003],[9.376969161000034,49.77797627700005],[9.377530967000041,49.77772089900003],[9.377980790000038,49.77750040300003],[9.379078287000027,49.776917395000055],[9.379959850000034,49.776062317000026],[9.383053477000033,49.77330351300003],[9.384947397000076,49.77192749100004],[9.386552064000057,49.77103447600007],[9.38859545500003,49.77038867300007],[9.39025519200004,49.770107987000074],[9.391546883000046,49.77012060700008],[9.392472017000046,49.77036357600008],[9.39322693400004,49.770757838000065],[9.395318940000038,49.772802686000034],[9.395739933000073,49.77322067400007],[9.396478113000057,49.773740718000056],[9.397163457000033,49.77414327400004],[9.397976742000026,49.77442110100003],[9.398667518000025,49.77458976200006],[9.399081945000034,49.774692756000036],[9.401897354000027,49.77551181500007],[9.403068328000074,49.77594602400006],[9.403700681000032,49.77624005700005],[9.406271271000037,49.77804638300006],[9.40870231100007,49.77988730000004],[9.415798769000048,49.785551816000066],[9.417359945000044,49.78656545000007],[9.420280405000028,49.78850677600008],[9.420836758000064,49.788769940000066],[9.422815875000026,49.78931964900005],[9.423866929000042,49.789466135000055],[9.425106761000052,49.78955372300004],[9.426936682000076,49.78944967500007],[9.42862638400004,49.78932910600008],[9.430436950000058,49.78904279000005],[9.43203905300004,49.78864830200007],[9.433023548000051,49.78835126800004],[9.434851987000059,49.78737869400004],[9.435998338000047,49.78645368900004],[9.437391481000077,49.78505410900004],[9.43803736500007,49.78413339800005],[9.438870049000059,49.78293550400008],[9.440123203000041,49.78094974100003],[9.441476496000064,49.77882993700007],[9.442470599000046,49.77723763100005],[9.443336823000038,49.77577009300006],[9.44405191900006,49.77484999600006],[9.445002527000042,49.77395907700003],[9.44631484000007,49.77304451500004],[9.44769158300005,49.77235547500004],[9.449556610000059,49.77157196400003],[9.45179540600003,49.770845861000055],[9.45582242100005,49.76965930700004],[9.45700733800004,49.76947225400005],[9.458256575000064,49.76951971500006],[9.45962668900006,49.76975721900004],[9.46162729100007,49.77038736800006],[9.464366246000054,49.77156407100006],[9.46876363900003,49.773790500000075],[9.469391890000054,49.77429106900007],[9.469986341000038,49.775070251000045],[9.470474821000039,49.776253358000076],[9.471299329000033,49.77924801200004],[9.47149741000004,49.77972667500006],[9.471682575000045,49.78016023400005],[9.47212587200005,49.780866056000036],[9.473265101000038,49.78216301100008],[9.477344490000064,49.78567287200008],[9.478245270000059,49.78643677400004],[9.47909706200005,49.78689431200007],[9.479896569000061,49.787198415000034],[9.48112720100005,49.78748838700005],[9.483440854000037,49.78782403500003],[9.496264864000068,49.78863091300008],[9.498179134000054,49.78880077300005],[9.499803325000073,49.788887070000044],[9.501460487000031,49.78877466100005],[9.503232404000073,49.78839536300006],[9.504702267000027,49.78788640000005],[9.506135485000073,49.787134165000055],[9.507175681000035,49.786567424000054],[9.509002724000027,49.785584662000076],[9.510652625000034,49.78442937500006],[9.51167052300002,49.78359247600008],[9.512341990000039,49.78270756900008],[9.512861169000075,49.78179434100008],[9.513076369000032,49.78079749300008],[9.513005417000045,49.779528233000065],[9.512722173000043,49.77844607500003],[9.510844090000035,49.77387701300006],[9.510254168000074,49.77218035000004],[9.510028833000035,49.77099072200008],[9.51004753500007,49.770091140000034],[9.510097431000077,49.76969568700008],[9.510420887000066,49.768168942000045],[9.51115481200003,49.76694268800003],[9.512336107000067,49.765576364000026],[9.51302911700003,49.76497956400004],[9.513834330000066,49.76432975000006],[9.514512299000046,49.763786795000044],[9.51608871600007,49.762783762000026],[9.517253617000051,49.76220002400004],[9.518721780000021,49.76172686600006],[9.52018713800004,49.76138862600004],[9.52138566800005,49.76119202600006],[9.521955031000061,49.761196934000054],[9.522996549000027,49.761205904000064],[9.524548382000035,49.76139020200003],[9.525836191000053,49.76158121000003],[9.526236891000053,49.76168362000004],[9.527107182000066,49.76191601800008],[9.52870598100003,49.762523540000075],[9.530107099000077,49.76329130200003],[9.534824984000068,49.766264669000066],[9.53581384000006,49.76682191400005],[9.536667107000028,49.76721604700003],[9.537632590000044,49.767557140000065],[9.53851856700004,49.76770860600004],[9.539572668000062,49.76778950800008],[9.54087858400004,49.76778255500005],[9.542186671000024,49.767667636000056],[9.543679100000077,49.76736531000006],[9.545034427000076,49.766971838000075],[9.546462237000071,49.76642600300005],[9.547851046000062,49.765744863000066],[9.549091538000027,49.76483752900003],[9.55008325800003,49.76386511900006],[9.551350983000077,49.76228318700004],[9.552429578000044,49.76042974300003],[9.55311129100005,49.758276067000054],[9.553293480000036,49.757494818000055],[9.553656065000041,49.75568532600005],[9.554002315000048,49.753271976000065],[9.554061752000052,49.75097815100003],[9.554209747000073,49.74981872800004],[9.554480720000072,49.74875930200005],[9.555060678000075,49.74752250200004],[9.55583832700006,49.74681818600004],[9.556937033000054,49.746026562000054],[9.55829840000007,49.74529109200006],[9.559612752000021,49.74482513500004],[9.561061823000045,49.744567216000064],[9.562256396000066,49.74454110600004],[9.563380497000026,49.744568386000026],[9.564570477000075,49.74477614400007],[9.565672764000055,49.74520809900008],[9.566703191000045,49.74576541500005],[9.567438408000044,49.746509239000034],[9.56822531000006,49.74745142300003],[9.568853373000024,49.74870720400003],[9.568946332000053,49.74963468900006],[9.56892769600006,49.75058825100007],[9.568572672000073,49.75170100400004],[9.567824815000051,49.75301746900004],[9.566728734000037,49.75438505000005],[9.560996602000046,49.75985313400008],[9.560313717000042,49.76067523800003],[9.559569753000062,49.76177575000003],[9.559106349000047,49.76273462700004],[9.55839297700004,49.76509501600003],[9.558046170000068,49.76788132100006],[9.557940236000036,49.769023108000056],[9.557511107000039,49.773860134000074],[9.55751396100004,49.775119791000066],[9.557604080000033,49.776182231000064],[9.557788412000036,49.77669661200008],[9.557893492000062,49.777003395000065],[9.558282826000038,49.77769042600005],[9.559013960000073,49.77865920900007],[9.559396185000026,49.77900427700007],[9.560160652000036,49.77969440800007],[9.561809836000066,49.78061678300003],[9.563406697000062,49.78137675000005],[9.565324917000055,49.782049365000034],[9.567192024000065,49.782496593000076],[9.56937818700004,49.782973397000035],[9.571386585000027,49.783304747000045],[9.572398880000037,49.783411992000026],[9.57610094200004,49.78382906100006],[9.578682026000024,49.784011984000074],[9.580057328000066,49.78403213100006],[9.580143483000029,49.78316908200003],[9.57628581800003,49.78289483800006],[9.576921721000076,49.78163138000008],[9.577586594000024,49.780305172000055],[9.576346451000063,49.77905345500005],[9.581076413000062,49.77803014600005],[9.58575644900003,49.779512745000034],[9.588589478000074,49.78054487600008],[9.59001764900006,49.781222885000034],[9.591319738000038,49.78003801600005],[9.592114481000067,49.780219310000064],[9.599486367000054,49.781661351000025],[9.601372107000032,49.782036772000026],[9.605923252000025,49.78276419900004],[9.609444169000028,49.78322036600008],[9.615401073000044,49.78317170500003],[9.619702442000062,49.78318132600003],[9.630687267000042,49.78590656400007],[9.635201149000068,49.78756953900006],[9.64555206600005,49.790787941000076],[9.648736203000055,49.79147765100004],[9.649129340000059,49.789699135000035],[9.650942916000076,49.78619477400008],[9.649733376000029,49.78544794800007],[9.65044798200006,49.78278110900004],[9.651418613000033,49.78055704600007],[9.650508337000076,49.779398591000074],[9.64697175300006,49.77845819200007],[9.646165006000047,49.779166288000056],[9.644322199000044,49.778609654000036],[9.64509460100004,49.777358553000056],[9.644957669000064,49.775157913000044],[9.645989498000063,49.77419442400003],[9.646295963000057,49.77178231400006],[9.646496047000028,49.77069515200003],[9.647550798000054,49.76920053900005],[9.648963867000077,49.76786155600007],[9.649769521000053,49.76708483400006],[9.650664188000064,49.76676763100005],[9.65186583700006,49.76637174100006],[9.649389970000072,49.76500363100007],[9.64616090900006,49.761458410000046],[9.645460831000037,49.76025957400003],[9.644844480000074,49.759778080000046],[9.644147584000052,49.75836926100004],[9.642823271000054,49.75709965600004],[9.641080352000074,49.75594383300006],[9.637951869000062,49.75385075200006],[9.638510305000068,49.75291928300004],[9.641305644000056,49.75115002500007],[9.643062374000067,49.74998467100005],[9.643147620000036,49.74987734900003],[9.643585083000062,49.74846669400006],[9.645552784000074,49.74691039000004],[9.644548230000055,49.74393194500004],[9.641522945000077,49.74302354500003],[9.639059253000028,49.742522687000076],[9.638998493000031,49.74050685600008],[9.643051662000062,49.739772783000035],[9.64559284400002,49.739737966000064],[9.646936205000031,49.73914526500005],[9.646240516000034,49.737682491000044],[9.645859593000068,49.73647400300007],[9.645720309000069,49.73649994600004],[9.641016712000066,49.73713921600006],[9.64039015700007,49.73724243700008],[9.638704962000077,49.737544556000046],[9.638059303000034,49.73711266600003],[9.638243680000073,49.73422889200003],[9.636562796000021,49.73165311900004],[9.63039167200003,49.73219791100007],[9.627715246000037,49.73196330900004],[9.629258004000064,49.73109343900006],[9.631988049000029,49.729239267000025],[9.633600251000075,49.72782329100005],[9.635361137000075,49.72792242600008],[9.637740812000061,49.72548386400007],[9.638929369000039,49.725550026000064],[9.640600885000026,49.72401821300008],[9.641101794000065,49.72317627600006],[9.638664256000027,49.72213211600007],[9.639753674000076,49.72124725400005],[9.64087405400005,49.720337200000074],[9.639263438000057,49.719715129000065],[9.636334340000076,49.71898339200004],[9.634647413000039,49.718690164000066],[9.633395371000063,49.71729650100008],[9.63305260200002,49.71706895300008],[9.632327948000068,49.715713840000035],[9.632228552000072,49.71278901200003],[9.630970526000056,49.71012082800007],[9.627657105000026,49.70823859800004],[9.62641596900005,49.706257993000065],[9.625449125000046,49.70373674000007],[9.626130642000021,49.70259936000008],[9.630463004000035,49.70156508100007],[9.632277999000053,49.69879019200005],[9.632761423000034,49.69569859000006],[9.632460374000061,49.69318610100004],[9.635406127000067,49.69288471500005],[9.643035387000054,49.69324457300007],[9.644967552000026,49.69108817100005],[9.648879734000047,49.69173610300004],[9.648185613000066,49.69088387800008],[9.649864239000067,49.69058225900005],[9.651323726000044,49.690221843000074],[9.650455324000063,49.688149106000026],[9.653496459000053,49.68713720300008],[9.655426033000026,49.68859112400003],[9.659442443000046,49.68889089500004],[9.66261354900007,49.689220327000044],[9.66668547100005,49.69053579200005],[9.67072421000006,49.691673112000046],[9.67240324100004,49.69219115400006],[9.676147908000075,49.693347266000046],[9.675193041000057,49.69457047700007],[9.674090180000064,49.69671802800008],[9.67574410800006,49.700535811000066],[9.676230480000072,49.70369730700003],[9.677253631000042,49.70701150700006],[9.677915854000048,49.71118214100005],[9.67786249900007,49.714276375000054],[9.677193873000022,49.71620121400008],[9.680041739000046,49.71681564900007],[9.682416514000067,49.717590348000044],[9.68573151000004,49.71782368200007],[9.687166325000021,49.718081545000075],[9.689355014000057,49.71830414400006],[9.691372353000077,49.71799465300006],[9.69339390500005,49.71854460900005],[9.695889204000025,49.71922337900003],[9.69827187200002,49.71781871500008],[9.70038158400007,49.716960897000035],[9.700605680000024,49.718491974000074],[9.70133775100004,49.720350524000025],[9.700724817000037,49.722145616000034],[9.702737882000065,49.72209680600008],[9.704532339000025,49.72516840500003],[9.706730268000058,49.72485990500007],[9.707258593000063,49.72563734500005],[9.709719303000043,49.72705805800007],[9.71113613700004,49.72698694700006],[9.711830855000073,49.72610106900004],[9.711720269000068,49.722717412000065],[9.713938807000034,49.72114933200004],[9.714156498000023,49.71972930900006],[9.713976107000065,49.71804561500005],[9.713498426000058,49.71683636400007],[9.714736569000024,49.71655928900003],[9.714228199000047,49.71532744700005],[9.71420345100006,49.71415608600006],[9.713238618000048,49.71389230600005],[9.714433563000057,49.71133700900003],[9.71522810700003,49.70942614900008],[9.715862104000053,49.70835269400004],[9.717380841000022,49.70675092600004],[9.719433117000051,49.70341819500004],[9.71929082400004,49.70194171000003],[9.724351979000062,49.70121170900006],[9.726631300000065,49.700084667000056],[9.728354246000038,49.69818905200003],[9.728793301000053,49.696770521000076],[9.727533574000063,49.69148073300005],[9.727550419000067,49.68872778400004],[9.728511970000056,49.68837623700006],[9.730615380000074,49.68835141900007],[9.731975160000047,49.688426149000065],[9.73418330100003,49.68801261200008],[9.736080945000026,49.68773976600005],[9.739419988000066,49.68819070300003],[9.738774011000032,49.69004311000003],[9.741847260000043,49.690606451000065],[9.742093725000075,49.69172214500003],[9.74543807300006,49.691858721000074],[9.745543505000057,49.69354477500008],[9.746643696000035,49.69416449300007],[9.749890204000053,49.695859452000036],[9.750788297000042,49.69784471600008],[9.75071805400006,49.70231572900008],[9.75100261800003,49.70539456500006],[9.75130897200006,49.70708801500007],[9.752181708000023,49.70893815000005],[9.752953959000024,49.710121842000035],[9.758638677000022,49.712138484000036],[9.759297498000024,49.71349233300003],[9.762127601000032,49.71531017600006],[9.76729987400006,49.71823173700005],[9.768535883000027,49.718975783000076],[9.771602622000046,49.72010957300006],[9.775815825000052,49.721193475000064],[9.779188685000065,49.72250040500006],[9.784130987000026,49.721982996000065],[9.78675584900003,49.72184658600003],[9.78868082100007,49.72397295800005],[9.78930908700005,49.724651668000035],[9.789295406000065,49.72556927100004],[9.789515204000054,49.72663028800008],[9.789916879000032,49.728569149000066],[9.791444324000054,49.730947290000074],[9.793729772000063,49.73136145800004],[9.79767599400003,49.73107115000005],[9.799993758000028,49.730943240000045],[9.800242514000047,49.729551008000044],[9.797747247000075,49.72840197200003],[9.796073404000026,49.727087039000025],[9.795711046000065,49.72343203100007],[9.796381766000025,49.721240942000065],[9.796514481000031,49.720710946000054],[9.797793205000062,49.71963024300004],[9.799231231000022,49.719036344000074],[9.800385647000041,49.71885453600004],[9.803610732000038,49.71846052800004],[9.804800345000046,49.71776606800006],[9.806763879000073,49.71537591400005],[9.808882614000026,49.71375141000004],[9.812180156000068,49.71311468700003],[9.814880151000068,49.71253723800004],[9.817573290000041,49.71146485500003],[9.81961043800004,49.71065838200008],[9.821427220000032,49.709733594000056],[9.823546065000073,49.70770019400004],[9.822675569000069,49.70742639500003],[9.823358966000058,49.70466985100006],[9.825034867000056,49.704933520000054],[9.825994070000036,49.705360315000064],[9.827156954000031,49.705809120000026],[9.828160569000033,49.70645384900007],[9.831804629000032,49.70380331900003],[9.832153026000071,49.70269875900004],[9.832628103000047,49.70094657700008],[9.832916700000055,49.699205809000034],[9.83178577600006,49.69819937300008],[9.833679024000048,49.696733839000046],[9.83234747900002,49.69574534900005],[9.834460578000062,49.694399255000064],[9.833003013000052,49.693500002000064],[9.835189329000059,49.69231536900003],[9.836147408000045,49.691740752000044],[9.83369854800003,49.69052665400005],[9.832800759000065,49.689480736000064],[9.83189395100004,49.688731516000075],[9.830027878000067,49.68770882600006],[9.831158649000031,49.68656158500005],[9.832506927000054,49.68732526600007],[9.836291790000075,49.685395189000076],[9.83630781000005,49.68424369300004],[9.837056790000076,49.68323143900005],[9.838656489000073,49.68286292100004],[9.841172423000046,49.68341738300006],[9.840933846000041,49.68161663800004],[9.83832846000007,49.68152048400003],[9.832156755000028,49.68114641600005],[9.829946964000044,49.681012397000075],[9.830190234000042,49.68047402800005],[9.830390012000066,49.680070353000076],[9.830873498000074,49.67920951700006],[9.828933799000026,49.678672669000036],[9.829077898000037,49.677816576000055],[9.827570749000074,49.675436759000036],[9.825635756000054,49.67531099900003],[9.825438934000033,49.67329339500003],[9.823416618000067,49.67317337500003],[9.823612891000039,49.67204095300008],[9.823958090000076,49.670180680000044],[9.825613519000058,49.667541235000044],[9.822003963000043,49.66624641000004],[9.82235844400003,49.664710084000035],[9.823891428000024,49.66314481100005],[9.825097580000033,49.66356765900008],[9.825774974000069,49.66234340900007],[9.827487449000046,49.661325257000044],[9.829177561000051,49.66133528000006],[9.832495186000074,49.660415844000056],[9.829400801000077,49.65969582100007],[9.831517930000075,49.658943613000076],[9.831960382000034,49.65743836300004],[9.833814044000064,49.656285111000045],[9.83283997500007,49.654587993000064],[9.831061043000034,49.65495536200007],[9.829559007000057,49.654352696000046],[9.830257159000041,49.65298932500008],[9.830051462000029,49.65237114000007],[9.830060281000044,49.651742770000055],[9.830772161000027,49.651175687000034],[9.831534566000073,49.65082866300003],[9.83352405900007,49.65025560200007],[9.833158385000047,49.64965067000003],[9.836043911000047,49.648408086000074],[9.835229536000043,49.64718875300008],[9.834673916000042,49.64629481600008],[9.836748766000028,49.64532654100003],[9.837884880000047,49.64587591700007],[9.84187864100005,49.64428567300007],[9.842268994000051,49.64511563700006],[9.843309774000033,49.64485061900007],[9.844569962000037,49.64503901200004],[9.845279923000021,49.64378358400006],[9.847806072000026,49.64416249400006],[9.848338961000024,49.64379422300004],[9.850002109000059,49.64394574000005],[9.850123712000027,49.64315473100004],[9.852607227000021,49.64289006100006],[9.853988794000031,49.642151228000046],[9.854931210000075,49.64153533700005],[9.855481315000077,49.641514666000035],[9.855467474000022,49.63982452300007],[9.85581114100006,49.63880291900006],[9.856654095000067,49.63880771300006],[9.85710735500004,49.63781053100007],[9.857533749000027,49.63716268400003],[9.85652647300003,49.63684275600008],[9.857178456000042,49.63573677100004],[9.856971011000041,49.63468298500004],[9.858767671000066,49.63395545100008],[9.85802422200004,49.63339496400005],[9.857721863000052,49.632411097000045],[9.860578368000063,49.632175362000055],[9.863858411000024,49.62791497900008],[9.863027929000054,49.62753897200008],[9.86483049100002,49.62541903400006],[9.865658154000073,49.62413084600007],[9.863903923000066,49.623787751000066],[9.864044706000072,49.622289626000054],[9.864120231000072,49.621460916000046],[9.86675808800004,49.62147570600007],[9.867509196000071,49.621319397000036],[9.86754058300005,49.62104067800004],[9.868635641000026,49.61698557700004],[9.867354414000033,49.61690701100008],[9.869207005000021,49.612491652000074],[9.867539701000055,49.61225383200008],[9.868045003000077,49.611174240000025],[9.872038950000046,49.61172727300004],[9.87280826400007,49.61007617200005],[9.87031924400003,49.60984643000006],[9.870428121000032,49.608938383000066],[9.868700077000028,49.60874882300004],[9.866681220000032,49.60856660600007],[9.864204277000056,49.60860573700006],[9.864063471000065,49.60817648300008],[9.859972097000025,49.60851046600004],[9.859852298000021,49.60780845100004],[9.85967333700006,49.60690308900007],[9.857813423000039,49.60716523900004],[9.859418754000046,49.605414902000064],[9.859460117000026,49.60298407100004],[9.854900403000045,49.600313174000064],[9.85214979500006,49.59900195100005],[9.84931519600002,49.59777114700006],[9.845866673000046,49.597922193000045],[9.843915946000038,49.59684930200007],[9.844097827000041,49.59569879700007],[9.84104674200006,49.595141271000045],[9.84257688300005,49.59357577700007],[9.84293146500005,49.593287358000055],[9.840963325000075,49.59130403300003],[9.841328199000031,49.59033497900003],[9.843202533000067,49.588232137000034],[9.845646459000022,49.586711223000066],[9.847142779000023,49.58455170800005],[9.84708445700005,49.58274307000005],[9.848458769000047,49.580384913000046],[9.846790011000053,49.579988436000065],[9.848495177000075,49.57771316100008],[9.847867757000074,49.57705279900006],[9.844913640000073,49.57556029700004],[9.840557791000037,49.574479687000064],[9.84095092800004,49.57354054500007],[9.841664267000056,49.57277347400003],[9.838687906000075,49.57156559500004],[9.837299925000025,49.57090072300008],[9.835731665000026,49.570270762000064],[9.836995639000065,49.56890171800006],[9.833034061000035,49.56730403000006],[9.830948430000035,49.56639793900007],[9.827560283000025,49.56430028600005],[9.81949458400004,49.56105669000004],[9.81605130500003,49.56029324800005],[9.816473894000069,49.55975601500006],[9.810230151000042,49.557316023000055],[9.811544998000045,49.55568263200007],[9.814422458000024,49.55717959300006],[9.81799767900003,49.55861366900007],[9.818693866000046,49.55731337800006],[9.81799237100006,49.55588778200007],[9.818987505000052,49.55526707200005],[9.820634631000075,49.55503995600003],[9.82263511800005,49.55439522100005],[9.826205769000069,49.553211039000075],[9.82712009900007,49.55210992200006],[9.82804003800004,49.55159090700005],[9.830828431000043,49.55159247300003],[9.83307790300006,49.55123012100006],[9.840564909000022,49.55069351600008],[9.841416293000066,49.54944167600007],[9.843196917000057,49.547652525000046],[9.844859930000041,49.54760402800008],[9.847281227000053,49.54753337200003],[9.847732261000033,49.546650502000034],[9.849911875000032,49.54576590000005],[9.852225420000025,49.545384686000034],[9.854584154000065,49.54625509300007],[9.85577586100004,49.545776311000054],[9.85930991400005,49.54604448600003],[9.860232114000041,49.54737262900005],[9.859605233000025,49.54877207100003],[9.860797757000057,49.550587101000076],[9.860457299000075,49.553515092000055],[9.864581416000021,49.55373830100007],[9.864470913000048,49.55512401800007],[9.865807795000023,49.55546439500006],[9.865290611000034,49.556541528000025],[9.866639553000027,49.557463133000056],[9.86648098300003,49.55997538100007],[9.865877610000041,49.562715911000055],[9.86512835800005,49.56497881000007],[9.864997194000068,49.56548187400006],[9.864550356000052,49.56788141700008],[9.869736648000071,49.56899902100008],[9.869374433000075,49.571291098000074],[9.874058698000056,49.571694980000075],[9.873861138000052,49.57410493800006],[9.875725006000039,49.57863147200004],[9.881093511000074,49.57967758500007],[9.88608823800007,49.58075739800006],[9.88724324900005,49.58240102100007],[9.889844364000055,49.58241508500004],[9.89158764800004,49.58351305100007],[9.893524694000064,49.583523455000034],[9.896656267000026,49.58536649000007],[9.897869913000022,49.58706064000006],[9.898791276000054,49.58834669700008],[9.899963785000068,49.58754324000006],[9.900678055000071,49.58686329500006],[9.901491754000062,49.585976954000046],[9.901830928000038,49.58541197100004],[9.902801190000048,49.586388717000034],[9.905748926000058,49.585252696000055],[9.907331425000052,49.58484716300006],[9.908027527000058,49.58674006700005],[9.912438200000054,49.585908403000076],[9.911537271000043,49.58378055500003],[9.91572119500006,49.582227870000054],[9.91359045400003,49.58109228500007],[9.91078588800002,49.57962927900007],[9.908433136000042,49.57856441200005],[9.906824529000062,49.57774630500006],[9.906140854000057,49.577094972000054],[9.905532408000056,49.57595822400003],[9.903976948000036,49.57310716100005],[9.901607335000051,49.572549294000055],[9.900908444000038,49.56990344800005],[9.901168502000075,49.56959538600006],[9.901210166000055,49.56919095400008],[9.900775775000056,49.56880780300003],[9.899976619000029,49.568327502000045],[9.899449682000068,49.56788326900005],[9.899052372000028,49.566477716000065],[9.89888172600007,49.565748099000075],[9.898488776000022,49.56509826700005],[9.897994833000041,49.564780763000044],[9.89798994900002,49.56407002000003],[9.898204856000064,49.56237983900007],[9.899064871000064,49.561079935000066],[9.903345978000061,49.56158842000008],[9.906382934000021,49.56205422900007],[9.91123202500006,49.56137787100005],[9.915445348000048,49.56178658200008],[9.918021668000051,49.56260955100004],[9.920848874000058,49.56328080800006],[9.921428972000058,49.56220421200004],[9.924419632000024,49.56139415200005],[9.924984524000024,49.56006406100005],[9.924523172000022,49.55887156600005],[9.92283315700007,49.55816302000005],[9.92453271200003,49.55713710300006],[9.920993936000059,49.55472599700005],[9.92081145800006,49.55380743300003],[9.92073339500007,49.553402196000036],[9.921777407000036,49.55283177500007],[9.923195508000049,49.55368131500006],[9.923906887000044,49.55294229200007],[9.925785400000052,49.55372306600003],[9.926852721000046,49.55164312000005],[9.926961113000061,49.54952053200003],[9.925308327000039,49.54957893800008],[9.924395394000044,49.54883164200004],[9.92164230700007,49.551416861000064],[9.920725246000075,49.55101227600005],[9.922484669000028,49.54579125200007],[9.920181961000026,49.545125418000055],[9.922807913000042,49.54213970300003],[9.92154713900004,49.541133537000064],[9.92345027400006,49.53982934900006],[9.924400613000046,49.538235118000046],[9.927050474000055,49.536077301000034],[9.926748745000054,49.535618758000055],[9.924869555000043,49.53495225000006],[9.925628629000073,49.53387070600007],[9.924901348000049,49.53222813600007],[9.92482503900004,49.53135304700004],[9.925760609000065,49.530186712000045],[9.923229295000056,49.52903128500003],[9.924509705000048,49.52838086100007],[9.92456663300004,49.52729574600005],[9.924070339000025,49.52547668700004],[9.923814994000054,49.524121395000066],[9.92123050400005,49.523765422000054],[9.918395299000053,49.52237982400004],[9.918135901000028,49.52138895200005],[9.917186376000075,49.51992666000007],[9.916959263000024,49.51780230600008],[9.920175115000063,49.51503908300003],[9.921001391000061,49.51364834200007],[9.922139013000049,49.511450652000065],[9.923456389000023,49.50990103700008],[9.92512928900004,49.508650094000075],[9.922241085000053,49.50413724100008],[9.919338223000068,49.50201723400005],[9.918014697000046,49.50066998400007],[9.917806717000076,49.499598363000075],[9.916053163000072,49.499544325000045],[9.916096032000041,49.49829407400006],[9.916237666000029,49.495739885000035],[9.914457732000074,49.495595724000054],[9.913740586000074,49.49325299100008],[9.920242020000046,49.48897740000007],[9.926561180000022,49.484835462000035],[9.929812176000041,49.484330157000045],[9.933949322000046,49.48361329900007],[9.940868283000043,49.482334354000045],[9.944509719000052,49.48147071600005],[9.948691894000035,49.48159917800007],[9.950203637000072,49.48101280900005],[9.951881740000033,49.48036425500004],[9.954639323000038,49.480701476000036],[9.955652618000045,49.48144405000005],[9.958966807000024,49.48385295400004],[9.960693132000074,49.48382523300006],[9.962376216000052,49.483959209000034],[9.96589349200002,49.484299769000074],[9.970009593000043,49.48543469200007],[9.97402362300005,49.48582231100005],[9.975700785000072,49.48524536700006],[9.974573881000026,49.48349488100007],[9.973542026000075,49.481897762000074],[9.975009051000029,49.48102513400005],[9.977140159000044,49.48324863500005],[9.978410475000032,49.48401618500003],[9.980052736000061,49.48376315100006],[9.98279739000003,49.484054642000046],[9.98629396800004,49.48505118600008],[9.992006367000045,49.48640294200004],[9.99262740100005,49.48572023100007],[9.997161352000035,49.48635058500008],[9.997758814000065,49.48554324400004],[10.000385054000049,49.485954777000075],[10.003284883000049,49.48441655400006],[10.006702859000029,49.48370286200003],[10.010118434000049,49.48321396000006],[10.013985310000066,49.48450812100003],[10.017083773000024,49.48534006500006],[10.018914617000064,49.485905640000055],[10.020260417000031,49.48664904700007],[10.021981045000075,49.48858150900003],[10.025042178000035,49.49321842100005],[10.02740667200004,49.49852704800003],[10.027610603000028,49.50052387100004],[10.027746765000074,49.50185703300008],[10.028177638000045,49.50398968300004],[10.031368692000058,49.503584054000044],[10.033531738000022,49.50365013600003],[10.03697408000005,49.50446406300006],[10.039217560000054,49.505556854000076],[10.039655967000044,49.50593647900007],[10.040123390000076,49.50617228300007],[10.040687948000027,49.50636350000008],[10.045006417000025,49.50693874400008],[10.046235533000072,49.506979674000036],[10.052403774000027,49.510674711000036],[10.051520203000052,49.51441601600004],[10.05573933200003,49.51489879400003],[10.056145911000044,49.51494530800005],[10.057305790000044,49.51682784700006],[10.05718463900007,49.51931858100005],[10.054904149000038,49.519769533000044],[10.05489108200004,49.521174779000035],[10.05079085400007,49.520824667000056],[10.049813866000022,49.52132343800008],[10.048329505000027,49.52224552300004],[10.045520907000025,49.52405148200006],[10.044788259000029,49.524928825000075],[10.044389196000054,49.52561709100007],[10.043813493000073,49.52630464400005],[10.043103931000076,49.52662116300007],[10.041882869000062,49.52706335900007],[10.041388433000066,49.52745739300008],[10.04095213100004,49.527928313000075],[10.040019271000062,49.52901043500003],[10.042073940000023,49.529657557000064],[10.045097832000067,49.53076092900005],[10.049428327000044,49.53323424400003],[10.051148390000037,49.53341086100005],[10.05276169700005,49.53453121500007],[10.058803380000029,49.53612593400004],[10.058890832000031,49.53698365400004],[10.06136772700006,49.53746825300004],[10.060594691000063,49.53820143200005],[10.058614163000072,49.53928611300006],[10.057105076000028,49.54068132900005],[10.059289551000063,49.54123607200006],[10.061730830000045,49.54164928100005],[10.061700898000026,49.54397000900008],[10.06142750600003,49.545138456000075],[10.06467323000004,49.54550185900007],[10.066345845000058,49.545535279000035],[10.068708925000067,49.544834595000054],[10.071081310000068,49.544819877000066],[10.072398101000033,49.544492397000056],[10.075902434000056,49.54441061300008],[10.075887905000059,49.54371827600005],[10.076135288000046,49.54284412900006],[10.079523963000042,49.54345048500005],[10.08372346300007,49.54356076500005],[10.083841195000048,49.54220783400007],[10.085519872000077,49.54221400400007],[10.085698211000022,49.541172764000066],[10.085996456000032,49.54025624600007],[10.086489695000068,49.53916951300005],[10.087470988000064,49.537589773000036],[10.088841799000022,49.53571456900005],[10.090080476000026,49.53403826600004],[10.088658372000054,49.53372377200003],[10.088805453000077,49.53252006300005],[10.089598029000058,49.530521246000035],[10.087737135000054,49.53053821700007],[10.087974031000044,49.52844928400003],[10.086552649000055,49.528277857000035],[10.081119478000062,49.52794911900003],[10.07861145000004,49.527317380000056],[10.080283829000052,49.524253102000046],[10.078791356000067,49.52385927200004],[10.080641607000075,49.52119589400007],[10.07688575800006,49.519882876000054],[10.077961736000077,49.51863573300005],[10.07906039200003,49.517326257000036],[10.080333028000041,49.51778219800008],[10.083353481000074,49.51439747300003],[10.081353762000049,49.513677650000034],[10.083148091000055,49.512853121000035],[10.084146565000026,49.51175886600004],[10.086918812000022,49.512667916000055],[10.089063801000066,49.513189870000076],[10.090425352000068,49.51299487800003],[10.095372514000076,49.51415522000008],[10.099314783000068,49.514854781000054],[10.100113939000039,49.51371510600006],[10.105717540000057,49.51510581800005],[10.108475105000025,49.51147678700005],[10.11352577100007,49.512213873000064],[10.11450916900003,49.51019311500005],[10.116414289000033,49.510370529000056],[10.121323095000037,49.51104620600006],[10.121467334000045,49.509447185000056],[10.120460081000033,49.50924386500003],[10.120859799000073,49.50727290100008],[10.118995656000038,49.50716767000006],[10.117214262000061,49.50708068000006],[10.115364094000029,49.50695744400008],[10.115703143000076,49.50602300700007],[10.116305144000023,49.50502649100008],[10.117116622000026,49.50374280900007],[10.114817765000055,49.50274542300008],[10.114473599000064,49.50260031100004],[10.10981208100003,49.501693688000046],[10.106546542000046,49.499019522000026],[10.10520039100004,49.49811521700008],[10.104733320000037,49.49780771700006],[10.103883998000072,49.49695911100008],[10.10458421900006,49.49579208000006],[10.102588346000061,49.49497542700004],[10.101256943000067,49.49398116800006],[10.099991355000043,49.491727680000054],[10.100013954000076,49.490675225000075],[10.101621093000063,49.49005118600007],[10.101243509000028,49.48564180200003],[10.103378755000051,49.484992711000075],[10.103385613000057,49.48416442700005],[10.105472449000047,49.48353360500005],[10.106758693000074,49.48313511400005],[10.108102174000066,49.48285361100005],[10.10826578800004,49.482467729000064],[10.109184869000046,49.480379930000026],[10.110712222000075,49.47762344100005],[10.113588615000026,49.478133839000066],[10.116088967000053,49.47857744300006],[10.115762069000027,49.47630034700006],[10.116632887000037,49.47616837000004],[10.115832172000069,49.47500232900006],[10.11511820000004,49.473959199000035],[10.11698636400007,49.47339881000005],[10.11832726700004,49.473169459000076],[10.118102557000043,49.47191825900006],[10.117752405000033,49.470819566000046],[10.119313877000025,49.47061793800003],[10.119100025000023,49.46973561300007],[10.11763735900007,49.469667694000066],[10.117871844000035,49.467959257000075],[10.117916194000031,49.46759057300005],[10.119344820000038,49.46672279500007],[10.120650383000054,49.46570165500003],[10.121863314000052,49.46486263700007],[10.122251832000075,49.46390784100004],[10.117912921000027,49.462150337000026],[10.115844314000071,49.46130059400008],[10.114476294000042,49.46249553700005],[10.11044583000006,49.46236744200007],[10.108713605000048,49.46200853200003],[10.10653654500004,49.46325139600003],[10.105487698000047,49.46323873700004],[10.10483342200007,49.462776355000074],[10.106514282000035,49.460868565000055],[10.108231467000053,49.460207671000035],[10.106492661000061,49.45851038400008],[10.099976393000077,49.45667549600006],[10.097826626000028,49.45701059700008],[10.097047331000056,49.45589389300005],[10.098019848000035,49.45486912600006],[10.09723602400004,49.45429508800004],[10.096943989000067,49.45255175600005],[10.09729068300004,49.45157803200004],[10.095531509000068,49.44910685700006],[10.094741444000022,49.44789857000006],[10.095709900000031,49.447587189000046],[10.099348156000076,49.44644869800004],[10.102099832000022,49.445720777000076],[10.103759582000066,49.44522285100004],[10.104547683000021,49.445018712000035],[10.105708278000066,49.44481587100006],[10.105858665000028,49.443305088000045],[10.105971324000052,49.44302660900007],[10.111758984000062,49.43874665800007],[10.112735345000033,49.43912784200006],[10.11062488500005,49.44250302100005],[10.113801169000055,49.44381834700005],[10.116643148000037,49.44382804400004],[10.117904106000026,49.44313964100007],[10.118781030000036,49.44389826300005],[10.118906124000034,49.44378173900003],[10.12064343700007,49.44216834000008],[10.122627670000043,49.44071766700006],[10.123630054000046,49.44131474500006],[10.124423303000071,49.440165025000056],[10.12610161200007,49.43927191100005],[10.128867379000042,49.43839945500008],[10.131931154000029,49.43781914500005],[10.133705133000035,49.43714686000004],[10.134312755000053,49.43525070900006],[10.134482049000042,49.43475648700007],[10.136765869000044,49.433720351000034],[10.138108351000028,49.433121948000064],[10.13479674000007,49.43328219000006],[10.133620233000045,49.43200996000007],[10.138072993000037,49.42866890100004],[10.138008236000076,49.426284803000044],[10.137427056000035,49.42471766500006],[10.139419386000043,49.423860458000036],[10.141288073000055,49.42293085800003],[10.144132115000048,49.42063695000007],[10.145499030000053,49.41853624400005],[10.146338096000022,49.41694662700007],[10.146818820000021,49.41532889600006],[10.14751134900007,49.41456713400004],[10.148042050000072,49.41398335800005],[10.14826344100004,49.41387610000004],[10.150975595000034,49.41253516800003],[10.151334908000024,49.41241933500004],[10.151680498000076,49.41229446400007],[10.150891065000053,49.41088868300005],[10.150077919000069,49.41085017800003],[10.148862332000022,49.41117024400006],[10.148088761000054,49.41137473300006],[10.147652145000052,49.41075266200005],[10.149132370000075,49.41006460700004],[10.149829434000026,49.40900527700006],[10.149598433000051,49.406656670000075],[10.151417320000064,49.40487216000008],[10.151357547000032,49.40361257300003],[10.152217243000052,49.40101546500006],[10.149632656000051,49.40197],[10.146649679000063,49.40272532100005],[10.145019880000063,49.40316098900007],[10.142063923000023,49.403970249000054],[10.13935910300006,49.404366432000074],[10.138638067000045,49.403095723000035],[10.142694411000036,49.40260489900004],[10.146450538000067,49.40169018800003],[10.149898292000046,49.39956896800004],[10.151249762000077,49.39928519400007],[10.154246716000046,49.39865583900007],[10.154258122000044,49.397072629000036],[10.158303922000073,49.39603247500003],[10.161698240000021,49.39549398200006],[10.160701682000024,49.39414163100008],[10.161210778000054,49.39035597900005],[10.159875390000025,49.390163045000065],[10.158298186000025,49.391030853000075],[10.156770567000024,49.39073834700008],[10.156297129000052,49.38949549900008],[10.151806600000043,49.38922083300008],[10.150808030000064,49.38820123000005],[10.149932535000062,49.38731693600005],[10.148402384000065,49.38739313100007],[10.146403978000023,49.387431853000066],[10.144924269000057,49.38441364700003],[10.142289805000075,49.384765138000034],[10.139687520000052,49.38449596800007],[10.139821320000067,49.38587258000007],[10.13658788400005,49.38622217500006],[10.126607422000063,49.38790024900004],[10.121685574000026,49.38786002400008],[10.121691786000042,49.38623609800004],[10.118522509000059,49.38622540800003],[10.114670326000066,49.38545665700008],[10.111966360000054,49.38491033300005],[10.108550403000038,49.38060486900008],[10.107318285000076,49.378784909000046],[10.108369419000041,49.37745575300005],[10.110837464000042,49.37552124600006],[10.114502599000048,49.37202554700008],[10.117413523000039,49.369023147000064],[10.11738594600007,49.36699520900004],[10.114504028000056,49.36670013400004],[10.113673293000033,49.36641130800007],[10.113029572000073,49.36335769800007],[10.113373868000053,49.359940548000054],[10.11805853900006,49.35967767600005],[10.118153328000062,49.35814874500005],[10.124592472000074,49.357023079000044],[10.124555669000074,49.35613756300006],[10.122852278000039,49.356041626000035],[10.12302709200003,49.354753308000056],[10.123719471000072,49.35081809600007],[10.121627989000046,49.35035843300005],[10.118787730000065,49.35017748300004],[10.118736986000044,49.351062702000036],[10.113285610000048,49.352087089000065],[10.10761552300005,49.351698646000045],[10.108081955000046,49.350224996000065],[10.108790773000067,49.349417860000074],[10.10908775300004,49.34845636500006],[10.108129673000064,49.347751379000044],[10.107581141000026,49.34747960000004],[10.10666006200006,49.34730546900005],[10.104514283000071,49.34704607300006],[10.103936611000051,49.34697207700003],[10.103939058000037,49.34667523200005],[10.103956905000075,49.346180538000056],[10.103864090000059,49.34574842400008],[10.104146859000025,49.344849863000036],[10.104333320000023,49.343941967000035],[10.102957852000031,49.34378419800004],[10.103278411000076,49.34164438600004],[10.103775346000077,49.341484216000026],[10.104548942000065,49.34116309800004],[10.104620884000042,49.340785537000045],[10.104698597000038,49.33970634500008],[10.104742781000027,49.339355674000046],[10.104846911000038,49.338411507000046],[10.109036161000063,49.33787741300006],[10.108610537000061,49.336049840000044],[10.113086502000044,49.335777463000056],[10.112838389000046,49.33235476300007],[10.110433109000041,49.33256066700005],[10.10799352500004,49.33250459200008],[10.109237137000036,49.33184249800007],[10.109759312000051,49.33061364500003],[10.110499427000036,49.32887179200003],[10.114207804000046,49.329622390000054],[10.11490827800003,49.328553760000034],[10.116871245000027,49.32898887400006],[10.11746897200004,49.32912363200006],[10.118320446000041,49.328455002000055],[10.120588371000053,49.32535023300005],[10.121334638000064,49.32495694600004],[10.123660822000033,49.32491078000004],[10.123570722000068,49.32560268200007],[10.125364654000066,49.32529450200008],[10.126757109000039,49.32604171000003],[10.12742139200003,49.324901483000076],[10.13067385900007,49.325653662000036],[10.130245839000054,49.32762226700004],[10.132711243000074,49.327743688000055],[10.133043757000053,49.326776410000036],[10.136885969000048,49.32718872700008],[10.139051407000068,49.32615761400007],[10.14010171700005,49.32557627300008],[10.14061874400005,49.32269038000004],[10.14261693700007,49.322318937000034],[10.14323631600007,49.31938342400008],[10.145247060000031,49.31649821000008],[10.14369945900006,49.31584337800007],[10.142022996000037,49.31337557300003],[10.141433993000021,49.31302287400007],[10.138678541000047,49.311682732000065],[10.135406315000068,49.30956724100008],[10.136475234000045,49.30830234700005],[10.134093908000068,49.30619318400005],[10.131680316000029,49.30512301700003],[10.132519548000062,49.303897662000054],[10.132789452000054,49.302870367000025],[10.131788009000047,49.30246724500006],[10.13229898800006,49.300318839000056],[10.133373513000038,49.30010645800007],[10.13388810500004,49.29896248000006],[10.134219534000067,49.29738361200003],[10.133899435000046,49.29606924400008],[10.138413628000023,49.29202694300005],[10.142681180000068,49.29146488600003],[10.144107655000028,49.29012010800005],[10.142978627000048,49.28952713400008],[10.141367930000058,49.28868114000005],[10.14237948400006,49.28764989800004],[10.14480936800004,49.28755865200003],[10.146134699000072,49.28750886200004],[10.150171929000066,49.28829509800005],[10.149474096000063,49.28592715100007],[10.149895719000028,49.28467811400003],[10.153910514000074,49.28473552400004],[10.15520581000004,49.28243670300003],[10.15662029400005,49.28075891000003],[10.152928217000067,49.28175504400008],[10.15068125700003,49.280650654000056],[10.150365528000066,49.27868869500003],[10.146705462000057,49.27720201900007],[10.147639772000048,49.27540589200004],[10.145388722000064,49.27491306600007],[10.146420324000076,49.27297333300004],[10.14699134600005,49.27196765700006],[10.145989817000043,49.27169464700006],[10.146743168000057,49.27019480600006],[10.147428862000027,49.26854182900007],[10.144360028000051,49.267892704000076],[10.142352479000067,49.267886332000046],[10.140744323000035,49.26699584000005],[10.139260587000024,49.26528660000008],[10.136447990000022,49.26460288900006],[10.134156874000041,49.262229699000045],[10.13194710700003,49.263625742000045],[10.128947426000025,49.26307333700004],[10.129084283000054,49.262302668000075],[10.127781571000071,49.26147011900008],[10.126639932000046,49.26238025100008],[10.126320493000037,49.26427281900004],[10.127107221000074,49.26562472300003],[10.127236517000028,49.26667759900005],[10.124065457000029,49.26966246400008],[10.123560393000048,49.27096509100005],[10.12355025900007,49.272260379000045],[10.125584440000068,49.27231215200004],[10.126483491000045,49.273376589000065],[10.127423338000028,49.27450412200005],[10.131392017000053,49.27508391400005],[10.128881550000074,49.27616408400007],[10.127300954000077,49.27610488100004],[10.12586329800007,49.27534449800004],[10.123625095000023,49.27499520300006],[10.123051924000038,49.274453563000066],[10.12172804000005,49.27322575300008],[10.121533888000044,49.27140394300005],[10.12060826000004,49.269128780000074],[10.119696488000045,49.26852593600006],[10.119550373000038,49.266975667000054],[10.118857622000064,49.26766595600003],[10.117877047000036,49.26824731900007],[10.116612086000032,49.268287987000065],[10.115695149000032,49.26778111800007],[10.11397418000007,49.266407935000075],[10.115905393000048,49.265551007000056],[10.11709826300006,49.264196791000074],[10.116553749000047,49.26140569200004],[10.116107897000063,49.25912008200004],[10.117690994000043,49.258792656000026],[10.118701572000077,49.257869579000044],[10.117457063000074,49.25710075200004],[10.116040222000038,49.25726682800007],[10.115662206000025,49.25813807500003],[10.114957294000021,49.258639395000046],[10.113284777000047,49.25812092100006],[10.109875037000052,49.25829803200003],[10.111826052000026,49.25665865900004],[10.113796335000075,49.25602678700005],[10.115679589000024,49.25596128400008],[10.120462645000032,49.25587859800004],[10.120779069000037,49.255834691000075],[10.12097152900003,49.25582634500006],[10.123725231000037,49.25516096000007],[10.126014474000044,49.255897219000076],[10.127145080000048,49.25364317300006],[10.130222960000026,49.25412955200005],[10.132319517000042,49.254460805000065],[10.133209341000054,49.253105435000066],[10.131867640000053,49.25245339000003],[10.131535610000071,49.25095009900008],[10.129108765000069,49.25025847500007],[10.125831837000021,49.249339090000035],[10.12380157900003,49.248909533000074],[10.122800450000057,49.248663305000036],[10.122307431000024,49.24845475800004],[10.119829082000024,49.247357976000046],[10.123989086000051,49.246013703000074],[10.124200486000063,49.24506480700006],[10.123379271000033,49.24409102300007],[10.124742199000025,49.242724715000065],[10.122662566000031,49.24091848000006],[10.124067704000026,49.23972368200003],[10.12315046200007,49.23905760900004],[10.124961406000068,49.23760645300007],[10.126744349000035,49.23620914700007],[10.126425362000077,49.233059780000076],[10.126158633000045,49.230261400000074],[10.12749634000005,49.22956422500005],[10.128183228000069,49.227767475000064],[10.125996117000057,49.22730665900008],[10.127462295000043,49.22331249700005],[10.129336308000063,49.22071011700007],[10.132589843000062,49.21724870500003],[10.135333960000025,49.21753650100004],[10.137743960000023,49.216608816000075],[10.138989004000052,49.21592538400006],[10.139420422000057,49.214608310000074],[10.13873985500004,49.214268135000054],[10.139899683000067,49.21111076600005],[10.140135950000058,49.20888974300004],[10.134965691000048,49.20996144800006],[10.130314025000075,49.20962239900007],[10.12961415600006,49.21046854700006],[10.128190177000022,49.21019769000003],[10.125622454000052,49.21089314200003],[10.124821602000054,49.20971211300008],[10.127077890000066,49.20910796900006],[10.126817180000046,49.20731708400007],[10.127394732000027,49.20434949400004],[10.130455046000066,49.20376708300006],[10.128653106000058,49.20285470500005],[10.128286037000066,49.20181067100003],[10.126369516000068,49.201661509000076],[10.124643724000066,49.20082440500005],[10.12489927300004,49.199736861000076],[10.12769574300006,49.199238378000075],[10.130081142000051,49.19882757600004],[10.128450384000075,49.19786998600006],[10.127662573000066,49.19740735800008],[10.129171664000069,49.19572129200003],[10.130094538000037,49.19708258600008],[10.133150302000047,49.197749255000076],[10.132300961000055,49.199329599000066],[10.135324543000024,49.200643746000026],[10.135757858000034,49.199293398000066],[10.136979366000048,49.19902108700006],[10.138643369000022,49.19738929000005],[10.141222153000058,49.19761344600005],[10.142136123000057,49.196527968000055],[10.142404979000048,49.195440430000076],[10.151150255000061,49.19322820800005],[10.156808452000064,49.19271495500004],[10.15511663600006,49.19127491200004],[10.153172899000026,49.189609903000076],[10.153573665000067,49.18841166000004],[10.156507090000048,49.188783226000055],[10.157674968000038,49.18665498900003],[10.160266327000045,49.18502578400006],[10.159369894000065,49.18371879700004],[10.160460364000073,49.18280461900008],[10.16261543500002,49.18269418700004],[10.165776204000053,49.18200204500005],[10.167031288000032,49.18107030400006],[10.16646783300007,49.179215673000044],[10.169161773000042,49.17853104200003],[10.17102949200006,49.17827568300004],[10.172873767000056,49.179450418000044],[10.175833685000043,49.18000770300006],[10.176234307000072,49.18164593700004],[10.181182663000072,49.18240669100004],[10.181002877000026,49.18020177200003],[10.180922186000032,49.17884426300003],[10.181299426000066,49.177198962000034],[10.180989287000045,49.17637954300005],[10.179727030000038,49.17638494000005],[10.178342917000066,49.176147111000034],[10.177431296000066,49.175011134000044],[10.177317879000043,49.17350865900005],[10.182761976000052,49.17177918100003],[10.183994614000028,49.17291295800004],[10.18537576600005,49.17263125300008],[10.184866803000034,49.170876632000045],[10.186296971000047,49.170515720000026],[10.187339344000065,49.172671095000055],[10.188631112000053,49.17440146800004],[10.189977818000045,49.17383402200005],[10.189698006000071,49.17219111400004],[10.187715570000023,49.170043699000075],[10.190287925000064,49.170764804000044],[10.195244024000033,49.169888892000074],[10.19452029100006,49.16936522000003],[10.19367363200007,49.16876025300007],[10.19352342700006,49.16865190400006],[10.192707093000024,49.167597270000044],[10.193702549000022,49.166367697000055],[10.197326586000031,49.16374204400006],[10.195929681000052,49.162597135000055],[10.199512653000056,49.160707665000075],[10.199317583000038,49.15899812200007],[10.198396409000054,49.15716969700003],[10.196848074000059,49.156949645000054],[10.196814396000036,49.15576223700003],[10.200256980000063,49.15569953600004],[10.20180373200003,49.15617139200003],[10.20327265900005,49.155923434000044],[10.20455090200005,49.15545908000007],[10.20516697000005,49.155631603000074],[10.205464495000058,49.15631599200003],[10.206958430000043,49.15812011100007],[10.20664772200007,49.15909029200003],[10.211908878000031,49.16038907400008],[10.212896476000026,49.16273341800007],[10.214553305000038,49.16239494400003],[10.215416663000042,49.163682280000046],[10.218379110000058,49.163489850000076],[10.219957455000042,49.16166604800003],[10.21861134900007,49.16100582800004],[10.218691045000071,49.15995688500004],[10.220033675000025,49.16004364200006],[10.221008029000075,49.160106592000034],[10.22262315100005,49.16004483100005],[10.224112367000032,49.16167937400007],[10.228141119000043,49.159890250000046],[10.22916753800007,49.15784191500006],[10.231146710000075,49.15707312500007],[10.232271169000057,49.15564170300007],[10.231183600000065,49.15546774900008],[10.230977046000021,49.15346815400005],[10.232626135000032,49.152435344000025],[10.23501075300004,49.152114899000026],[10.235787114000061,49.15113503200007],[10.236613667000029,49.14926282600004],[10.238563200000044,49.14935663600005],[10.240533458000073,49.14952104900004],[10.24406422900006,49.14870097100004],[10.248022910000032,49.14928110900007],[10.248462881000023,49.148396784000056],[10.248026179000021,49.147671098000046],[10.248569530000054,49.14545631400006],[10.249964075000037,49.14434484600008],[10.251882959000056,49.143663709000066],[10.251456484000073,49.141949261000036],[10.252413384000022,49.14209417100005],[10.254031958000041,49.14052702500004],[10.253778810000028,49.138955760000044],[10.255479654000055,49.13830264300003],[10.255526652000071,49.13761734500008],[10.254180294000037,49.13704323400003],[10.253011571000059,49.135784099000034],[10.25156275200004,49.13398570500004],[10.254736600000058,49.13253555400007],[10.256181393000077,49.13144135300007],[10.256844624000053,49.13039041400003],[10.256947320000052,49.12905042800003],[10.255712493000033,49.12929959400003],[10.252748773000064,49.12991372700003],[10.252329276000069,49.12886042100007],[10.251653,49.127104959000064],[10.251111132000062,49.12587148500006],[10.248504654000044,49.126342383000065],[10.247228171000074,49.12669929800006],[10.243039054000064,49.12530466800007],[10.240209765000031,49.12436261500005],[10.239910829000053,49.12388520300004],[10.239817854000023,49.12333631200005],[10.237560427000062,49.12262946200008],[10.235796807000042,49.12185177400005],[10.234418091000066,49.12086809500005],[10.233272440000064,49.11987596000006],[10.231008803000066,49.11958862400007],[10.230287119000025,49.11896812900005],[10.224954281000066,49.119502527000066],[10.224560207000025,49.11866861300007],[10.229568829000073,49.11730993100008],[10.22897272800003,49.11499528600007],[10.229330692000076,49.113225552000074],[10.226894538000067,49.11321963900008],[10.226464042000032,49.11241896300004],[10.227547996000055,49.11193789500004],[10.226574538000023,49.11102609400007],[10.224316092000038,49.111651153000025],[10.221873811000023,49.112247756000045],[10.219596671000033,49.11270979900007],[10.217580608000048,49.113037536000036],[10.21524985700006,49.11328348500007],[10.214835309000023,49.111555459000044],[10.213465836000069,49.11144402800005],[10.21409415900007,49.109457819000056],[10.214945880000073,49.10675260700003],[10.215625560000035,49.10610920600004],[10.212761142000033,49.10323013000004],[10.212011787000051,49.102544615000056],[10.210767748000023,49.102118662000066],[10.20915360600003,49.10173670800003],[10.20684142500005,49.10126296000004],[10.207463131000054,49.10039210900004],[10.207052287000067,49.09966157100007],[10.208487128000058,49.09972243100003],[10.210181202000058,49.10006952400005],[10.208833170000048,49.09808406900004],[10.206267724000043,49.09874296800007],[10.204997649000063,49.09811900300008],[10.206769574000077,49.09730514900008],[10.207154184000046,49.09712626400005],[10.207786098000042,49.096822099000065],[10.208706833000065,49.09632080100005],[10.20955917300006,49.09580133000003],[10.21046644300003,49.09525501000007],[10.21127701100005,49.094843353000044],[10.211743816000023,49.094655669000076],[10.212265081000055,49.094522091000044],[10.212731077000058,49.09446932000003],[10.21341327600004,49.09491180300006],[10.214313833000062,49.09548975700005],[10.215093265000064,49.09570761300006],[10.215913741000065,49.09593456200008],[10.22277854300006,49.09785862000007],[10.22342726000005,49.09699674400008],[10.225414771000032,49.094339242000046],[10.22614541200005,49.09336792600004],[10.226684399000021,49.092651370000056],[10.227028827000026,49.092292428000064],[10.227291534000074,49.091852335000056],[10.227417993000074,49.09128598600006],[10.227502703000027,49.09083646500005],[10.227710414000057,49.09043221500008],[10.227999279000073,49.09020805400007],[10.228671955000038,49.08992186000006],[10.229070019000062,49.08976092300003],[10.233162280000045,49.09022947300008],[10.232825337000065,49.091721765000045],[10.234221043000048,49.09194995000007],[10.23510506100007,49.09058487400006],[10.23749898400007,49.091094207000026],[10.237594070000057,49.09123834300004],[10.23798752700003,49.09192285000006],[10.241848721000054,49.09211171000004],[10.244375522000041,49.092753694000066],[10.243864700000074,49.09160365100007],[10.243404645000055,49.09055023600007],[10.243979748000072,49.090569542000026],[10.24548612600006,49.09059096500005],[10.245602986000051,49.091805495000074],[10.24657570100004,49.091744739000035],[10.24719209500006,49.09172814300007],[10.247671251000043,49.09176520200003],[10.247917160000043,49.09188268500003],[10.248229063000053,49.09247702700003],[10.248486753000066,49.09296331200005],[10.250596710000025,49.09281512500007],[10.249530486000026,49.09241698400007],[10.249422181000057,49.09217388900004],[10.249137749000056,49.091561623000075],[10.24949537200007,49.09126560400006],[10.24953757700007,49.09104982900004],[10.249675696000054,49.09082527500004],[10.249580996000077,49.09060019900005],[10.250309726000069,49.09004416500005],[10.24967967200007,49.08741635400003],[10.24858258100005,49.08771071500007],[10.248514812000053,49.08757564500007],[10.24816471500003,49.086432553000066],[10.24706399200005,49.08219365400004],[10.247086109000065,49.08152177300008],[10.247145405000026,49.07972034900007],[10.246624962000055,49.079746156000056],[10.244858201000056,49.079832088000046],[10.244056321000073,49.07870594500008],[10.242878057000041,49.07884715600005],[10.241643575000069,49.079258061000075],[10.241991927000072,49.080688990000056],[10.242783931000076,49.081095565000055],[10.241668632000028,49.08225328900005],[10.240984279000031,49.082197740000026],[10.240509463000024,49.081248121000044],[10.239453486000059,49.07913605600004],[10.237793027000066,49.077297301000044],[10.23587858600007,49.076801309000075],[10.234169895000036,49.07636232200008],[10.23563573000007,49.073703426000066],[10.239505317000066,49.07460295300007],[10.241193126000042,49.07388731000003],[10.242488277000064,49.07234324800004],[10.244032964000041,49.072778527000025],[10.243573264000077,49.074270557000034],[10.245544909000046,49.07433931400004],[10.247903995000058,49.07341692600005],[10.25038492300007,49.07284684100006],[10.251358407000055,49.07256118500004],[10.252182259000051,49.07208630500003],[10.253210643000045,49.07151113300006],[10.253912144000026,49.07111872000007],[10.255105292000053,49.07068762500006],[10.255681345000028,49.07048399000007],[10.257292240000027,49.070380138000075],[10.258153512000035,49.07017377200003],[10.258099303000051,49.06877130200007],[10.259576593000077,49.06741245100005],[10.258136429000047,49.06703548400003],[10.259514747000026,49.064924732000065],[10.26002526600007,49.064107335000074],[10.261127264000038,49.06269756800003],[10.262207987000068,49.06281679700004],[10.264630448000048,49.06136454500006],[10.258769931000074,49.06013837800003],[10.258170716000052,49.06165925400006],[10.25605594600006,49.061364447000074],[10.256763398000032,49.05949514800005],[10.257497486000034,49.057259970000075],[10.257632752000063,49.055350615000066],[10.257328470000061,49.053263257000026],[10.25508629500007,49.05288545800005],[10.25485911800007,49.05193268200003],[10.253507231000071,49.05120418400003],[10.251709391000077,49.04955423700005],[10.252869519000058,49.04817758200005],[10.255756685000051,49.04475116400005],[10.254475992000039,49.04367803200006],[10.252648346000058,49.04430320900008],[10.250539239000034,49.043327583000064],[10.24979081500004,49.04245016100003],[10.25026065700007,49.04119469900007],[10.25043794800007,49.04050972400006],[10.252293226000063,49.04013308800006],[10.251863839000066,49.039161196000066],[10.252994972000067,49.038979727000026],[10.254876418000038,49.04026106100008],[10.255216848000032,49.04057660900003],[10.255529556000056,49.04096404900008],[10.255990993000069,49.041702592000036],[10.257757827000034,49.04131967600006],[10.259579359000043,49.04093685000004],[10.259972272000027,49.04171120700005],[10.260216662000062,49.04208949300005],[10.26066565800005,49.04259413800003],[10.26319843300007,49.04225774400004],[10.262587976000077,49.04306823600007],[10.261745328000075,49.043637586000045],[10.263541129000032,49.04492079500005],[10.264990096000076,49.04520267300006],[10.265196642000035,49.04493327700004],[10.265609640000037,49.044412471000044],[10.266190381000058,49.043154478000076],[10.268160472000034,49.043176568000035],[10.272995218000062,49.042706483000075],[10.277220932000034,49.04252040600005],[10.275551534000044,49.04141111700005],[10.274520322000058,49.040725122000026],[10.27501734200007,49.04027061700003],[10.277240662000054,49.03823914700007],[10.27942696200006,49.03775206500006],[10.284838754000077,49.03657533100005],[10.285122095000077,49.03791278300008],[10.286875118000069,49.03908813900006],[10.288068407000026,49.03988816000003],[10.287244982000061,49.04047122800006],[10.28493936500007,49.04208579600004],[10.287207049000074,49.04287264000004],[10.287702632000048,49.042181019000054],[10.288225682000075,49.04146246400006],[10.292825652000033,49.04076052800008],[10.29321940400007,49.041462814000056],[10.294007324000063,49.042777439000076],[10.297827952000034,49.04135849800008],[10.300568132000024,49.04034069200003],[10.301613570000029,49.03894827900007],[10.302070394000054,49.03833981200006],[10.30265756600005,49.03525580400003],[10.30271405700006,49.031469309000045],[10.307201359000032,49.03128825600004],[10.309455680000042,49.03195769700005],[10.310964305000027,49.030943904000026],[10.312760871000023,49.02973270000007],[10.316554220000057,49.02854275100003],[10.318593274000023,49.028258261000076],[10.320542003000071,49.026507526000046],[10.320476556000074,49.02571592600003],[10.320969157000036,49.02565375700004],[10.321365786000058,49.025654391000046],[10.32185815300005,49.02565517600004],[10.323444669000025,49.02565769300003],[10.324046549000059,49.025631659000055],[10.324867487000063,49.02554300500003],[10.325633843000048,49.02541828400007],[10.32629081400006,49.02528439300005],[10.328043039000022,49.02483738900003],[10.328960583000026,49.024497015000065],[10.328891722000037,49.02463182300005],[10.328341403000024,49.025548393000065],[10.328680742000074,49.02627744700004],[10.328775749000044,49.02648446000006],[10.32791325900007,49.02671698700004],[10.327269822000062,49.02688688500007],[10.327523818000031,49.028533226000036],[10.327491810000026,49.02983734500003],[10.327490237000063,49.03027806100005],[10.328311886000051,49.03000949800003],[10.329640214000051,49.02957081100004],[10.33152472100005,49.02652461300005],[10.333616422000034,49.026788579000026],[10.33294189000003,49.02804676800008],[10.331964251000045,49.02992510300004],[10.332303801000023,49.03061817100007],[10.332738239000037,49.031563220000066],[10.332901138000068,49.03192323500008],[10.333325982000076,49.03169001800006],[10.336382453000056,49.029877690000035],[10.336952050000036,49.027270188000045],[10.340302609000048,49.02739194800006],[10.339642784000034,49.028389366000056],[10.341761613000074,49.02876114900005],[10.342639535000046,49.02797988800006],[10.344157538000047,49.02804497400007],[10.350256584000022,49.02842207200007],[10.350431177000075,49.02504047000008],[10.350230373000045,49.02363710000003],[10.350478354000074,49.023052807000056],[10.350274855000066,49.02252187600004],[10.349633957000037,49.02191840200004],[10.34862518400007,49.020882706000066],[10.346082968000076,49.020429524000065],[10.34638665500006,49.01953951400003],[10.345197407000057,49.01938497200007],[10.345324712000036,49.01806299900005],[10.34543868000003,49.01663307800004],[10.347078888000055,49.01686018800007],[10.348994482000023,49.01648503600006],[10.348923127000035,49.01527077600008],[10.351269724000076,49.01456000700006],[10.352700305000042,49.01524726100007],[10.354266940000059,49.01402137900004],[10.356091845000037,49.01350972500006],[10.356145639000033,49.01340426100006],[10.356615852000061,49.012482360000035],[10.354799939000031,49.01033141000005],[10.35350220500004,49.00904384900008],[10.352157951000038,49.00600205200004],[10.35390899400005,49.00563559400007],[10.354425459000026,49.00462648200005],[10.358641679000073,49.00480522400005],[10.358808356000054,49.003906020000045],[10.362955685000031,49.00376820200006],[10.37159166300006,49.00348072500003],[10.372808986000052,49.003239276000045],[10.375442809000049,48.999716542000044],[10.378094951000037,48.99962053200005],[10.378259098000058,48.99957574000007],[10.378696568000066,48.99955822700008],[10.378956176000031,48.99960347900003],[10.379161174000046,48.999621690000026],[10.379884944000025,48.99991028200003],[10.381896484000038,48.99904899000006],[10.381488298000022,48.99827506400004],[10.380821634000029,48.99700618500003],[10.381713360000049,48.995676004000074],[10.381976275000056,48.99533807900008],[10.382769118000056,48.99431900700006],[10.38106857300005,48.99107933700003],[10.378746742000033,48.99044725500005],[10.379883107000069,48.98963901500008],[10.380483235000042,48.98921171200004],[10.381771881000077,48.98850777600006],[10.385188179000068,48.98863725600006],[10.388187505000076,48.989045032000035],[10.391527936000045,48.98936244400005],[10.391527333000056,48.989631313000075],[10.391526272000021,48.990104906000056],[10.394683058000055,48.990157614000054],[10.394810112000073,48.98946560100006],[10.394744600000024,48.98907245100003],[10.394546736000052,48.98850446900008],[10.395425326000066,48.98808628200004],[10.395982143000026,48.98782124400003],[10.397013831000038,48.986679081000034],[10.399126296000077,48.98705650800008],[10.401254133000066,48.98620172300008],[10.401447825000048,48.98543686000005],[10.402128897000068,48.98274719500006],[10.403350653000075,48.98191789500004],[10.404022694000048,48.98066830300007],[10.40540767300007,48.98091027800007],[10.405813927000054,48.980040245000055],[10.408560204000025,48.98014146100007],[10.410079084000074,48.97897347000003],[10.411773416000074,48.97895683300004],[10.41177558000004,48.97776962300003],[10.40984966600007,48.977435307000064],[10.409390286000075,48.97563230700007],[10.40628083300004,48.97593909900007],[10.403245069000036,48.97553196600006],[10.401479997000024,48.974523171000044],[10.402929086000029,48.97315304800003],[10.403104824000025,48.97203951500006],[10.40306302600004,48.97097690900006],[10.403009764000046,48.969622780000066],[10.403925051000044,48.96790572000003],[10.403681380000023,48.96679025700007],[10.405164827000021,48.96677515700003],[10.408571856000037,48.96674040400006],[10.41173744300005,48.96871263200006],[10.416245789000072,48.96855421200007],[10.418751747000044,48.96857920600007],[10.418242904000067,48.96699074000003],[10.41829877500004,48.966262269000026],[10.419432564000033,48.96626309200008],[10.421126419000075,48.96626430100008],[10.42134739200003,48.96478045300006],[10.421417559000076,48.96362927500007],[10.424361943000065,48.963562065000076],[10.424703152000063,48.96237076300008],[10.424932592000062,48.960681676000036],[10.423552866000023,48.96081564900004],[10.420848026000044,48.96108358300006],[10.420343810000077,48.96038169700006],[10.419458015000032,48.95917587300005],[10.420216906000064,48.95877455400006],[10.422081845000037,48.95860453700004],[10.422340930000075,48.95929005600004],[10.42377201100004,48.959262487000046],[10.424268641000026,48.95851713600007],[10.424884330000054,48.95763708100003],[10.42576989500003,48.95723637000003],[10.42597018400005,48.95668487300003],[10.426205352000068,48.95603731700004],[10.427247429000033,48.956134090000035],[10.42837314600007,48.95623861800004],[10.429851797000026,48.95324120300006],[10.431022214000052,48.95344182200006],[10.431631303000074,48.95198585500003],[10.430294630000049,48.951774466000074],[10.429637283000034,48.95167050300006],[10.429900076000024,48.94984310400008],[10.42963239900007,48.94783604200006],[10.430902321000076,48.94630282700007],[10.431784188000051,48.94622040000007],[10.432116368000038,48.946189350000054],[10.43234721600004,48.94578500600005],[10.432637875000069,48.94527588500006],[10.433486467000023,48.94490398000005],[10.434594513000036,48.944418348000056],[10.434720011000024,48.94436334300008],[10.43624862300004,48.944294359000025],[10.436944544000028,48.94552536900005],[10.43917118500002,48.94562253500004],[10.442568510000058,48.94578091000005],[10.443334406000076,48.94581660000006],[10.444136773000025,48.94506189300006],[10.445658351000077,48.943407397000044],[10.44559044600004,48.94308358500007],[10.444825433000062,48.94037101400005],[10.448033538000061,48.94002988700004],[10.447866142000066,48.93868569600005],[10.451372669000023,48.93866072700007],[10.451633916000048,48.93749006500008],[10.449174037000034,48.937032411000075],[10.448109701000021,48.93655524800005],[10.446567798000046,48.93587998300006],[10.448220713000069,48.93487345200003],[10.446733338000058,48.93431513500008],[10.445048392000047,48.934888467000064],[10.44221344600004,48.93546409700008],[10.439933224000072,48.93545694100004],[10.439414389000035,48.93442866300006],[10.438133567000023,48.93379371900005],[10.437809328000071,48.93315104100003],[10.43828981200005,48.932600498000056],[10.44084758400004,48.932059329000026],[10.441065432000073,48.93111711600005],[10.445313898000052,48.93006272900004],[10.447569388000034,48.928321932000074],[10.44915775100003,48.92606553200005],[10.451991403000022,48.92666771100005],[10.453771457000073,48.92321326900003],[10.455030943000054,48.92206023700004],[10.457107388000054,48.920548179000036],[10.457000572000027,48.91714142600006],[10.456509306000044,48.91714123600008],[10.454626120000057,48.91714048600005],[10.453891258000056,48.91499967300007],[10.45085162600003,48.91432208900005],[10.451285808000023,48.91338947700007],[10.448947234000059,48.91253177700003],[10.449236631000076,48.91197984300004],[10.447822170000052,48.91129386700004],[10.44582951700005,48.91115966000007],[10.44402042300004,48.91061769200007],[10.444093200000054,48.910118014000034],[10.443805085000065,48.90952297100006],[10.443769759000077,48.908856668000055],[10.443770228000062,48.90845213700004],[10.440552450000041,48.908537238000065],[10.438611845000025,48.909099953000066],[10.436705698000026,48.909155998000074],[10.436261461000072,48.908385321000026],[10.436014163000038,48.907956289000026],[10.430894623000029,48.907999672000074],[10.430914142000063,48.90619849800004],[10.430916482000043,48.90598268200006],[10.425029746000064,48.90767705800005],[10.424815391000038,48.90773874700005],[10.424880552000047,48.90745741200004],[10.425180745000034,48.90616127000004],[10.423658216000035,48.90600416600006],[10.421320368000067,48.90576289000006],[10.421417357000053,48.904845601000034],[10.423968915000046,48.90462252700007],[10.42414890200007,48.902940829000045],[10.42930848900005,48.901019570000074],[10.437658746000068,48.89984637900005],[10.438082756000028,48.89896523500005],[10.440811405000034,48.89862495700004],[10.441113660000042,48.89685336600007],[10.442328986000064,48.89574778100007],[10.44501635100005,48.895542284000044],[10.444813365000073,48.89412118700005],[10.450215787000047,48.893089461000045],[10.450313577000031,48.89083210100006],[10.44978290000006,48.88963571100004],[10.45296114100006,48.889160435000065],[10.452226218000021,48.88758623900003],[10.453999263000071,48.88747006800003],[10.452992995000045,48.884438802000034],[10.450824263000072,48.88486955900004],[10.450049092000029,48.882782699000074],[10.448496458000022,48.88095629400004],[10.44546847600003,48.88163836700005],[10.444774583000026,48.880271],[10.448416860000066,48.87886974600008],[10.447027709000054,48.87734018700007],[10.452580966000028,48.87347545700004],[10.451191566000034,48.872215760000074],[10.452487678000068,48.87128099200004],[10.451672919000032,48.868024982000065],[10.448648846000026,48.86582021700008],[10.450463029000048,48.86469684900004],[10.449865342000066,48.862664049000045],[10.44769730300004,48.86332857200006],[10.448353934000068,48.86113446400003],[10.454106806000027,48.86030058700004],[10.452406950000068,48.856565741000054],[10.45242293800004,48.853887532000044],[10.45279514200007,48.851859524000076],[10.448062543000049,48.85139068800004],[10.448216151000054,48.849748669000064],[10.44544761900005,48.84979518600005],[10.442852111000036,48.84936557100008],[10.441791700000067,48.84900578300005],[10.440232102000039,48.84847659700006],[10.436404292000077,48.84743123900006],[10.43346249700005,48.84628735600006],[10.431310616000076,48.84552160800007],[10.429172152000035,48.844944690000034],[10.429318516000023,48.84330431800004],[10.427415498000073,48.842988999000056],[10.426268382000046,48.836920691000046],[10.426826901000027,48.83695703300003],[10.42734434700003,48.83712824600008],[10.427998168000045,48.83720961100005],[10.42869281000003,48.83732697200003],[10.429646478000052,48.83732757800004],[10.430286798000054,48.837327981000044],[10.431022652000024,48.83721152500004],[10.431935963000058,48.83684335800007],[10.432753821000063,48.83652908600004],[10.43374884800005,48.836160954000036],[10.43478477900004,48.83575686300003],[10.435875256000031,48.83529883400007],[10.436256896000032,48.83515515900007],[10.436747344000025,48.83514644500008],[10.437646419000032,48.83519191900007],[10.439076904000046,48.835156737000034],[10.440807537000069,48.83476196200007],[10.442442716000073,48.834421071000065],[10.441844402000072,48.83350343700005],[10.443476467000039,48.833375586000045],[10.443180769000037,48.83236196900003],[10.447989974000052,48.831914651000034],[10.449102463000031,48.83032302500004],[10.447978250000062,48.83006552000006],[10.448292903000038,48.82887503900008],[10.449594084000069,48.82506560300004],[10.446309241000051,48.82428750100007],[10.447506490000023,48.822685152000076],[10.448696184000028,48.821060026000055],[10.446832402000041,48.81917955100005],[10.448862836000046,48.81800238100004],[10.44752931000005,48.81700350500006],[10.447016619000067,48.81260555000006],[10.448624089000077,48.81196778100008],[10.446555624000041,48.81080667700007],[10.44629701200006,48.81071662000005],[10.445085602000063,48.81032032600007],[10.442866596000044,48.809941492000064],[10.440770268000051,48.80948174100007],[10.441166342000031,48.80848370000007],[10.441194935000055,48.807359559000076],[10.44096459900004,48.80643313400003],[10.440883356000029,48.80606436800008],[10.440040699000065,48.80486781700006],[10.438272521000044,48.80349988000006],[10.433905473000038,48.80117712200007],[10.43240608800005,48.80073248100007],[10.42916505900007,48.80024505600005],[10.425124793000066,48.80107263700006],[10.423328343000037,48.80072067800006],[10.421083753000062,48.79941156900003],[10.420999259000041,48.79821226200005],[10.420313213000043,48.79640182300005],[10.420913694000035,48.79545796700006],[10.422902687000033,48.79443413900003],[10.42403128500007,48.79519034300006],[10.425147706000075,48.795038215000034],[10.426306470000043,48.79388786100003],[10.428825153000048,48.793529773000046],[10.430771579000066,48.793548988000055],[10.429738641000029,48.792164797000055],[10.427711829000032,48.791631496000036],[10.42925217900006,48.79004968900006],[10.431062718000021,48.78981700400004],[10.43174220700007,48.79055486200008],[10.434329472000059,48.78964810900004],[10.43459081900005,48.78760681700004],[10.43408736300006,48.78752558200006],[10.433502249000071,48.78744429600005],[10.431269242000042,48.788144404000036],[10.42984009600002,48.78820646500003],[10.427460900000028,48.78648724800007],[10.42795548600003,48.78335795800007],[10.42830940500005,48.783295235000026],[10.429207748000067,48.78317889900006],[10.428760891000024,48.78165877600003],[10.428366226000037,48.78167650900008],[10.426773954000055,48.781747417000076],[10.42804402300004,48.77870857400006],[10.429501372000061,48.77777422400004],[10.430045592000056,48.77781953300007],[10.429989946000035,48.77866485000004],[10.43173176700003,48.77861197400006],[10.434060837000061,48.776985627000045],[10.43426596300003,48.77623032900004],[10.433980381000026,48.77611324900005],[10.431940626000028,48.775221704000046],[10.429625151000039,48.776866],[10.43013191600005,48.774564088000034],[10.428799730000037,48.77372688600008],[10.430270507000046,48.77280153100003],[10.432001394000054,48.77068923000007],[10.428519823000045,48.76976975500003],[10.427795010000068,48.772296339000036],[10.427562521000027,48.77309657200004],[10.425222015000031,48.77329287100008],[10.425113417000034,48.77313092300005],[10.424149606000071,48.771718357000054],[10.423292520000075,48.77168179700004],[10.421725752000043,48.77301168000008],[10.421208017000026,48.77345197600005],[10.420909448000032,48.77298412400006],[10.420407270000055,48.772228347000066],[10.417848569000057,48.77273009900006],[10.420306723000067,48.77546578500005],[10.420114960000035,48.77623905400003],[10.418223371000067,48.776390562000074],[10.41676723300003,48.77651538500004],[10.415408355000068,48.775480155000025],[10.415519286000062,48.77428415800006],[10.415740992000053,48.77197310500003],[10.414149020000025,48.772043832000065],[10.413101313000027,48.77208798400005],[10.41303640700005,48.77034327700005],[10.417717795000044,48.769609407000075],[10.416786836000028,48.76506722400006],[10.418583216000059,48.764645880000046],[10.418040897000026,48.76356631800007],[10.418218813000067,48.76292794300008],[10.422087551000061,48.75950438000007],[10.422605101000045,48.759082070000034],[10.427162871000064,48.758329735000075],[10.427790366000067,48.75710709600003],[10.428186612000047,48.75588430500005],[10.424415623000073,48.75659704200007],[10.423983379000049,48.75621425200006],[10.424637975000053,48.755090574000064],[10.423619851000069,48.75385784000008],[10.423158317000059,48.75329995700008],[10.420901064000077,48.75305556300003],[10.420057777000068,48.75309992500007],[10.42000222200005,48.75380133800007],[10.418655779000062,48.75380036100006],[10.418167027000038,48.75328740300006],[10.417123162000053,48.75131716700008],[10.41720613900003,48.75050786200006],[10.418348724000055,48.75037381200008],[10.418949184000041,48.749124229000074],[10.422565805000033,48.749594441000056],[10.423069504000068,48.74926205100007],[10.423097292000023,48.74826825000008],[10.422522098000059,48.74795853000006],[10.417736327000057,48.74819303100003],[10.416176716000052,48.74810596900005],[10.41655817800006,48.74770157300003],[10.417116170000043,48.74744119500008],[10.419755836000036,48.746516857000074],[10.420449545000054,48.74640044700004],[10.421732256000041,48.74688725100003],[10.424286722000033,48.746936608000055],[10.425223981000045,48.74577134200007],[10.423689357000057,48.74423448200008],[10.426925351000023,48.74441745200005],[10.427279660000067,48.74390508700003],[10.427783815000055,48.743203967000056],[10.42874981500006,48.742808901000046],[10.43231366200007,48.74184888500008],[10.43485723300006,48.74116694200006],[10.43236083000005,48.74011435700004],[10.430741535000038,48.738241757000026],[10.431803341000034,48.73730715200003],[10.432754936000038,48.73738866700006],[10.43596319900007,48.737660349000066],[10.43560758600006,48.739260881000064],[10.437390227000037,48.73808382800007],[10.439877456000033,48.73876866200004],[10.43873691400006,48.737545004000026],[10.440345662000027,48.73393073600005],[10.44104651400005,48.73298117600007],[10.443075875000034,48.73238263200005],[10.443811154000059,48.731069594000076],[10.442732592000027,48.73066931100004],[10.44342462800006,48.729413359000034],[10.446590263000076,48.72978819800005],[10.447883535000074,48.72804419700003],[10.449633878000043,48.73112056300005],[10.450064919000056,48.73498769500003],[10.45073125500005,48.73481712800003],[10.454647666000028,48.733730655000045],[10.456096887000058,48.73430992700003],[10.457567007000023,48.73522267700008],[10.460140434000039,48.73610540100003],[10.461704263000058,48.73594164200006],[10.46308172700003,48.73552564800008],[10.464281234000055,48.735137085000076],[10.464381437000043,48.734705258000076],[10.463049204000072,48.733814702000075],[10.461676734000037,48.733040849000076],[10.46064410300005,48.732348037000065],[10.458511127000065,48.73076451600008],[10.457410682000045,48.72999970600006],[10.455739515000062,48.72904581000006],[10.456433275000052,48.728497520000076],[10.457738019000033,48.72874982400003],[10.461489236000034,48.729470615000025],[10.461761342000045,48.72917394500007],[10.462781732000053,48.72803219900004],[10.464956863000054,48.727736142000026],[10.46544870100007,48.72423808000008],[10.462295066000024,48.72456079700004],[10.462052166000035,48.72230351400003],[10.466605807000064,48.72165749200008],[10.467598126000041,48.72144195800007],[10.46735360200006,48.72126203000005],[10.465492622000056,48.719804632000034],[10.467993815000057,48.71910394100007],[10.468306460000065,48.71901410300006],[10.468185120000044,48.71752126300004],[10.468104168000025,48.716621960000055],[10.468457602000058,48.71647817600007],[10.468607127000041,48.71642426100004],[10.469314067000028,48.71601079000004],[10.47021135600005,48.71542650300006],[10.47120396400004,48.714482522000026],[10.473664773000053,48.71241479300005],[10.47373224200004,48.71197923100004],[10.481641374000048,48.71258726000008],[10.482447824000076,48.71081031300008],[10.48158789300004,48.71027611000005],[10.482294797000066,48.709412920000034],[10.483382300000073,48.70806417400007],[10.482146279000062,48.70682298300005],[10.483528291000027,48.70524283000003],[10.481889245000048,48.704671535000045],[10.48016298500005,48.706498569000075],[10.478868999000042,48.70604149800005],[10.479225787000075,48.704996949000076],[10.477839999000025,48.70485279700006],[10.474483675000045,48.70560746700005],[10.471250460000022,48.70478833800007],[10.471509766000054,48.70281000400007],[10.473694129000023,48.702671258000066],[10.476958231000026,48.70195695900003],[10.480260346000023,48.70015905200006],[10.480057161000047,48.698702197000046],[10.479542570000035,48.69479927400005],[10.48386167600006,48.696580538000035],[10.487257767000074,48.69666191300007],[10.48753524600005,48.69574357700003],[10.486328529000048,48.69245997500008],[10.485595622000062,48.69160333000008],[10.48713691100005,48.69134722500007],[10.49110326300007,48.69069114900003],[10.49164662000004,48.69043040400004],[10.495748779000053,48.68843426700005],[10.495083373000057,48.687247210000066],[10.492547152000043,48.68605696100008],[10.491063135000047,48.68730990800003],[10.490132215000074,48.68674201400006],[10.489012628000069,48.68574500400007],[10.48707068400006,48.68625632100003],[10.485690500000032,48.68725546100006],[10.481746283000064,48.68649942900004],[10.481465641000057,48.684256909000055],[10.480689915000028,48.68317181500004],[10.48119113100006,48.68211093200006],[10.480987695000067,48.681418466000025],[10.480729742000051,48.68123856900007],[10.480213846000026,48.68086978100007],[10.478150027000027,48.68008703700008],[10.477026499000033,48.67960216500006],[10.47504415900005,48.677688782000075],[10.469408392000048,48.67405993400007],[10.464998023000021,48.67053354300003],[10.454190512000025,48.670610543000066],[10.452847056000053,48.66989956800006],[10.454084463000072,48.66788575500004],[10.452088629000059,48.667983829000036],[10.449172635000025,48.66515887400004],[10.446728294000025,48.665814183000066],[10.441853368000068,48.66680990900005],[10.441380465000066,48.66493021900004],[10.438705797000068,48.66514459500007],[10.438611380000054,48.66465894600003],[10.438557440000068,48.664371155000026],[10.436846699000057,48.664550046000045],[10.435149521000028,48.66472891800004],[10.433575137000048,48.66444921900006],[10.432815406000032,48.66408906000004],[10.432751179000036,48.66144521900003],[10.431149117000075,48.661624087000064],[10.42941127000006,48.66182083100006],[10.428867531000037,48.66233305800006],[10.428757985000061,48.66298044900003],[10.428362972000059,48.66388844000005],[10.427941925000027,48.66403204800008],[10.42650333000006,48.66377032200006],[10.424807723000072,48.66292388800008],[10.424455051000052,48.662743798000065],[10.42427863200004,48.66270770800003],[10.42347804600007,48.66249133800005],[10.421577440000021,48.66256195200003],[10.419771290000028,48.66297431700008],[10.419335309000076,48.663927210000054],[10.41657974800006,48.66379028500006],[10.41641891200004,48.66258516500005],[10.415210365000064,48.66280006900007],[10.414870879000034,48.66286275700003],[10.413174962000028,48.66232189200008],[10.412239267000075,48.661781604000055],[10.411913880000043,48.661556534000056],[10.411507163000067,48.66126845000008],[10.410638818000052,48.66103394800007],[10.409837055000025,48.661500911000076],[10.409727743000076,48.66249748100006],[10.409560887000055,48.66401859400003],[10.407932338000023,48.663756472000046],[10.407384043000036,48.666534711000054],[10.408456213000022,48.66671545100007],[10.408876938000049,48.66678773700005],[10.408753304000072,48.66756099500003],[10.40869847600004,48.66783971900003],[10.41101942000006,48.66818332100007],[10.412186676000033,48.668364101000066],[10.415809677000027,48.669490978000056],[10.41478894000005,48.67090203200007],[10.41643024700005,48.671802537000076],[10.41758328700007,48.67242388600005],[10.419116791000022,48.67289262800006],[10.419306776000042,48.67295571400007],[10.420027746000073,48.67213791200004],[10.420653371000071,48.671490895000034],[10.421047540000075,48.67123039200004],[10.421686067000053,48.67098804500006],[10.42221574000007,48.670889499000054],[10.422622986000022,48.67093474600006],[10.424441701000035,48.671349657000064],[10.425174300000037,48.67172784100006],[10.425865754000029,48.67238476300008],[10.426109293000025,48.67295145800006],[10.426527262000036,48.67490312600006],[10.423855511000056,48.675248889000045],[10.422836734000043,48.675409201000036],[10.423394360000032,48.677208335000046],[10.423479151000038,48.67812204400008],[10.422744214000033,48.67937780500006],[10.424468920000038,48.67932188700007],[10.423110992000034,48.68002659500007],[10.421520776000023,48.680879781000044],[10.418720957000062,48.68227162300008],[10.419679813000073,48.682742191000045],[10.422574801000053,48.68416283000005],[10.42216029900004,48.68858692200007],[10.422781643000064,48.69075458800006],[10.424450445000048,48.69196974700003],[10.426519975000076,48.69157194100006],[10.42712528100003,48.69054447500008],[10.427257346000033,48.68874580100004],[10.426612083000066,48.68768896200004],[10.42691669100003,48.68684558000007],[10.429070872000068,48.687148077000074],[10.429635277000045,48.68602537800007],[10.431416714000022,48.68667366500006],[10.434635232000062,48.687608295000075],[10.435236976000056,48.68909333900007],[10.43493968200005,48.68970124100008],[10.433797405000064,48.690689759000065],[10.437006119000046,48.69098040500006],[10.437393747000044,48.693101881000075],[10.437352360000034,48.69359645500003],[10.437283619000027,48.69423489700006],[10.437106333000031,48.694774358000075],[10.436657466000042,48.69523273000004],[10.43521583200004,48.69652684700003],[10.433639008000057,48.69728130200008],[10.432850578000057,48.69765852200004],[10.432072406000032,48.69828200900008],[10.431747642000062,48.69949236200006],[10.430345859000056,48.69916129000006],[10.429771439000035,48.69868506300003],[10.429413208000028,48.697852073000035],[10.429054714000074,48.697209427000075],[10.428408865000051,48.69644762900003],[10.425931029000026,48.69501841200008],[10.424824899000043,48.695773906000056],[10.423772180000071,48.696539716000075],[10.420252806000065,48.69472896100007],[10.417229849000023,48.697034692000045],[10.413585646000058,48.69864339600008],[10.411644491000061,48.697814539000035],[10.408871360000035,48.69879250400004],[10.408437822000053,48.69816265800006],[10.407786958000031,48.697523637000074],[10.407204033000028,48.69688467000003],[10.40653941000005,48.69635354300004],[10.40788776900007,48.694502175000025],[10.40538876900007,48.69427972200003],[10.404383752000058,48.69418446900005],[10.403175530000055,48.69381472200007],[10.402319399000021,48.69399382600005],[10.400502214000028,48.69250842000008],[10.398847854000053,48.69115802400006],[10.39924406700004,48.69004329300003],[10.393608991000065,48.68920858700005],[10.392032311000037,48.68716085600005],[10.391742803000056,48.68557587600003],[10.392809853000074,48.684920515000044],[10.393113136000068,48.684264118000044],[10.391978734000077,48.68330096700004],[10.391939549000028,48.68259950300006],[10.391861801000061,48.68091780600008],[10.392026875000056,48.67996474900008],[10.392272744000024,48.67931751900005],[10.392464030000042,48.67878714100004],[10.392695951000064,48.678301764000025],[10.392777784000032,48.67813997600007],[10.390093766000064,48.677565568000034],[10.391174801000034,48.67613905400003],[10.390818839000076,48.674663542000076],[10.386757991000025,48.67408733000008],[10.387051626000073,48.67249461600005],[10.389135405000047,48.67242533700005],[10.389711702000056,48.67088894400007],[10.389755426000022,48.669567080000036],[10.388918887000045,48.66981551400005],[10.389569107000057,48.668222040000046],[10.389421374000051,48.667201704000036],[10.387180336000029,48.66761310700008],[10.38684222300003,48.66705522500007],[10.386339547000034,48.66720758400004],[10.385578918000022,48.667359676000046],[10.38427527500005,48.66749321300006],[10.383693576000042,48.66662032800008],[10.379998270000044,48.667677516000026],[10.378685757000028,48.666454214000055],[10.37628711700006,48.664220303000036],[10.373591781000073,48.66305837600004],[10.371781166000062,48.66319905700004],[10.370140313000036,48.66314317000007],[10.368441434000033,48.66387855800008],[10.366884501000072,48.66232998500004],[10.366569767000044,48.66179389900003],[10.36648615100006,48.660851603000026],[10.366791747000036,48.65942440500004],[10.365721939000025,48.65665364200004],[10.364686937000045,48.65690934600008],[10.364473840000073,48.655411823000065],[10.361803832000021,48.65539257700004],[10.361894795000069,48.65370816800004],[10.361222661000056,48.653186660000074],[10.361128680000036,48.65282684300007],[10.359365023000066,48.65360518600005],[10.35620244300003,48.65443387600004],[10.351017332000026,48.65467686100004],[10.351097614000025,48.65621159800003],[10.352779630000043,48.65801374600005],[10.351460927000062,48.65868642800007],[10.350636679000047,48.659208515000046],[10.349515061000034,48.66023951300008],[10.347967480000023,48.66027337400004],[10.34825199100004,48.661884572000076],[10.349195593000047,48.663370529000076],[10.347902556000065,48.66336876500003],[10.347321119000071,48.66575940200005],[10.348291982000035,48.665427634000025],[10.350267391000045,48.66547790100003],[10.351883032000046,48.66571799700006],[10.350797699000054,48.66693169700005],[10.35034037500003,48.669539188000044],[10.348873686000047,48.66987981900007],[10.349299278000046,48.67165059100006],[10.348176765000062,48.67219154000003],[10.348302623000052,48.67330522100008],[10.345971794000036,48.67421566200005],[10.347606431000031,48.67588397600008],[10.34778036800003,48.67671153500004],[10.34717349400006,48.67846462800003],[10.347422983000058,48.67910738300003],[10.345622190000029,48.68071926500005],[10.341755331000059,48.683834268000055],[10.340258191000032,48.68482131600007],[10.338856209000028,48.68576352000008],[10.338215164000076,48.68658092000004],[10.336787138000034,48.68767893100005],[10.338683591000063,48.687967221000065],[10.337429497000073,48.689021808000064],[10.335490079000067,48.68867633000008],[10.333243838000044,48.68978650100007],[10.330282533000059,48.690741682000066],[10.326574274000052,48.69078091700004],[10.324172719000046,48.69005772600008],[10.32346939100006,48.689238276000026],[10.323786505000044,48.68793484100007],[10.321004709000022,48.68724694900004],[10.319749523000041,48.68877367400006],[10.319328174000077,48.68885392400006],[10.318214732000058,48.68877117200003],[10.31740006800004,48.688697895000075],[10.31861622200006,48.68673049100005],[10.318650654000066,48.68477913900006],[10.318302277000043,48.68351060500004],[10.317503170000066,48.68293376500003],[10.315651510000066,48.68417169300005],[10.313147612000023,48.68547144400003],[10.312402269000074,48.685047532000056],[10.312184276000039,48.685227017000045],[10.311653147000072,48.68560380900004],[10.310809077000044,48.686123949000034],[10.310400547000029,48.68640202500006],[10.309870058000058,48.68660795000005],[10.309244458000023,48.68682270100004],[10.30840087200005,48.68720793400007],[10.307597699000041,48.68767416400004],[10.307475675000035,48.68761999700007],[10.306215314000042,48.68692536900005],[10.304263779000053,48.68586980300006],[10.303269938000028,48.68646156300008],[10.302657199000066,48.68684716100006],[10.30137743900002,48.68760026500007],[10.303958470000055,48.68748794600003],[10.302855171000033,48.68826835600004],[10.302296042000023,48.68882490900006],[10.301859397000044,48.689318729000036],[10.301504642000054,48.68971377300005],[10.30110994200004,48.68991090700007],[10.300647878000063,48.689973027000065],[10.300158906000036,48.68997214800004],[10.29922171000004,48.68997045800006],[10.29847452000007,48.690005075000045],[10.29782173600006,48.690201728000034],[10.297277607000069,48.690398576000064],[10.296678881000048,48.69065826900004],[10.296188396000048,48.69101707800007],[10.29549359300006,48.69151040000003],[10.294596130000059,48.69174255400003],[10.294339268000044,48.691454312000076],[10.293906783000068,48.69094092600005],[10.292015966000065,48.69159386900003],[10.292405540000061,48.69261077300007],[10.29014373700005,48.69422521100006],[10.286518198000067,48.69701504000005],[10.28388876200006,48.69872756800004],[10.28324482100004,48.69994932700007],[10.282522166000035,48.70097678500008],[10.280838123000024,48.70137320500004],[10.27721284300003,48.701794274000065],[10.275570548000076,48.70247621800007],[10.268706813000051,48.70354711900006],[10.268116476000046,48.701573444000076],[10.268556398000044,48.69889281700006],[10.270509049000054,48.69373555400006],[10.271590313000047,48.69087928700003],[10.27303977500003,48.68589131200008],[10.27095124300007,48.685248544000046],[10.266801507000025,48.683962947000055],[10.26468806500003,48.68288836000005],[10.26876291700006,48.67989337200004],[10.264880419000065,48.67961543900003],[10.26148119100003,48.680489469000065],[10.256347050000045,48.68066716800007],[10.256188639000072,48.679758562000075],[10.255371664000052,48.67749061600006],[10.259097986000029,48.67523176800006],[10.26061517200003,48.67355050200007],[10.26238784000003,48.67249790000005],[10.264848610000058,48.67214249300008],[10.25757681400006,48.669032756000036],[10.255504702000053,48.66722133800005],[10.254667644000051,48.66629325400004],[10.254600218000064,48.666203179000036],[10.254379812000025,48.66414339000005],[10.255075772000055,48.66342552200007],[10.255757279000022,48.66287847600006],[10.256410901000038,48.66247524700003],[10.257186596000054,48.662090266000064],[10.258328705000054,48.661724064000055],[10.259456689000046,48.66146573000003],[10.260014088000048,48.66129607700003],[10.260707980000063,48.66097384300008],[10.262095736000049,48.66032936200003],[10.262517503000026,48.66013242900004],[10.263020492000066,48.65998063100005],[10.263713211000038,48.65989218200008],[10.26402519900006,48.65993780900004],[10.264744282000038,48.660011276000034],[10.265462717000048,48.66021962500008],[10.266623163000077,48.65883721800003],[10.262200326000027,48.658369211000036],[10.262355428000035,48.65718252700003],[10.262442043000021,48.65612159300008],[10.262470110000038,48.65593281000008],[10.261210572000039,48.65588799400007],[10.259511675000056,48.65582752100005],[10.259529865000047,48.65489233800008],[10.260389791000023,48.65484952400004],[10.26163931900004,48.654787300000066],[10.262991792000037,48.65471993400007],[10.263144545000046,48.65400985100007],[10.26321420000005,48.653641306000054],[10.264871466000045,48.65334807700003],[10.26721883700003,48.65305649100003],[10.26754758900006,48.65189133600006],[10.270384297000021,48.651921034000054],[10.268499767000037,48.64799132200005],[10.268310237000037,48.646601942000075],[10.269931266000071,48.64634119700003],[10.270230782000056,48.64678436000003],[10.271972364000021,48.64701419000005],[10.27206525500003,48.647464005000074],[10.272355911000034,48.649155190000045],[10.273647010000047,48.648762161000036],[10.273785434000047,48.64817793100008],[10.274449325000035,48.64548153900006],[10.276295401000027,48.64536837400004],[10.276091192000024,48.64665358500008],[10.277770973000031,48.64678544100008],[10.278634517000057,48.646387452000056],[10.280522997000048,48.646770650000065],[10.280335807000029,48.64614979900006],[10.279253029000074,48.64252368600006],[10.279528809000055,48.64155304900004],[10.280048979000071,48.64054692800005],[10.281584789000021,48.63998343800006],[10.285052084000029,48.63833560100005],[10.283566456000074,48.63678601500004],[10.284109484000055,48.63671513300005],[10.289430977000052,48.63604193700007],[10.289545614000076,48.63463034600005],[10.291134432000035,48.63429163700005],[10.294691154000077,48.63378570900005],[10.296510056000045,48.63356425000006],[10.296167248000074,48.63118962800007],[10.297783091000042,48.62756865600005],[10.297219527000038,48.62608388600006],[10.298700499000063,48.62550208000005],[10.299909741000022,48.62501868100003],[10.299056552000025,48.62468442100004],[10.297810682000033,48.62418757800003],[10.308776133000038,48.61744767400006],[10.313907737000022,48.61452202900006],[10.322578557000043,48.609437617000026],[10.323094952000076,48.609132705000036],[10.322459135000031,48.608718045000046],[10.321309211000028,48.60798782400008],[10.318774912000038,48.607615028000055],[10.318197045000034,48.60622028200004],[10.318957297000054,48.60596974300006],[10.32073566300005,48.60539712900004],[10.320212233000063,48.60393953800008],[10.318910206000055,48.60404532600006],[10.314664750000077,48.604460946000074],[10.310893641000064,48.604913182000075],[10.308534081000062,48.60499006300006],[10.30796460700003,48.604989078000074],[10.30686630200006,48.60499616200008],[10.307219067000062,48.60150778700006],[10.305185128000062,48.60156717700005],[10.305096629000047,48.603356477000034],[10.30501330100003,48.60385090400007],[10.302899524000054,48.60468474800007],[10.30156386300007,48.60521160500008],[10.298826180000049,48.60490992700005],[10.297108769000033,48.603809743000056],[10.297386665000033,48.60219164800003],[10.297851816000048,48.60118536700003],[10.298063801000069,48.59980853600007],[10.295230108000055,48.599779546000036],[10.295201330000054,48.598090264000064],[10.295742562000044,48.59732991900006],[10.295856542000024,48.59580744600004],[10.29517560100004,48.59276374500007],[10.293114313000046,48.58976552100006],[10.296655638000061,48.58891781800003],[10.303424146000054,48.58436201600006],[10.304752751000024,48.58426545100008],[10.306253487000049,48.58177726400004],[10.307288694000022,48.58045722700007],[10.30912448500004,48.57885980800006],[10.310082235000039,48.57651451500004],[10.308647453000049,48.57609841000004],[10.309301831000028,48.57509242400005],[10.310787701000038,48.57281098200008],[10.309787108000023,48.57226974400004],[10.31300460600005,48.56712277100007],[10.313267358000076,48.56572944800007],[10.313632807000033,48.55872528200007],[10.313154237000049,48.55635058900003],[10.314183926000055,48.55628937700004],[10.313643931000058,48.55581189500003],[10.310363060000043,48.55307276600007],[10.30959327000005,48.552495959000055],[10.30916185600006,48.551982674000044],[10.308146256000043,48.55192696800003],[10.307700574000023,48.55160248400006],[10.307568146000051,48.55083793800003],[10.304899110000065,48.55105806700004],[10.304428424000037,48.55022098500007],[10.304214754000043,48.549465283000075],[10.304040350000037,48.549051345000066],[10.303636075000043,48.54854708000005],[10.303000995000048,48.548186274000045],[10.302382890000047,48.54698025300007],[10.30465129700002,48.54529379400003],[10.302742268000031,48.54518250600006],[10.300846790000037,48.54507121100005],[10.301522678000026,48.542042147000075],[10.301674519000073,48.54133205800008],[10.304002338000032,48.538278957000045],[10.30155617400004,48.53713263000003],[10.303183365000052,48.52982514900003],[10.30593519100006,48.52892183100005],[10.309630231000028,48.52912606700005],[10.312374783000053,48.53007489600003],[10.313806190000037,48.52747867200003],[10.31483871200004,48.52650928700007],[10.310290491000046,48.52643864300006],[10.309262094000076,48.52632897400008],[10.31202316200006,48.52294378300007],[10.30230953000006,48.51924112900008],[10.296265004000077,48.516936359000056],[10.295883522000054,48.51753810500003],[10.286794508000071,48.516091277000044],[10.285615719000077,48.517890590000036],[10.278226326000038,48.51609452400004],[10.277559722000035,48.51705320600007],[10.275774700000056,48.516716908000035],[10.272975510000038,48.516189678000046],[10.272508981000044,48.51755547100004],[10.269419910000067,48.51822346300003],[10.266243410000072,48.517344596000044],[10.265219417000026,48.51919473800007],[10.264661577000027,48.51979600400006],[10.261091359000034,48.51915893000006],[10.257462407000048,48.51946575000005],[10.253880765000076,48.51843277800003],[10.254631278000033,48.517220552000026],[10.255477214000052,48.51586466400005],[10.252682297000035,48.51454565300003],[10.251729405000049,48.51563152600005],[10.250776425000026,48.51672638200006],[10.249831598000071,48.51622071000003],[10.250694120000048,48.51428942300004],[10.248894900000039,48.51391378500006],[10.247165599000027,48.51355308400008],[10.248273718000064,48.51124472500004],[10.247056647000022,48.51107110700008],[10.245511942000064,48.51144521900005],[10.243804582000053,48.511863893000054],[10.242016516000035,48.512183443000026],[10.240379967000024,48.51199978000005],[10.239757782000027,48.511935376000054],[10.237038419000044,48.51178508000004],[10.23468133700004,48.51221105900004],[10.230779588000075,48.51051118300006],[10.233787065000058,48.509925002000045],[10.237966397000037,48.50782191500008],[10.236887381000031,48.50716295700005],[10.231602957000064,48.508436086000074],[10.226631163000036,48.506994227000064],[10.228049715000054,48.504974581000056],[10.231752905000064,48.50584292700006],[10.233163389000026,48.50582882700007],[10.23450067500005,48.50561067700005],[10.234691577000035,48.50534138300003],[10.240329607000035,48.506585131000065],[10.240825951000033,48.506158062000054],[10.241043486000024,48.50564469300008],[10.24247267800007,48.50009961100005],[10.23750668300005,48.50019584100005],[10.240380324000057,48.494106258000045],[10.24140630100004,48.49195965300004],[10.239583587000027,48.49129898600006],[10.238516999000069,48.49090982900003],[10.237248777000048,48.49028640000006],[10.236129869000024,48.489573396000026],[10.23544331000005,48.48896032500005],[10.227748096000028,48.48868089500007],[10.225462509000067,48.488603312000066],[10.217915369000025,48.48846743200005],[10.202594419000036,48.48285885200005],[10.19896658700003,48.48152989100004],[10.194904669000039,48.480080102000045],[10.191072328000075,48.47872072200005],[10.184676608000075,48.47644577900007],[10.18067968500003,48.475526159000026],[10.180098201000021,48.47552447800007],[10.182944425000073,48.473814170000026],[10.176413082000067,48.47136864400005],[10.177707304000023,48.47042081300003],[10.18452449800003,48.47291466000007],[10.186002988000041,48.47111080800005],[10.181254371000023,48.46962222700006],[10.18460095000006,48.467211219000035],[10.183457597000029,48.46639309100004],[10.17702594900004,48.469760937000046],[10.17546022700003,48.469391261000055],[10.176249480000024,48.469060511000066],[10.176217329000053,48.468513243000075],[10.175611219000075,48.46820219400007],[10.174647377000042,48.467890089000036],[10.175507211000024,48.46770229400005],[10.175689981000062,48.46732031400006],[10.176840115000061,48.46630257700008],[10.177365655000074,48.46541001700007],[10.177862981000033,48.46380198300005],[10.172772750000036,48.462788974000034],[10.172981914000047,48.46183649200003],[10.173272303000033,48.46086626600004],[10.172711933000073,48.45964790100004],[10.171846421000055,48.457786948000034],[10.16433888000006,48.458501710000064],[10.160457290000068,48.45875960200004],[10.155500907000032,48.458060912000064],[10.154204470000025,48.45738075400004],[10.141678110000043,48.45651296500006],[10.133895409000047,48.45487141700005],[10.133531515000072,48.45554353500006],[10.132423882000069,48.455397117000075],[10.131514892000041,48.45736866800007],[10.127768833000061,48.45695232200006],[10.125248259000045,48.461026195000045],[10.123319170000059,48.46070560900006],[10.120955352000067,48.46663556900006],[10.117251760000045,48.46813587200006],[10.119073641000057,48.47307421100004],[10.116527665000035,48.47355095900008],[10.11736673200005,48.47538756900008],[10.114353871000048,48.47589272700003],[10.11251018400003,48.476210682000044],[10.107868633000066,48.47700876000005],[10.105026946000066,48.477504356000054],[10.10343259800004,48.475349107000056],[10.10351690400006,48.47255483200007],[10.101387984000041,48.47285002400008],[10.100575647000028,48.47050350400008],[10.096540637000032,48.47043175700003],[10.096419621000052,48.469489217000046],[10.093455626000036,48.468954748000044],[10.094376749000048,48.46712384400007],[10.09231502800003,48.46747577100007],[10.090357396000059,48.46755860500008],[10.090245882000033,48.46634432600007],[10.086422761000051,48.46596143600004],[10.087154247000058,48.46348839800004],[10.083951825000042,48.462391496000066],[10.074967593000054,48.46010942700008],[10.071183627000039,48.45841339000003],[10.070846070000073,48.45836712200003],[10.065068021000059,48.45748135000008],[10.064009813000041,48.456389202000025],[10.059621485000037,48.45583231400008],[10.062398114000075,48.45734093600004],[10.061953692000031,48.458053505000066],[10.057808152000064,48.45754246400003],[10.054533584000069,48.45702174300004],[10.051169439000034,48.45724603700006],[10.049127285000054,48.45761837100008],[10.046432010000046,48.45730512800003],[10.046295309000072,48.458161017000066],[10.042817218000039,48.458317978000025],[10.041260859000033,48.45951056100006],[10.039044314000023,48.45787408500007],[10.039128632000029,48.45969447500005],[10.03402668800004,48.45778054800007],[10.03269444600005,48.45719644800005],[10.032188203000032,48.45555895900003],[10.03178246300007,48.45424647600004],[10.030887521000068,48.453586071000075],[10.035151358000064,48.45200538200004],[10.035887671000069,48.45129476900007],[10.036203226000055,48.449697394000054],[10.03545005500007,48.44766730900005],[10.036870694000072,48.447187953000025],[10.037392902000022,48.446419340000034],[10.037142739000046,48.44564749300008],[10.038226774000066,48.44445300700005],[10.035274557000037,48.443555641000046],[10.03466544400004,48.44443806900006],[10.033448779000025,48.443921534000026],[10.031687310000052,48.44378571800007],[10.030252219000033,48.44167172500005],[10.028480786000046,48.43997508800004],[10.028050577000045,48.43691872800008],[10.031258196000067,48.436383901000056],[10.032818593000059,48.43570715800007],[10.033774012000038,48.43470415000007],[10.034854838000058,48.43329704700005],[10.037522556000056,48.434099493000076],[10.037450407000051,48.43579970800005],[10.040789679000056,48.43439185400007],[10.038850224000043,48.433727401000056],[10.039860538000028,48.43261667400003],[10.04092577700004,48.43140726100006],[10.04159487000004,48.43065475800006],[10.042183244000057,48.429992104000064],[10.042414153000038,48.429732038000054],[10.040810837000038,48.429257832000076],[10.039395928000033,48.42886531100004],[10.037995316000035,48.42839190900003],[10.036675192000075,48.42798176700006],[10.035006236000072,48.42731838200007],[10.033512002000066,48.42675461500005],[10.032166919000076,48.426137511000036],[10.030929942000057,48.425520850000055],[10.029680005000046,48.42485017200005],[10.028295710000066,48.42410697500003],[10.026844872000026,48.42326457000007],[10.025596182000072,48.422476963000065],[10.024198858000034,48.421697694000045],[10.022882712000069,48.42090976600008],[10.021849649000046,48.42018598900006],[10.020802318000051,48.41954306200006],[10.019782293000048,48.41887327000006],[10.01881588200007,48.418248660000074],[10.017958169000053,48.417561576000026],[10.017370257000039,48.41691163000007],[10.017065461000072,48.416316867000035],[10.016841799000076,48.415713468000035],[10.016782523000074,48.414877012000034],[10.016859016000069,48.41396922000007],[10.016843187000063,48.412836241000036],[10.016920740000046,48.411820558000045],[10.016963277000059,48.41024726100005],[10.017030069000043,48.408952802000044],[10.016922814000054,48.40750473000003],[10.016796294000073,48.40664101100003],[10.01647851000007,48.406001237000055],[10.016014686000062,48.40510906600008],[10.01527948200004,48.404350573000045],[10.014408917000026,48.40362744400005],[10.013470148000067,48.402975939000044],[10.012422579000031,48.40240486700003],[10.010998674000064,48.401661285000046],[10.003750448000062,48.39871577400004],[9.996151891000068,48.395786172000044],[9.99325715200007,48.39500866700007],[9.992314915000065,48.39473460100004],[9.991131085000063,48.39432454400003],[9.989868428000023,48.39370731200006],[9.988946209000062,48.39281291200007],[9.988134183000057,48.391712218000066],[9.987522142000046,48.39085521100003],[9.986778806000075,48.38964693200006],[9.986223262000067,48.388556408000056],[9.98566642000003,48.38759175400003],[9.985000481000043,48.386734483000055],[9.984912613000063,48.386104688000046],[9.984091223000064,48.385912037000026],[9.983140080000055,48.385224255000026],[9.982013304000077,48.384553624000034],[9.980441622000058,48.38383593200007],[9.978667338000037,48.38313524400007],[9.976933019000057,48.38248866400005],[9.974782658000038,48.38162428900006],[9.973249925000061,48.38106852200008],[9.97183830800003,48.380549278000046],[9.96993436200006,48.37938028700006],[9.969632323000042,48.37860559400008],[9.971299560000034,48.377214467000044],[9.967275615000062,48.37440435700006],[9.968554427000072,48.372216681000054],[9.96942043100006,48.37075529100008],[9.970498404000068,48.36840479300008],[9.972380884000074,48.36651668400003],[9.973309782000058,48.36574973100005],[9.975130853000053,48.36424605800005],[9.976986150000073,48.36320951300007],[9.977741454000068,48.36265859700006],[9.979533679000042,48.36238557000007],[9.981397625000056,48.36238756200004],[9.984127686000022,48.363227539000036],[9.983632323000052,48.36513334800003],[9.982768418000035,48.36802845200003],[9.983797990000028,48.36890837200008],[9.984859232000076,48.36951315200008],[9.987733752000054,48.370626034000054],[9.988449484000057,48.37057540700005],[9.98913916500004,48.37043474400008],[9.989951782000048,48.37015078700006],[9.990223619000062,48.36996323000005],[9.991364920000024,48.36921324200006],[9.992995103000055,48.368159794000064],[9.992906979000054,48.36624428500005],[9.992631836000044,48.364148097000054],[9.993339461000062,48.36356692900006],[9.994987129000037,48.363731666000035],[9.997555383000076,48.363933702000054],[9.998913832000028,48.36374956800006],[9.999597425000047,48.36322931300003],[9.999850870000046,48.36277844800003],[9.999735412000064,48.36219350600004],[9.999486238000031,48.36149107300008],[9.999033234000024,48.36093157200003],[9.997736671000041,48.35974784900003],[9.996723100000054,48.35860136700006],[9.995825227000068,48.357711953000035],[9.99506690800007,48.35648098100006],[9.994822286000044,48.35528090400004],[9.99487070500004,48.35473874200005],[9.995134148000034,48.35411192400005],[9.995954930000039,48.35327517200005],[9.99623071700006,48.35269201600005],[9.996821444000034,48.351651755000034],[9.997606051000048,48.350117871000066],[9.99758070100006,48.348643234000065],[9.998131809000029,48.34751287900008],[9.999365407000028,48.34690709900008],[10.001661894000051,48.34655785900003],[10.002525801000047,48.34648983100004],[10.003237700000057,48.34411942600008],[10.008429092000029,48.34423259500005],[10.009502893000047,48.343401217000064],[10.010403135000047,48.342389241000035],[10.010194366000064,48.34168702100004],[10.009037940000042,48.34000057600008],[10.009738197000047,48.33470804800004],[10.012286806000077,48.33063749100006],[10.015927974000022,48.32783939900003],[10.020407552000052,48.32473915600008],[10.021853193000027,48.32442176500007],[10.022922309000023,48.32400382800006],[10.023372774000052,48.323430364000046],[10.025906005000024,48.32083902000005],[10.028182911000044,48.31530540400007],[10.030505683000058,48.31203369900004],[10.032753653000043,48.30950786600005],[10.035418220000054,48.30708264700007],[10.037835727000072,48.305105867000066],[10.038093290000063,48.30494511400008],[10.039245737000044,48.30420371100007],[10.039740494000057,48.30174233400004],[10.041281240000046,48.30176041000004],[10.043081012000073,48.30044359800007],[10.041960524000046,48.29777771400006],[10.041846350000071,48.29622495900003],[10.04254942700004,48.29422971000008],[10.04405747100003,48.29306560500004],[10.046507005000024,48.29184826900007],[10.050102130000028,48.291634645000045],[10.052334420000022,48.290537950000044],[10.053935290000027,48.28931273300003],[10.05406898800004,48.28816826100007],[10.055231826000067,48.28728806300006],[10.057291236000026,48.28658273100007],[10.059193098000037,48.28436384100007],[10.062200536000034,48.28400549400004],[10.065816520000055,48.28181712300005],[10.065915179000058,48.281323033000035],[10.06592321000005,48.280415023000046],[10.06571701300004,48.279362320000075],[10.066805385000066,48.27813490600005],[10.066569492000042,48.27586837300004],[10.06675298500005,48.274916103000066],[10.06413733200003,48.273671540000066],[10.062409624000054,48.27264232400006],[10.062202412000033,48.27171548200005],[10.063663276000057,48.270261934000075],[10.063638431000072,48.26904868500003],[10.063768849000041,48.26820643000008],[10.063140177000037,48.26621705100007],[10.065981126000054,48.261993139000026],[10.063868081000066,48.26013109400003],[10.061960035000027,48.258129987000075],[10.062250852000034,48.257223115000045],[10.06712151000005,48.25450930000005],[10.069026271000041,48.25376158300003],[10.067589158000033,48.25217147800004],[10.066583751000053,48.24985018800004],[10.06659641400006,48.248629263000055],[10.063896965000026,48.246804850000046],[10.062178881000023,48.24477614400007],[10.062252220000062,48.24368907000007],[10.061568503000046,48.24166713200003],[10.060721236000063,48.24009045500003],[10.061240991000034,48.239157541000054],[10.062923366000064,48.23914625300006],[10.064740637000057,48.23909951300004],[10.064745655000024,48.238533146000066],[10.064645485000028,48.237687666000056],[10.064442205000034,48.23632933400006],[10.064435285000059,48.23559210700006],[10.06464422700003,48.23479280300006],[10.066195102000052,48.23289299800007],[10.070144239000058,48.23062497900003],[10.069475724000029,48.230136895000044],[10.068272414000035,48.229260132000036],[10.068022065000036,48.22865680600006],[10.068053718000044,48.22811751900008],[10.06846762400005,48.22695041800006],[10.068975610000052,48.225792676000026],[10.069213631000025,48.22473276800008],[10.069454398000062,48.223358215000076],[10.076318738000055,48.22302525300006],[10.078320370000029,48.220237008000026],[10.07784711000005,48.21738532300003],[10.077787718000025,48.21490382600007],[10.07628150000005,48.21174251300005],[10.077004189000036,48.210603554000045],[10.07827951300004,48.20932287000005],[10.081219777000058,48.20949471400007],[10.082690610000043,48.20958064700005],[10.083710628000063,48.20964022900006],[10.08448957500002,48.206595546000074],[10.08519872900007,48.205683339000075],[10.084846374000051,48.20416059400003],[10.08490273800004,48.202263912000035],[10.085258043000067,48.19999977000003],[10.084357784000076,48.19832423200006],[10.083662598000046,48.197845133000044],[10.08377702000007,48.19703646800008],[10.084478520000062,48.18881331000006],[10.085480270000062,48.18799900700003],[10.085121899000058,48.18585805500004],[10.08509895700007,48.185390494000046],[10.085717415000033,48.18219242200007],[10.08748904600003,48.18092252000008],[10.089604425000061,48.17871892900007],[10.090400713000065,48.17671716000007],[10.090181823000023,48.17233829500003],[10.090151093000031,48.17118748400003],[10.090345755000044,48.17040609600008],[10.093082607000042,48.166110150000065],[10.094581757000071,48.16519873300007],[10.095357457000034,48.16401494200005],[10.096545,48.16176287900004],[10.096533776000058,48.161493146000055],[10.095568513000046,48.16085269000007],[10.09480065400004,48.15983265700004],[10.096161234000022,48.15859504600007],[10.09687941900006,48.15771762400004],[10.09685233600004,48.157053387000076],[10.097179935000042,48.15642530800005],[10.09756141300005,48.155779446000054],[10.098316272000034,48.15523752900003],[10.099224350000043,48.15503867000007],[10.100157636000063,48.15392416100008],[10.099003249000077,48.15360920900008],[10.099413526000035,48.15272072600004],[10.099678967000045,48.151591462000056],[10.100516947000074,48.15126151900006],[10.100930326000025,48.150692175000074],[10.100862520000021,48.150287580000054],[10.10123967000004,48.149801352000054],[10.101827853000032,48.14958941800006],[10.102268264000031,48.14857786700003],[10.102482250000037,48.14703242100006],[10.103741107000076,48.145841346000054],[10.104794811000033,48.14342693000003],[10.104307239000036,48.14225652400006],[10.104044544000033,48.14151842900003],[10.104280896000034,48.14052143400005],[10.104891993000024,48.13968760100005],[10.105512826000052,48.13931226900007],[10.106727530000057,48.13857048800003],[10.107753857000034,48.13618292800004],[10.107852950000051,48.13554502200003],[10.107648398000038,48.13424979400003],[10.107558265000023,48.13376403500007],[10.107074311000076,48.13214418500007],[10.108000193000066,48.13054735500003],[10.110626840000066,48.128813351000076],[10.112036302000035,48.12788280600006],[10.112292767000042,48.12771291100006],[10.113063423000028,48.127041415000065],[10.113402913000073,48.12655717700005],[10.113758363000045,48.12574937200003],[10.11390986500004,48.125264472000026],[10.114182202000052,48.12477999600003],[10.114831457000037,48.12417098900005],[10.118353155000023,48.12193591300007],[10.120420115000059,48.120280025000056],[10.122604012000068,48.11695707800004],[10.12443055500006,48.11591681800007],[10.125612067000077,48.11547950600004],[10.132280033000029,48.11420756200005],[10.136247105000052,48.11144305000005],[10.13630657300007,48.11066117000007],[10.136457059000065,48.108459269000036],[10.13753308500003,48.106332347000034],[10.135837861000027,48.10506822700006],[10.135799392000024,48.10482538700006],[10.136661343000071,48.10078304000007],[10.140392398000074,48.09891655900003],[10.14055171800004,48.095474179000064],[10.139644255000064,48.09478801800003],[10.137572215000034,48.09372046000004],[10.138009993000026,48.09266384700004],[10.138680969000063,48.09073967900008],[10.137745797000036,48.086538619000066],[10.136033561000033,48.08442847500004],[10.13402327700004,48.08195075700007],[10.134081880000053,48.07947892400006],[10.135415027000022,48.07697538100007],[10.136008541000024,48.07652789300005],[10.136965130000021,48.07595575600004],[10.137494709000066,48.075734744000044],[10.138672762000056,48.07539507600006],[10.140239031000021,48.07523973700006],[10.141129189000026,48.07515144200005],[10.141733036000062,48.07511745900007],[10.142350295000028,48.07508351600006],[10.143210028000055,48.07490653200006],[10.143507194000051,48.07461984500003],[10.143736707000073,48.07441384100008],[10.143954949000033,48.073911157000055],[10.143905651000068,48.07330872500006],[10.143502739000041,48.07152756800008],[10.142816976000063,48.069916284000044],[10.14161443200004,48.067449347000036],[10.141032405000033,48.06634178500008],[10.140640574000031,48.06490224700008],[10.140739556000028,48.06420142300004],[10.141269024000053,48.063313238000035],[10.141899186000046,48.06245702600006],[10.143260953000038,48.060461212000064],[10.143951500000071,48.059537583000065],[10.143901697000047,48.05900706800003],[10.142961014000036,48.05743991700007],[10.142603424000072,48.056827499000065],[10.142526887000031,48.05628790800006],[10.142737256000032,48.055012152000074],[10.141290799000046,48.054617620000045],[10.139729430000045,48.05378879600005],[10.139156160000027,48.05151269300006],[10.14097089300003,48.050853464000056],[10.141266618000031,48.050746564000065],[10.141227249000053,48.05062957800004],[10.140717307000045,48.04885707900007],[10.141228238000053,48.04680926700007],[10.14125583300006,48.04670149000003],[10.139576034000072,48.04542853800007],[10.138021195000022,48.045405439000035],[10.136846528000035,48.044727383000065],[10.135869913000022,48.04264769800005],[10.134974999000065,48.04040647900007],[10.133974144000035,48.03800310200006],[10.130044027000054,48.03482581800006],[10.128175604000035,48.03377678600003],[10.127655515000072,48.03343344400008],[10.127243460000045,48.032982599000036],[10.127111484000068,48.03271248400006],[10.127156717000048,48.03204746200004],[10.127429903000063,48.031365236000056],[10.130004989000042,48.02920634800006],[10.13343093800006,48.026333736000026],[10.135727945000042,48.023761603000025],[10.135517539000034,48.02264265600007],[10.134941537000032,48.01957919600005],[10.134615711000038,48.01834664800003],[10.134326495000039,48.01759961500005],[10.13380933600007,48.01687878700005],[10.133211275000065,48.01622959600007],[10.132386824000037,48.01539986800003],[10.131041348000053,48.01437961800008],[10.129136260000053,48.01296195400005],[10.127042587000062,48.011696425000025],[10.126325586000064,48.01124819700004],[10.125842627000054,48.010946270000034],[10.125258548000033,48.01024315300003],[10.125182410000036,48.00968559200004],[10.125553835000062,48.008401476000074],[10.124439614000039,48.00695946900004],[10.124148428000069,48.00650004700003],[10.120368206000023,48.00513871000004],[10.119550393000054,48.00349993300006],[10.120942308000053,48.00121885000004],[10.120532445000038,47.99921969800005],[10.121639551000044,47.99828771300008],[10.12118520200005,47.99642253600007],[10.120896939000033,47.99559458500005],[10.119122824000044,47.99468956900006],[10.118299387000036,47.993805818000055],[10.117011003000073,47.992444041000056],[10.114791141000069,47.98862509200006],[10.115690173000075,47.98665975200004],[10.115288557000042,47.983215725000036],[10.115019045000054,47.981722681000065],[10.114466242000049,47.980507284000055],[10.114643785000055,47.98005848300005],[10.115244378000057,47.97857748900003],[10.115457291000041,47.97702322500004],[10.114886797000054,47.976365060000035],[10.114954569000076,47.97625743700007],[10.107388289000028,47.97378377200005],[10.105300724000074,47.97463836900005],[10.10420705100006,47.97435850000005],[10.10154665500005,47.97393538100005],[10.100544053000021,47.973769935000064],[10.097135169000069,47.97321813700006],[10.094836072000021,47.97282314900008],[10.09320708100006,47.972331731000054],[10.09148762500007,47.971453447000044],[10.089902299000073,47.97054867300005],[10.088719085000037,47.969582469000045],[10.087524260000066,47.968409474000055],[10.08687814700005,47.96724752700004],[10.086418527000035,47.96619414300005],[10.086266404000071,47.96582701900007],[10.086011856000027,47.96521286600006],[10.085217758000056,47.96255827300007],[10.084893700000066,47.96130765500004],[10.084673157000054,47.95888893700004],[10.084736960000043,47.95766675800007],[10.084990809000033,47.956121719000066],[10.08580046700007,47.953715903000045],[10.086305012000025,47.95258527800007],[10.086957834000032,47.95132038700007],[10.087609797000027,47.950154362000035],[10.088542308000058,47.949034330000075],[10.089487633000033,47.94797725800004],[10.090579629000047,47.946974658000045],[10.091509411000061,47.94616918400004],[10.092761563000067,47.94520311500003],[10.093811008000046,47.94447896300005],[10.095034843000064,47.94369252900003],[10.096727351000027,47.94284489300003],[10.09839173100005,47.94215891700003],[10.100162788000034,47.94150925800005],[10.101825192000035,47.94105691800007],[10.104733877000058,47.94032143800007],[10.106034181000041,47.93997558500007],[10.10710750000004,47.93957497300005],[10.108222426000054,47.93898574700006],[10.109299829000065,47.938063810000074],[10.11013636000007,47.93714999400004],[10.110449312000071,47.93647699200005],[10.110831892000022,47.93545369700007],[10.111010296000075,47.934879085000034],[10.111041503000024,47.93431293900005],[10.110805501000073,47.933709890000046],[10.110436894000031,47.93296255800004],[10.108842071000026,47.93168054400007],[10.108310956000025,47.93119328200004],[10.108034168000074,47.930679964000035],[10.10798488000006,47.93014948500007],[10.107848326000067,47.92881874600005],[10.107666024000025,47.92819790800007],[10.106688146000067,47.92672033900004],[10.10539054000003,47.92509779900007],[10.105167233000032,47.92459365700006],[10.10504968500004,47.92424269500003],[10.105012802000033,47.923838096000054],[10.105083468000032,47.92336198000004],[10.105288280000025,47.92283241900003],[10.105681149000077,47.922195679000026],[10.106423880000023,47.92128156500007],[10.107379949000062,47.920440118000045],[10.108333064000021,47.91996716600005],[10.10932591900007,47.91953928700008],[10.109221795000053,47.91917939100006],[10.109497232000024,47.91816472000005],[10.109011700000053,47.91700352200007],[10.111105704000067,47.91595938100005],[10.109751687000028,47.91571545200003],[10.108314410000048,47.91557192200003],[10.10980356500005,47.912728747000074],[10.110414155000058,47.91065722700006],[10.106847530000039,47.910047992000045],[10.103795796000043,47.90884157000005],[10.104940459000034,47.90612234000008],[10.10169608600006,47.90563420700005],[10.101539745000025,47.904212003000055],[10.101384738000036,47.90280185200004],[10.101963775000058,47.90061089400007],[10.102301185000044,47.896882118000065],[10.104174066000041,47.893320704000075],[10.103447322000022,47.89062169700003],[10.101799463000077,47.88782047300003],[10.099395543000071,47.88600512600004],[10.095332148000068,47.88515881100005],[10.095551030000024,47.884332062000055],[10.097264675000076,47.88422317900006],[10.098946639000076,47.88411628100005],[10.098949771000036,47.88373005400007],[10.098951267000075,47.883545568000045],[10.100141600000029,47.883236027000066],[10.101680999000052,47.88427882000008],[10.103962985000067,47.882965897000076],[10.10437408000007,47.88335386400007],[10.105458971000076,47.88302523500005],[10.10547216200007,47.88137151900003],[10.105764694000072,47.87987160800003],[10.105768562000037,47.87938627900007],[10.105704629000059,47.879026536000026],[10.105362365000076,47.87838716600004],[10.104834226000037,47.87760331800007],[10.10418119700006,47.877403223000044],[10.101368963000027,47.87657511200007],[10.097922307000033,47.87656248600007],[10.097857459000068,47.87515892400006],[10.098753102000046,47.87430885500004],[10.097787964000076,47.87365471900006],[10.097729187000027,47.87238245300006],[10.096255618000043,47.87125354800003],[10.09159875000006,47.86739847100006],[10.087526323000077,47.86722139500006],[10.085420187000068,47.868157042000064],[10.084385738000037,47.86929456000007],[10.082365889000073,47.86992892400008],[10.080918305000068,47.86975692100003],[10.078852390000065,47.867835428000035],[10.076755534000029,47.86780935100006],[10.077862749000076,47.86641154500006],[10.080315046000067,47.86546829000008],[10.078894432000027,47.864465186000075],[10.079290234000041,47.86346907300003],[10.080391260000056,47.86278125200005],[10.081685383000035,47.86136615600003],[10.080036150000069,47.86055992400003],[10.080727221000075,47.85938518900008],[10.082961688000069,47.85571778100007],[10.084646870000029,47.857000450000044],[10.087966213000072,47.857705070000065],[10.09073158700005,47.85919843100004],[10.09275672800004,47.85978121000005],[10.096290646000057,47.86205023600007],[10.097676153000066,47.862477769000066],[10.100161253000067,47.86401480100005],[10.102078887000062,47.86548261100006],[10.102906550000057,47.86477079300005],[10.10317532700003,47.864565052000046],[10.103549436000037,47.86454843400003],[10.103816194000046,47.86459434100004],[10.10414901300004,47.864730363000035],[10.104456559000027,47.86468653800006],[10.104617333000022,47.86462420600003],[10.104565130000026,47.864471226000035],[10.104277267000043,47.86372420300006],[10.104242304000024,47.86308595000003],[10.104322737000075,47.86137857800003],[10.10429825500006,47.86109987100008],[10.104232702000047,47.86094684300008],[10.104126582000049,47.86085658200005],[10.103354951000028,47.86048528800006],[10.10323591100007,47.86034105300007],[10.103171228000065,47.860080175000064],[10.103362083000036,47.85959553300006],[10.103870708000045,47.85945357600008],[10.104526228000054,47.85931214800007],[10.104834242000038,47.85920541000007],[10.105249234000041,47.859081083000035],[10.105318013000044,47.85882967600003],[10.105324393000046,47.85802979700003],[10.10518273200006,47.85737318500003],[10.10510447300004,47.85713922300005],[10.104839476000052,47.85687762300006],[10.104639887000076,47.85678702400003],[10.10428070000006,47.85661495900007],[10.103681149000067,47.85644202000003],[10.103161940000064,47.85624240700008],[10.102669226000046,47.85606985000004],[10.102165041000035,47.855663571000036],[10.101861381000049,47.85523105800007],[10.101771668000026,47.854763373000026],[10.101775573000054,47.854278054000076],[10.101911563000044,47.85397297000003],[10.100521541000035,47.854129674000035],[10.098266187000036,47.85560436500003],[10.096837997000023,47.85388246300005],[10.098151700000074,47.85325816900007],[10.100023132000047,47.853013383000075],[10.099353490000055,47.851608859000066],[10.095376095000063,47.851396471000044],[10.094495479000045,47.84968555800003],[10.095187451000072,47.84833998400006],[10.094103904000065,47.84696086000008],[10.091604866000068,47.84562138200005],[10.092848662000051,47.843738633000044],[10.09442281500003,47.84388829100004],[10.095578257000057,47.84626529700006],[10.096455853000066,47.847501855000075],[10.097384613000031,47.848318894000045],[10.097651172000042,47.84790644700007],[10.09782948700007,47.847552902000075],[10.097832607000043,47.84716896400005],[10.098665592000032,47.84683940800005],[10.098270300000024,47.84592481400006],[10.09924733300005,47.84493068300003],[10.100240711000026,47.84756768500006],[10.102000174000068,47.849596320000046],[10.103637955000067,47.851831204000064],[10.105034297000032,47.85254628400003],[10.105353399000023,47.85271820200006],[10.105620023000029,47.85277309000003],[10.106753290000029,47.852992879000055],[10.10715465800007,47.85289545900008],[10.107531029000029,47.852582245000065],[10.10818327100003,47.85115555500005],[10.108198354000024,47.849250236000046],[10.110072234000029,47.84697409200004],[10.106433717000073,47.84551223100004],[10.105793704000064,47.84507208600007],[10.102103147000037,47.84343121200004],[10.10277097200003,47.84237432600003],[10.10396269000006,47.841765140000064],[10.104043404000038,47.84120934900005],[10.106399293000038,47.84041797400005],[10.108811057000025,47.840992854000035],[10.109871904000045,47.84020574500005],[10.112845934000063,47.83716955800003],[10.113527813000076,47.83532054700004],[10.115968274000068,47.83217455000005],[10.119201457000031,47.828303291000054],[10.119363061000058,47.828115119000074],[10.120646763000025,47.82779603800003],[10.120610788000022,47.82726565400003],[10.122374291000028,47.827029107000044],[10.12375740300007,47.82681902300004],[10.124017939000055,47.82506025400005],[10.125199168000051,47.822947964000036],[10.126154815000064,47.82264211100005],[10.127388257000064,47.82265961300004],[10.13147,47.82250356900005],[10.131928341000048,47.820087509000075],[10.132617510000046,47.81771798800003],[10.133134098000028,47.81584054800004],[10.132033770000021,47.81550456800005],[10.132328795000035,47.814678472000026],[10.133460304000039,47.81355948600003],[10.13462349100007,47.81380117600003],[10.137789315000077,47.81053022800006],[10.138022984000031,47.809637645000066],[10.131846050000036,47.80961698600004],[10.131833425000025,47.81131554400008],[10.130510790000073,47.811433212000054],[10.128490552000073,47.812301809000076],[10.128015961000074,47.81331576100007],[10.12337721800003,47.812733653000066],[10.119697122000048,47.812424312000076],[10.119609596000032,47.81166008400004],[10.115746516000058,47.810873644000026],[10.115712697000049,47.810073654000064],[10.112258053000062,47.808263976000035],[10.11041542700002,47.80676552400007],[10.110216241000046,47.80664797800006],[10.108782376000022,47.805771081000046],[10.109210250000046,47.80564679200006],[10.111158527000043,47.805572864000055],[10.112518574000035,47.80565858700004],[10.113731815000051,47.805752760000075],[10.114678679000065,47.80579205600003],[10.116151200000047,47.80341561800003],[10.117951702000028,47.804021145000036],[10.119430489000024,47.80371469500005],[10.11901544400007,47.802176426000074],[10.117542709000077,47.80213642900003],[10.116879806000043,47.80062314300005],[10.111068385000067,47.80176194200004],[10.107983701000023,47.800492691000045],[10.105992387000072,47.80097083100003],[10.102696779000041,47.80107571700006],[10.101994589000071,47.80048],[10.097840647000055,47.80312138700003],[10.09626104800003,47.804656427000054],[10.09417933800006,47.80359397500007],[10.094182377000038,47.80322299100004],[10.094017148000034,47.802708934000066],[10.093683742000053,47.80205135300008],[10.091900260000045,47.80444046500003],[10.090134546000058,47.803905188000044],[10.091902459000039,47.801431326000056],[10.089606736000064,47.79837603800007],[10.087892479000061,47.79743442600005],[10.085816591000025,47.797022620000064],[10.085536018000028,47.795484739000074],[10.082837787000074,47.79437801600005],[10.080745767000053,47.79374051900004],[10.077825952000069,47.79350098500004],[10.076474598000061,47.793067732000054],[10.074385579000023,47.79239515000006],[10.074976082000035,47.79041128000006],[10.072189779000041,47.78908473200005],[10.070667999000023,47.788793412000075],[10.068062659000077,47.787948603000075],[10.068525798000053,47.78681609000006],[10.06612195200006,47.78623567000005],[10.064681025000027,47.78588771900007],[10.065069828000048,47.78500470700004],[10.068610898000031,47.78471539200007],[10.068164891000038,47.78386883500008],[10.066731941000057,47.78375581300003],[10.067390653000075,47.782436811000025],[10.070396351000056,47.78180161500006],[10.071910466000077,47.782206873000064],[10.071517849000031,47.78154454400004],[10.077103144000034,47.780264061000025],[10.079614724000066,47.781262351000066],[10.080801617000077,47.780165089000036],[10.082799636000061,47.77831781900005],[10.084840349000046,47.776636032000056],[10.084848102000024,47.775710392000065],[10.083004944000038,47.77451706800008],[10.082676936000041,47.77230499600006],[10.082513094000035,47.771180988000026],[10.086602604000063,47.77041519100004],[10.088304865000055,47.76927126100003],[10.099702861000026,47.76549374200005],[10.103095746000065,47.764598457000034],[10.105373210000039,47.76483139700008],[10.110095040000033,47.76272745500006],[10.116183259000024,47.76140101000004],[10.118272686000068,47.76007827600006],[10.11904949500007,47.759586711000054],[10.115541105000034,47.758271293000064],[10.115371406000065,47.75781236100005],[10.115349493000053,47.757201173000055],[10.115460430000041,47.756644376000054],[10.116092984000034,47.75584677000006],[10.11515077000007,47.75533119500005],[10.114025224000045,47.75440156500008],[10.115375077000067,47.753903069000046],[10.116192213000033,47.75335774800004],[10.117493496000066,47.75223896000006],[10.116333121000025,47.752369686000065],[10.117806635000022,47.75137731800004],[10.117994853000027,47.75116229300005],[10.118183414000043,47.750902334000045],[10.118252462000044,47.75058803500008],[10.118230793000066,47.749940905000074],[10.118090101000064,47.74917652900007],[10.117880712000044,47.74868151900006],[10.11765675600003,47.748348220000025],[10.117418091000047,47.74819460600003],[10.116619868000043,47.74803003900007],[10.116234778000035,47.74785793400008],[10.116022978000046,47.74767745100007],[10.115971699000056,47.74741665200003],[10.116080589000035,47.74712047000003],[10.11618968700003,47.74679732700008],[10.116191774000072,47.746527730000025],[10.116113777000066,47.746275824000065],[10.115838009000072,47.74575361600006],[10.115514387000076,47.74453026600003],[10.115334897000025,47.743621964000056],[10.115178294000032,47.743199031000074],[10.114874163000025,47.74290139200008],[10.113999731000035,47.74226922300005],[10.113880804000075,47.74214298600003],[10.113735441000074,47.74198969500003],[10.113657674000024,47.741710829000056],[10.11363361900004,47.741378232000045],[10.113663764000023,47.74092899900006],[10.113801889000058,47.74030041200007],[10.114089002000071,47.73935781600005],[10.114644917000021,47.73811062100003],[10.11525520500004,47.73671982700006],[10.115470926000057,47.73638807800006],[10.115619342000059,47.736145959000055],[10.115700245000028,47.736020429000064],[10.11606193700004,47.73576108800006],[10.117264592000026,47.73528003300004],[10.11785425100004,47.73482377800008],[10.11840552700005,47.73416069000007],[10.11863868200004,47.73328979200005],[10.118725513000072,47.732391422000035],[10.118651947000046,47.73156438600006],[10.118538976000025,47.73066531900008],[10.118123256000047,47.72929788300007],[10.117275375000077,47.72697634000008],[10.117015380000055,47.726148651000074],[10.116875746000062,47.72525847900005],[10.11669984100007,47.72389188600005],[10.11670858900004,47.72275959700005],[10.116646721000052,47.72214828700004],[10.116439059000072,47.72144659700007],[10.116310333000058,47.720870999000056],[10.116275176000045,47.72025079600007],[10.116291968000041,47.71980152400005],[10.116428889000076,47.719316727000034],[10.11673899300007,47.71882355400004],[10.117290106000041,47.71816048100004],[10.11797499100004,47.717416995000065],[10.118511857000044,47.71687069200004],[10.118834758000048,47.71644046500006],[10.119200222000075,47.71566889500008],[10.119484679000038,47.71504082600006],[10.11993063400007,47.71418865600003],[10.120308555000065,47.71352496600008],[10.120899232000056,47.712897962000056],[10.122519792000048,47.71166344200003],[10.126224430000036,47.70949248100004],[10.129379799000048,47.70773291200004],[10.131184163000057,47.70679545000007],[10.131932516000063,47.70642054700005],[10.132533547000037,47.70616196700007],[10.133280420000062,47.70598475300005],[10.133853155000054,47.705950734000055],[10.135251640000035,47.705874546000075],[10.135465113000066,47.705812355000035],[10.135691768000072,47.70576818100005],[10.135998762000042,47.70566136900004],[10.136240046000069,47.70543751200006],[10.13652363500006,47.704890282000065],[10.136711924000053,47.704630301000066],[10.13715368100003,47.70429927200007],[10.137621335000063,47.70406718000004],[10.138476165000043,47.70368360100008],[10.139437678000036,47.703273409000076],[10.13945673400002,47.70248266100003],[10.139231221000045,47.70054083300005],[10.13966528800006,47.69942794800005],[10.139250553000068,47.697880903000055],[10.131735307000042,47.69352428600007],[10.131558706000021,47.69221167100005],[10.128322275000073,47.69071791500005],[10.129809911000052,47.68933907700006],[10.130498891000059,47.68796649900003],[10.130373634000023,47.68691466700005],[10.131735197000069,47.68636212500007],[10.132769417000077,47.68508056700006],[10.132471855000063,47.683929309000064],[10.130066859000067,47.681647620000035],[10.130732454000054,47.67982565400007],[10.129973214000074,47.67814263500003],[10.130059543000073,47.67727125700003],[10.129336189000071,47.676136523000025],[10.12661158700007,47.67573181500006],[10.124199301000033,47.67450137900005],[10.123051673000077,47.673194401000046],[10.120595019000064,47.67257480000006],[10.117623439000056,47.671450106000066],[10.116689121000036,47.67011685300008],[10.113289692000023,47.66929606700006],[10.113580914000067,47.66649339200006],[10.111924999000053,47.66670148600008],[10.11112045300007,47.66599038800007],[10.110720956000023,47.66604287800004],[10.110134586000072,47.66617557200004],[10.108574930000032,47.66658334200008],[10.107988478000038,47.66672501100004],[10.106202923000069,47.66709598800003],[10.105403541000044,47.66724585900005],[10.104804056000035,47.66735151900008],[10.10379174700006,47.667509592000044],[10.102966105000064,47.66761441800003],[10.10215390600007,47.667701315000045],[10.101328473000024,47.66777917200005],[10.099890811000023,47.66789071800008],[10.098827558000039,47.66835364700006],[10.097542928000053,47.668690826000045],[10.096791601000064,47.66946985000004],[10.095775264000054,47.67068633200006],[10.094647285000065,47.671393935000026],[10.092651229000069,47.67202372200006],[10.090779006000048,47.673671530000036],[10.089975253000034,47.67327254600008],[10.089245367000046,47.67304513700003],[10.091121075000046,47.671461624000074],[10.09130895800007,47.67126463200003],[10.091736529000059,47.671041579000075],[10.091963359000033,47.67096155300004],[10.092924107000044,47.67061468500003],[10.093312049000076,47.67035553300008],[10.093527261000077,47.67006877600005],[10.093530497000074,47.66967339200005],[10.093334477000042,47.66924131900004],[10.092941194000048,47.66852993500004],[10.093146630000035,47.667811802000074],[10.093631713000036,47.66705876900005],[10.093943481000053,47.66635001900005],[10.093881744000043,47.665765683000075],[10.093821110000022,47.66504655800003],[10.093656929000076,47.66397658400007],[10.093423672000029,47.66322087000003],[10.093214156000045,47.66281570700005],[10.090806263000047,47.66284262600004],[10.088385066000058,47.662869442000044],[10.090215663000038,47.66026136200003],[10.089251603000037,47.65942201200005],[10.088748854000073,47.65909661100005],[10.088206507000052,47.658735112000045],[10.086033230000055,47.657765346000076],[10.08555704400004,47.65744901700003],[10.085359866000033,47.65716969400006],[10.085322141000063,47.65690895200004],[10.08329869000005,47.65553532500007],[10.082516199000054,47.65527172700007],[10.081362313000056,47.65488987500004],[10.08176379400004,47.65459487600003],[10.082473195000034,47.65405843000008],[10.08203243500003,47.65269982900003],[10.081656073000033,47.65159308800003],[10.082273627000063,47.65090352800007],[10.082945112000061,47.65012431000008],[10.082327271000054,47.64926825900005],[10.081142310000075,47.64943444000005],[10.079666232000022,47.64785617800004],[10.081139768000071,47.646713085000044],[10.081326041000068,47.64656857800003],[10.076308629000039,47.64237961300006],[10.076004887000067,47.642135805000066],[10.076940816000047,47.64152839600007],[10.078558539000028,47.64048330600008],[10.077292399000044,47.63927426300006],[10.07427980500006,47.640179094000075],[10.072017981000045,47.64344114800008],[10.073823640000057,47.645308356000044],[10.074092392000068,47.64610232700005],[10.075029822000033,47.648871572000076],[10.073201141000027,47.64966418000006],[10.071626,47.65034992300008],[10.07188693300003,47.650935049000054],[10.073413687000027,47.65433781000007],[10.075161682000044,47.65833451100008],[10.071622331000071,47.66134833000007],[10.070406924000054,47.661895145000074],[10.068396067000037,47.66342554200003],[10.06738632400004,47.665322125000046],[10.066287575000047,47.66775303000003],[10.064347185000031,47.67208566000005],[10.064257170000076,47.67476322300007],[10.062437033000037,47.676047769000036],[10.06073314300005,47.677638684000044],[10.059312463000026,47.68062877800003],[10.059116046000042,47.680585198000074],[10.05485983400007,47.67964074000008],[10.051079925000067,47.67973305700008],[10.050827003000052,47.68121476700003],[10.04833762000004,47.681321292000064],[10.048338928000021,47.68117751500006],[10.048156748000054,47.679262659000074],[10.045989188000021,47.67765406800004],[10.04703997300004,47.67623860100008],[10.045515140000077,47.67565711900005],[10.04198056100006,47.67514805700006],[10.042686530000026,47.67650796400005],[10.043366091000053,47.677849785000035],[10.040144061000035,47.67662306400007],[10.039607768000053,47.67706112900004],[10.038736323000023,47.67776736400003],[10.037381999000047,47.67745608100006],[10.03647873500006,47.677290484000025],[10.036283684000068,47.67680439000003],[10.036700593000035,47.676329888000055],[10.034618329000068,47.67561108400008],[10.033470384000054,47.67600157100003],[10.030491263000044,47.67445209700003],[10.029551166000033,47.67537363300005],[10.029062304000036,47.67641393700006],[10.02989946100007,47.67793625300004],[10.02955266400005,47.67802461800005],[10.027738310000075,47.67852000100004],[10.028288531000044,47.67943001100008],[10.02840632300007,47.67963720900008],[10.03021820400005,47.68081327300007],[10.031171839000024,47.68269554300008],[10.029439420000074,47.68439459700005],[10.028982356000029,47.68484283500004],[10.029237702000046,47.685973457000046],[10.028645217000076,47.686983018000035],[10.025489566000033,47.68606964700007],[10.02443822600003,47.68547909400007],[10.022064722000039,47.68457904400003],[10.021176160000039,47.68426061500003],[10.020285959000034,47.68411291400008],[10.01910248300004,47.68401783000007],[10.017426556000032,47.68392953700004],[10.015526167000075,47.68366049100007],[10.01387775400002,47.68348240200004],[10.012364099000024,47.68313414900007],[10.011010679000037,47.68273267700005],[10.009071250000034,47.682382465000046],[10.00742236700006,47.68225819500003],[10.005691952000063,47.68230427100008],[10.004253924000068,47.68238759800005],[10.003030600000045,47.68229215700006],[10.00190241000007,47.68199943600007],[10.00105620000005,47.68145637500004],[9.999841141000047,47.68054317100007],[9.998345610000058,47.67973650000005],[9.997936121000066,47.67943806000005],[9.997064478000027,47.67878701600006],[9.995988177000072,47.67732624100006],[9.993902615000025,47.67698406900007],[9.993252763000044,47.676774359000035],[9.991277551000053,47.67605522200006],[9.989868235000074,47.675161281000044],[9.987569015000076,47.67281087400005],[9.981930929000043,47.66810486800006],[9.980659236000065,47.66704324800003],[9.978652552000028,47.66638888300008],[9.97760740700005,47.66604804700006],[9.976022662000048,47.66532503800005],[9.97536086100007,47.66374924400003],[9.977723419000029,47.66172071500006],[9.976635827000052,47.65946740100003],[9.976030707000064,47.65821359700004],[9.975419399000032,47.65694690600003],[9.973033323000038,47.65525148200004],[9.970746357000053,47.65362632600005],[9.970053178000057,47.65377571800008],[9.969348615000058,47.653745326000035],[9.96847222200006,47.65361524200006],[9.96711784100006,47.653410921000045],[9.966160604000038,47.65337927000007],[9.965202788000056,47.65340152600004],[9.96454987900006,47.653515137000056],[9.96369515400005,47.653843419000054],[9.963108441000031,47.65398430600004],[9.962442804000034,47.654043923000074],[9.961779599000067,47.65387889300007],[9.961316274000069,47.65367890300007],[9.96086839700007,47.65328129000005],[9.960473723000064,47.65288393900005],[9.96007856600005,47.65253151600007],[9.959522463000042,47.65230409900005],[9.958897426000021,47.65230099300004],[9.95834714700004,47.65249766000005],[9.958005652000054,47.652838246000044],[9.957661647000066,47.65340715900004],[9.95706423200005,47.653974807000054],[9.956300469000041,47.65431328000005],[9.95536867800007,47.65456535800007],[9.954395645000034,47.65473176200004],[9.953250825000055,47.65515394200003],[9.952612096000053,47.65563572100007],[9.952219188000072,47.655949701000054],[9.951550457000053,47.656172697000045],[9.951228614000058,47.656119673000035],[9.950833896000063,47.656054778000055],[9.948945507000076,47.65568295800006],[9.948348095000028,47.65560860200003],[9.947679514000072,47.65560521100008],[9.947081841000056,47.65555462400005],[9.946379927000066,47.65538462100005],[9.945749456000044,47.655119874000036],[9.94522269600003,47.65502208400005],[9.944518671000026,47.65504227000008],[9.943883423000045,47.65520545900006],[9.943316950000053,47.655511654000065],[9.942714747000025,47.65586521500006],[9.942218103000073,47.656219315000044],[9.941932319000045,47.656598270000075],[9.941751030000034,47.65707286600008],[9.941569470000047,47.65757123700007],[9.941355122000061,47.657855452000035],[9.940860857000075,47.65799557200006],[9.940299155000048,47.65787380300003],[9.939669757000047,47.65751391900005],[9.939357610000059,47.65710811500003],[9.939151842000058,47.65663152900004],[9.938770133000048,47.65615403600003],[9.93831536700003,47.65591392600004],[9.937673023000059,47.65569803100004],[9.936691709000058,47.65544134000004],[9.935657412000069,47.65516639300006],[9.935366765000026,47.654994146000035],[9.934745478000025,47.65465842800006],[9.933567786000026,47.654131101000075],[9.93262549800005,47.65395545300004],[9.931482291000066,47.653904555000054],[9.930596347000062,47.65413430500007],[9.930170826000051,47.654417393000074],[9.929427246000046,47.65481769300004],[9.928755671000033,47.65507570900007],[9.927945525000041,47.65514278200004],[9.92685469600002,47.65513704300008],[9.926113276000024,47.655347121000034],[9.925507928000059,47.655962111000065],[9.925006758000052,47.65669653000003],[9.924650461000056,47.65707506800004],[9.924083296000049,47.65742871300006],[9.923377019000043,47.65763896100003],[9.922525448000044,47.65785629800007],[9.920118273000071,47.65920108600005],[9.91800011500004,47.66038431000004],[9.916997178000031,47.66083724500004],[9.91630331400006,47.66102224000008],[9.915691259000027,47.661036928000044],[9.915040254000075,47.660970527000075],[9.914481932000058,47.66094056600008],[9.913761986000054,47.66108047200004],[9.91211064600003,47.66124230500003],[9.909940876000064,47.66137434500007],[9.908835500000066,47.66148516900006],[9.907555169000034,47.661765771000034],[9.90662065500004,47.66204824400006],[9.905902390000051,47.66204432600006],[9.904590418000055,47.66163277000004],[9.90370161800007,47.661430204000055],[9.90290225900003,47.66153365800005],[9.902087433000077,47.66181674900008],[9.901860340000042,47.66189637800005],[9.901352730000042,47.66207331500004],[9.900713622000069,47.66212371600005],[9.900115175000053,47.662111433000064],[9.899023280000051,47.66220425900008],[9.89838340600005,47.66231754700004],[9.897355720000064,47.66259942600004],[9.896635046000029,47.66279313300004],[9.895569841000054,47.66287708700003],[9.894171111000048,47.66304005200004],[9.893277498000032,47.66323277400005],[9.892675085000064,47.66354393800003],[9.892081677000022,47.66420561900003],[9.891702955000028,47.66471572800003],[9.891274431000056,47.664946978000046],[9.890900654000063,47.66505272400008],[9.890767524000069,47.665060966000055],[9.89059437800006,47.66507796900004],[9.890022392000049,47.66507476500004],[9.889223720000075,47.66511521800004],[9.888356766000072,47.665299065000056],[9.88637785000003,47.66611467700005],[9.885921240000073,47.66646257200006],[9.885690210000064,47.66685667100006],[9.88548600300004,47.66723294800005],[9.885234990000072,47.668166119000034],[9.885123561000057,47.668569880000064],[9.884893183000031,47.668910063000055],[9.884490195000069,47.669222310000066],[9.883874797000033,47.66949740900003],[9.882766167000057,47.66985058600005],[9.881454278000035,47.67049915100006],[9.881050695000056,47.67085631500004],[9.880844645000025,47.67137635800003],[9.880623830000047,47.672013141000036],[9.88046571700005,47.67295582100007],[9.880380175000028,47.67341364400005],[9.880083781000053,47.67370851100003],[9.879562107000027,47.673930201000076],[9.879121266000027,47.67407147100005],[9.878563156000041,47.67401436800003],[9.878099191000047,47.673876921000044],[9.87695885200003,47.673564860000056],[9.876453516000026,47.673543994000056],[9.875999365000041,47.67368517600005],[9.87578344700006,47.673926573000074],[9.875398720000021,47.674894908000056],[9.875195985000062,47.67514536600004],[9.874861671000076,47.675278244000026],[9.874328012000035,47.67539200300007],[9.873356539000042,47.67540438900005],[9.871308179000039,47.67534764700008],[9.86967192800006,47.67532021200003],[9.869192958000042,47.675317438000036],[9.868593675000056,47.675358896000034],[9.868086381000069,47.67549075100004],[9.867484234000074,47.67575684900004],[9.866709918000026,47.67595903700004],[9.866069793000065,47.67607213700006],[9.865470499000025,47.67611357800007],[9.864658094000049,47.67617174500003],[9.864164316000029,47.676285687000075],[9.863174794000031,47.67666632400005],[9.862035784000057,47.67728871200006],[9.86152614200006,47.67760025300004],[9.86006371600007,47.67750180200005],[9.85828533800003,47.677140860000065],[9.856653376000054,47.67780521800006],[9.855239966000056,47.67598157700007],[9.852982589000021,47.67562669700004],[9.85289042200003,47.677594200000044],[9.852286580000055,47.678086877000055],[9.851545460000068,47.67869154300007],[9.850910198000065,47.678427147000036],[9.85096999800004,47.67792425700003],[9.85084493200003,47.67731242600007],[9.850196251000057,47.676041455000075],[9.849853618000054,47.67578778600006],[9.849521234000065,47.67576782800006],[9.848747552000077,47.67591597400008],[9.848040509000043,47.67605552600003],[9.847042053000052,47.67609447500007],[9.846074110000075,47.67583704200007],[9.844051672000035,47.67684035500008],[9.843495353000037,47.67765477700004],[9.842190840000058,47.677691836000065],[9.84033585800006,47.67709648600004],[9.840993652000066,47.675672992000045],[9.841187838000053,47.67506170000007],[9.839754885000048,47.67475646400004],[9.838014749000024,47.67453920600008],[9.837923875000058,47.671375398000066],[9.837937770000053,47.67033304800003],[9.837827745000027,47.66960447200006],[9.837816239000063,47.669469605000074],[9.837310961000071,47.66944855700007],[9.836977544000035,47.66950943200004],[9.836602417000051,47.66970484900003],[9.836398547000044,47.67002712100003],[9.83565705600006,47.67274551100007],[9.834607728000037,47.67261329100006],[9.834162345000038,47.67328985000006],[9.831462320000071,47.67202786900003],[9.830854947000034,47.67168264900005],[9.830606296000042,47.67137557900003],[9.830482709000023,47.670673871000076],[9.830347542000027,47.66885776500004],[9.830653528000028,47.66787113300006],[9.830890917000033,47.66802536300003],[9.831129640000029,47.66808074900007],[9.831275969000046,47.668081648000054],[9.831396662000031,47.66801049700007],[9.831625347000056,47.66782318500003],[9.831670817000031,47.667410086000075],[9.831616517000043,47.66650211800004],[9.831535858000052,47.665576016000045],[9.83139413200007,47.66523366000007],[9.831235476000074,47.66516079300004],[9.830979726000066,47.66439537200006],[9.83091914800002,47.66395466300003],[9.83079097500007,47.66359441700007],[9.83033038900004,47.66322313900008],[9.829433900000026,47.662624513000026],[9.828841901000033,47.66213559600004],[9.828398289000063,47.661494822000066],[9.828284413000063,47.66106277000006],[9.828369078000037,47.66070383500005],[9.82870463200004,47.66048124400004],[9.828944529000069,47.66044677800005],[9.829357820000041,47.660377434000054],[9.829772565000042,47.66020026000007],[9.829925659000025,47.65969796300004],[9.829720491000046,47.65913055500005],[9.829381840000053,47.65859827000003],[9.82855328200003,47.657901207000066],[9.82747205100003,47.65720257700008],[9.82716883300003,47.65700300100008],[9.826046646000066,47.65638498200008],[9.825227077000022,47.65601146100005],[9.822818824000024,47.65509786100006],[9.821880222000061,47.65467864200008],[9.819811837000032,47.654207427000074],[9.819071651000058,47.65387030200003],[9.818652126000075,47.65342734200004],[9.81802982000005,47.652255214000036],[9.817529819000072,47.65089513600003],[9.817373576000023,47.65065152400007],[9.817178675000036,47.65031780500004],[9.816930338000077,47.65000172400005],[9.816176937000023,47.64966449600007],[9.815234902000043,47.64950580400006],[9.814529752000055,47.64952832300003],[9.813730152000062,47.64964909200006],[9.810695234000036,47.65080712400004],[9.809746079000035,47.651160563000076],[9.809025856000062,47.65130876000006],[9.808426312000051,47.65138582900005],[9.80797454900005,47.65135599800004],[9.803939077000052,47.65081803500004],[9.80247139100004,47.65083955000006],[9.801668798000037,47.65086297900007],[9.800909980000029,47.650772466000035],[9.800196676000041,47.650454256000046],[9.799738669000021,47.649994621000076],[9.799322498000038,47.64956401000006],[9.798951658000021,47.64930856500007],[9.796781728000042,47.648165963000054],[9.795646056000066,47.64760146300006],[9.794909704000077,47.647012579000034],[9.800141870000061,47.64470092000005],[9.79948085500007,47.64348351000007],[9.798895337000033,47.64257211900008],[9.795359487000042,47.63592636700008],[9.795256066000036,47.63571901200004],[9.794859286000076,47.63557266000004],[9.789146510000023,47.63342370400005],[9.787566764000076,47.63233501700006],[9.785447121000061,47.63089229800005],[9.780212023000047,47.630705015000046],[9.778684676000069,47.63060503500003],[9.77782157200005,47.630536404000054],[9.778160299000035,47.62918172800005],[9.778175418000046,47.62905602100005],[9.778235633000065,47.62857116300006],[9.776185759000043,47.62693103100003],[9.77447057300003,47.626047938000056],[9.774775831000056,47.62516932400007],[9.771376608000025,47.62401434100008],[9.76793458700007,47.620360798000036],[9.765601403000062,47.619051056000046],[9.764617586000043,47.618172747000074],[9.76395990800006,47.61771000300007],[9.762901575000058,47.61737933200004],[9.762131746000023,47.61731120800005],[9.761174938000067,47.61730471100003],[9.760407117000057,47.61710179600004],[9.759548153000026,47.61677244800006],[9.758453890000055,47.61618089000007],[9.757597505000035,47.61568080700005],[9.757074153000076,47.61512907700006],[9.756657656000073,47.614542130000075],[9.756130966000057,47.61421502600007],[9.75541636500003,47.61401244000007],[9.754884841000035,47.61400879900003],[9.753379718000076,47.611581200000046],[9.75606611400002,47.60966759400003],[9.754047231000072,47.60871920500006],[9.751011166000069,47.606496735000064],[9.74987032200005,47.60549141200005],[9.74771849900003,47.60368831100004],[9.742433137000035,47.60437948300006],[9.740357990000064,47.60453573900003],[9.740399300000036,47.60618048600003],[9.742414801000052,47.60645514600003],[9.743810175000021,47.608190196000066],[9.743146026000034,47.60991989900003],[9.746899428000063,47.61302821100003],[9.746799776000046,47.61522014700006],[9.746882808000066,47.616757360000065],[9.745651920000057,47.61729698600004],[9.74172524900007,47.61507704500008],[9.739545081000074,47.61338140400005],[9.737457799000026,47.61170434500008],[9.737049299000034,47.613211156000034],[9.735304347000067,47.61520281800006],[9.734340392000036,47.61652599200005],[9.73274069300004,47.61471720600008],[9.731581746000074,47.613406686000076],[9.73003011700007,47.61165200100004],[9.72854054100003,47.609161260000064],[9.72815532800007,47.60829585600004],[9.726917416000049,47.606723472000056],[9.722675440000046,47.60778055000003],[9.719587642000022,47.60809990400003],[9.717957789000025,47.60780962200005],[9.71510485500005,47.60587501200007],[9.712022724000064,47.606679444000065],[9.711481915000036,47.60475248600005],[9.71110034000003,47.604516078000074],[9.709389798000075,47.603461260000074],[9.709250376000057,47.603037898000025],[9.709496221000052,47.60261733800007],[9.706293734000042,47.60181221100004],[9.704846127000053,47.60177467400007],[9.703060501000039,47.602103071000045],[9.701409008000041,47.60317827500006],[9.699049758000058,47.60281944500008],[9.697562799000025,47.60357230200003],[9.694582153000056,47.60466454500005],[9.69503652700007,47.60532390000003],[9.69269564700005,47.607103779000056],[9.692327877000025,47.60847593500006],[9.692594540000073,47.60967712300004],[9.692151557000045,47.610423472000036],[9.68897987500003,47.607624282000074],[9.687804115000063,47.60720202200008],[9.686872478000055,47.60612513800004],[9.683887789000039,47.60455783300006],[9.678102239000054,47.60490065400006],[9.677539313000068,47.60680147100004],[9.67645625800003,47.60838803100006],[9.671443791000058,47.61137411100003],[9.65891933000006,47.61174523600005],[9.657709588000046,47.61172525000006],[9.656669902000033,47.61059196700006],[9.656107002000056,47.60997837000008],[9.654229916000077,47.60793209000008],[9.65334939500002,47.607611391000034],[9.65381499700004,47.60557700800007],[9.647642872000063,47.60519630300007],[9.646759498000051,47.60402116400007],[9.641835489000073,47.603703834000044],[9.639400580000029,47.60390025600003],[9.637691060000066,47.60439504100003],[9.636679522000065,47.60311318300006],[9.635966981000024,47.60245548600005],[9.637411818000032,47.602252975000056],[9.637889096000038,47.60218089600005],[9.639979227000026,47.60117302300006],[9.64020894600003,47.600950184000055],[9.640470512000036,47.60042206700007],[9.640971715000035,47.599096071000076],[9.640710850000062,47.59881543700004],[9.640596419000076,47.598517988000026],[9.64061653500005,47.59812275500008],[9.640687765000052,47.59784474600008],[9.640906356000073,47.59749601300007],[9.640931039000066,47.597174403000054],[9.640876439000067,47.59692066100007],[9.641057910000029,47.596694168000056],[9.641537226000025,47.59640386500007],[9.642048362000025,47.59598636900006],[9.642266780000057,47.595646618000046],[9.642272668000032,47.59530519000003],[9.642184647000022,47.59501693800007],[9.642158147000032,47.59477791000006],[9.642337420000047,47.59463173900008],[9.642752901000051,47.59441934900008],[9.642918671000075,47.594222468000055],[9.642826780000064,47.593958119000035],[9.642729836000058,47.593713008000066],[9.642689002000054,47.59350225700007],[9.642973851000022,47.593313902000034],[9.644296031000067,47.592751099000054],[9.644857283000022,47.59255782100007],[9.645233661000077,47.59230018300008],[9.645213582000054,47.59192260800006],[9.644543317000057,47.59073116500008],[9.644205568000075,47.590288186000066],[9.64328483600002,47.589759738000055],[9.64254309000006,47.58963706900005],[9.641998244000035,47.58965074100007],[9.641398411000068,47.58977181000006],[9.640690305000021,47.59000883900006],[9.639886426000032,47.59040685600007],[9.639269565000063,47.59074344600003],[9.638595990000056,47.591286264000075],[9.63756113900007,47.591978976000064],[9.636431413000025,47.592778759000055],[9.635706523000067,47.59321331900003],[9.634463294000057,47.59366172000006],[9.633915742000056,47.59382809600004],[9.633256854000024,47.594019126000035],[9.633101282000041,47.59406423000007],[9.631390872000054,47.59311601300004],[9.626340586000026,47.592491436000046],[9.62398306800003,47.590735780000045],[9.62091246700004,47.58844883000006],[9.620497166000064,47.58789731600007],[9.620266056000048,47.587446138000075],[9.62015813000005,47.58678927700004],[9.620167348000052,47.58626815700006],[9.620297041000072,47.585694095000065],[9.620718258000068,47.58515833600006],[9.619814647000055,47.584432133000064],[9.619756272000075,47.58322752200007],[9.617712433000065,47.582393212000056],[9.616576150000071,47.58206048100004],[9.615295568000022,47.58162771700006],[9.614055646000054,47.58115033800004],[9.611353455000028,47.58372525900006],[9.609796255000049,47.58316436100006],[9.608107907000033,47.58251250300003],[9.60725082700003,47.583646703000056],[9.606516618000057,47.58459319800005],[9.605885715000056,47.58570229000003],[9.605029451000064,47.58545873700007],[9.604643518000046,47.585350590000075],[9.602077153000039,47.584337997000034]],[[10.454459536000059,47.555738344000076],[10.453980129000058,47.55557896000005],[10.451022892000026,47.55459572400008],[10.450770093000074,47.555215590000046],[10.450623706000044,47.55560188900006],[10.450437416000057,47.55606903700004],[10.450211212000056,47.55662601900008],[10.449851942000066,47.55750640800005],[10.449792347000027,47.55766629000004],[10.449386165000021,47.558683261000056],[10.44837560700006,47.560354045000054],[10.446712922000074,47.56350707900003],[10.446087358000057,47.56500731700004],[10.445129001000055,47.567280124000035],[10.444159800000023,47.56730658600003],[10.441238905000034,47.56739489900008],[10.43845079600004,47.567456253000046],[10.435383698000066,47.567685690000076],[10.435041368000043,47.56849320300006],[10.43504073400004,47.56897958400003],[10.434886208000023,47.56937901900005],[10.434552214000064,47.56962200900006],[10.433827423000025,47.569861607000064],[10.433447889000036,47.570090349000054],[10.43303645900005,47.570645961000025],[10.432727645000057,47.57123637700005],[10.432547261000025,47.57175739000007],[10.43262381900007,47.572087483000075],[10.43305993000007,47.57227883100006],[10.433650079000074,47.572452902000066],[10.433855177000055,47.57264410500005],[10.433717198000068,47.57287163800004],[10.432132419000027,47.574797026000056],[10.431798232000062,47.57514423400005],[10.431566579000048,47.57559573100008],[10.43125795700007,47.57601243600004],[10.430667023000069,47.57637685000003],[10.430050434000066,47.57672387200006],[10.429571183000064,47.57712329300006],[10.430821101000049,47.57795388300008],[10.431939913000065,47.57825541300008],[10.432501278000075,47.57883822700006],[10.434064335000073,47.57918390900005],[10.43531151600007,47.57927975400003],[10.435152540000047,47.57994533200008],[10.43429067300002,47.58072935700005],[10.433464712000045,47.580919047000066],[10.432936910000024,47.58147741200003],[10.433656283000062,47.582179187000065],[10.434112881000033,47.582322110000064],[10.434235424000065,47.58265502100005],[10.434726745000034,47.58311891100004],[10.434972059000074,47.58361831500008],[10.43553393600007,47.58388016400005],[10.43665826800003,47.583964034000076],[10.437026924000065,47.584201989000064],[10.437765004000028,47.58407165700004],[10.43866094200007,47.58415537600007],[10.439205783000034,47.58400115100005],[10.440330282000048,47.58395422500007],[10.440875455000025,47.58351470300005],[10.44164812300005,47.583836071000064],[10.442544448000035,47.58358692000007],[10.443304659000034,47.58374942200004],[10.44499121900003,47.583831158000066],[10.447939399000063,47.583967392000034],[10.449333814000056,47.584030949000066],[10.450065042000062,47.58324955200004],[10.450569802000075,47.58315094300008],[10.452416232000076,47.58304847100004],[10.45434182300005,47.58277520400003],[10.456373778000057,47.58272212600008],[10.458825138000066,47.58339343500006],[10.460511089000022,47.58426419300008],[10.461353681000048,47.58522021400006],[10.462175106000075,47.58564457600005],[10.463569653000036,47.585618096000076],[10.464220451000074,47.585591356000066],[10.465641247000065,47.58601413200006],[10.466916014000049,47.58637394700003],[10.469027371000038,47.58699456700003],[10.470833618000029,47.587075937000066],[10.472639984000068,47.58695060900004],[10.472324620000052,47.58639789400007],[10.472219478000056,47.58589861100006],[10.472219783000071,47.58535180600006],[10.472430885000051,47.58487637800005],[10.472782357000028,47.58473382200003],[10.473449991000052,47.58475776100005],[10.474187817000029,47.58494813100003],[10.474679770000023,47.58494824700006],[10.475523210000063,47.58475824700008],[10.47626114700006,47.584734637000054],[10.477104567000026,47.584568399000034],[10.478299309000022,47.58454487100005],[10.479880611000056,47.58445007800003],[10.481778586000075,47.58452644700003],[10.481473272000073,47.58413103500004],[10.479920234000076,47.58210903200006],[10.478778710000029,47.58075201300005],[10.476322184000026,47.58014362600005],[10.473066393000067,47.57933718400005],[10.472224658000073,47.579460777000065],[10.470641834000048,47.57969316600003],[10.470466649000059,47.57886103000004],[10.470466903000045,47.57843309800006],[10.470467453000026,47.57750591400003],[10.470924739000054,47.57657885300006],[10.471346726000036,47.57591329600007],[10.47145252000007,47.57522388000007],[10.471804210000073,47.57458207700006],[10.472226274000036,47.57372632600004],[10.472577956000066,47.573060747000056],[10.472543205000022,47.57237129600003],[10.473105692000047,47.571634448000054],[10.473246519000043,47.57106391200006],[10.473073914000054,47.570471455000074],[10.472720148000064,47.57001773300004],[10.471876974000054,47.57016016100005],[10.470998762000022,47.570136157000036],[10.469945166000059,47.56968416800004],[10.469102682000027,47.56870920700004],[10.468435568000075,47.56820976600005],[10.46717127100004,47.567757690000064],[10.466609697000024,47.56706808100006],[10.466314293000039,47.56659749600004],[10.465253669000049,47.565161517000035],[10.464183053000056,47.56374786200007],[10.461456551000026,47.56232132800005],[10.460746151000023,47.56194961500006],[10.460392512000055,47.561550186000034],[10.459592293000071,47.56064632600004],[10.458239195000033,47.55956758100007],[10.45661369800007,47.557430270000054],[10.455600713000024,47.556098226000074],[10.454459536000059,47.555738344000076]]]}},{"type":"Feature","properties":{"shapeName":"Berlin","shapeISO":"DE-BE","shapeID":"10402087B20892132820961","shapeGroup":"DEU","shapeType":"ADM1"},"geometry":{"type":"Polygon","coordinates":[[[13.480055494000055,52.67464638200005],[13.479368900000054,52.67537881700008],[13.477077429000076,52.67391139600005],[13.475393917000076,52.674917150000056],[13.471767487000022,52.671929583000065],[13.465965381000046,52.667148559000054],[13.459511426000063,52.66893558800007],[13.452433997000071,52.66386397700006],[13.45084091700005,52.662722174000066],[13.455108739000025,52.66145701500005],[13.457945636000034,52.65988936700006],[13.459999496000023,52.658754309000074],[13.462333171000068,52.65746449900007],[13.471103993000042,52.65681906700007],[13.473894061000067,52.65661361400004],[13.473872537000034,52.656290169000044],[13.473957850000033,52.65579310900006],[13.47408970400005,52.65510591800006],[13.473869364000052,52.654463391000036],[13.473545184000045,52.65403940200008],[13.472745854000038,52.65359110400004],[13.47114724000005,52.65269449300007],[13.469996225000045,52.65207483900008],[13.468315338000025,52.65172017200007],[13.466304098000023,52.651292599000044],[13.465137945000038,52.65088925500004],[13.463721147000058,52.65027606500007],[13.462662506000072,52.649708074000046],[13.461816551000027,52.64899987200005],[13.460859098000071,52.648618371000055],[13.459848420000071,52.64810317700005],[13.45651848600005,52.648398608000036],[13.453964437000025,52.64862513700007],[13.454546360000052,52.65004178600003],[13.451979041000072,52.65007459600008],[13.446828930000038,52.65014024800007],[13.440932073000056,52.64912302000005],[13.439898546000052,52.645332523000036],[13.437503809000077,52.64491381300007],[13.434104109000032,52.64428548800004],[13.433439777000046,52.641601871000034],[13.433661071000074,52.63911272400003],[13.433778784000026,52.637975968000035],[13.432682992000025,52.637507620000065],[13.42911123600004,52.63763888200003],[13.42835920300007,52.63766650600007],[13.426706502000059,52.63682464100003],[13.424365185000056,52.63563046100006],[13.417116629000077,52.63970234000004],[13.413616362000027,52.64251353000003],[13.412828153000078,52.64358542600007],[13.409554237000066,52.64283640100007],[13.406997440000055,52.64242099900008],[13.398539843000037,52.64819457300007],[13.397128644000077,52.648336405000066],[13.396712093000076,52.64830139700007],[13.396334621000051,52.64818446000004],[13.394727842000066,52.647134091000055],[13.393539992000058,52.646154660000036],[13.393048328000077,52.645644495000056],[13.392609366000045,52.64503407700005],[13.392430491000027,52.644327442000076],[13.392258598000069,52.64372862700003],[13.391647643000056,52.64320331300007],[13.390885506000075,52.64262762100003],[13.390327027000069,52.64222703100006],[13.39002920400003,52.64173921200006],[13.389871873000061,52.64136502000008],[13.390038832000073,52.64051512300006],[13.39007692000007,52.63973130200003],[13.389848570000026,52.638944855000034],[13.389389141000038,52.63824492500004],[13.388682712000048,52.637613894000026],[13.387299822000045,52.637044023000044],[13.386123465000026,52.63669417700004],[13.384989999000027,52.63655027200008],[13.383818028000064,52.63649726500006],[13.38309694700007,52.636325499000066],[13.38198116500007,52.63576719200006],[13.380878443000029,52.635181567000075],[13.37979688400003,52.63469441700005],[13.378003040000067,52.633711290000065],[13.375289439000028,52.63199412400007],[13.374375348000058,52.63152160000004],[13.374360066000065,52.63128386600005],[13.37445741700003,52.63097202200004],[13.375904769000044,52.62974708100006],[13.376008220000074,52.62953032900003],[13.375992930000052,52.62929259500004],[13.375063742000066,52.62883852200008],[13.374450186000047,52.628424549000044],[13.373648933000027,52.62813408900007],[13.372733538000034,52.627893957000026],[13.371700946000033,52.62765660600007],[13.370204585000067,52.627201643000035],[13.369092074000037,52.626688140000056],[13.368726740000056,52.62652583900007],[13.36833245500003,52.62637322300003],[13.367727994000063,52.626171603000046],[13.367109349000032,52.62597931500005],[13.36647709500005,52.62580534600005],[13.365859613000055,52.62563102200005],[13.365003583000032,52.62542636000006],[13.364342966000038,52.62527105000004],[13.362813304000042,52.62493836400006],[13.361935642000049,52.62475529900007],[13.36157187300006,52.62457344200004],[13.361200502000031,52.624272715000075],[13.360519649000025,52.62402693700005],[13.359927577000065,52.62394572200003],[13.359409079000045,52.62379133200005],[13.358725204000052,52.623497996000026],[13.357925660000035,52.623231204000035],[13.357296057000042,52.62317467400004],[13.356558370000073,52.62326355400006],[13.355939395000064,52.62337343300004],[13.35540158300006,52.62352900700006],[13.354588789000047,52.623667271000045],[13.354080933000034,52.62367927400004],[13.353409229000022,52.62357609900005],[13.352361721000022,52.62336789200003],[13.350892159000068,52.62467143400005],[13.344613421000076,52.62476549500008],[13.344187530000056,52.62341670100005],[13.34211699900004,52.62341145400006],[13.340588209000032,52.62332144000004],[13.33944673800005,52.62327629300006],[13.338564767000037,52.62312605000005],[13.337501061000069,52.62290807900007],[13.336480521000055,52.62267108900005],[13.331755949000069,52.62441974500007],[13.328862531000027,52.62543242400005],[13.326639648000025,52.62584620100006],[13.323498491000066,52.62643082500006],[13.31312183800003,52.628382714000054],[13.302422603000025,52.627560602000074],[13.302364590000025,52.628758764000054],[13.308309030000032,52.629691534000074],[13.307476804000032,52.63268942600007],[13.30489661200005,52.63446810000005],[13.303111836000028,52.63666918800004],[13.307860409000057,52.63762074400006],[13.30697215500004,52.63972905700007],[13.307576159000064,52.64027973700007],[13.30883938200003,52.641431383000054],[13.30925742100004,52.64314039100003],[13.30912702300003,52.64389030400008],[13.308244651000052,52.643973806000076],[13.304499914000075,52.64865903200007],[13.303137049000043,52.650249632000055],[13.300377555000068,52.65346984200005],[13.310033892000035,52.657376009000075],[13.309358511000028,52.65793161900007],[13.308764997000026,52.65837734000007],[13.308140223000066,52.658796789000064],[13.307565414000067,52.659305059000076],[13.294594690000054,52.659191727000064],[13.28938709700003,52.659689953000054],[13.285838401000035,52.66021271800008],[13.282884652000064,52.660784668000076],[13.282218895000028,52.65698469200004],[13.281888178000031,52.65508345200004],[13.281481524000071,52.65274543400005],[13.283443265000074,52.65264627600004],[13.28244070900007,52.641295358000036],[13.268357253000033,52.639846196000065],[13.266686143000072,52.64009144000005],[13.262156275000052,52.64075298900008],[13.262563002000036,52.63919597000006],[13.262744031000068,52.638534949000075],[13.264251253000054,52.63683576900007],[13.265225956000052,52.634419887000035],[13.26498656800004,52.632519511000055],[13.264615238000033,52.62956571900003],[13.264274727000043,52.626927970000054],[13.260417329000063,52.62768207700003],[13.25733266800006,52.62777953300008],[13.252340649000075,52.62764143800007],[13.246493139000052,52.62729763600004],[13.243570161000036,52.62810193200005],[13.238330867000059,52.62778891000005],[13.237130491000073,52.62772528100004],[13.230364053000073,52.62736638200005],[13.227634341000055,52.62770700600004],[13.22068327200003,52.62817872100004],[13.22059087200006,52.62714600400005],[13.219671077000044,52.624422252000045],[13.21698464900004,52.62011856200007],[13.215116164000051,52.61953970600007],[13.207400711000048,52.60980585000004],[13.206838388000051,52.60906260300004],[13.205964383000037,52.60854229800003],[13.204950938000025,52.608160086000055],[13.20370187800006,52.60779214100006],[13.202689011000075,52.60741889600007],[13.201957700000037,52.60705733800006],[13.201606489000028,52.606381329000044],[13.201654209000026,52.60557506300006],[13.202083491000053,52.60449001200004],[13.203323283000032,52.603238486000066],[13.206849599000066,52.60020801500008],[13.20871999800005,52.59863633700007],[13.211035164000066,52.59709063100007],[13.212537844000053,52.59628300900005],[13.21613497100003,52.59443842500008],[13.217819502000054,52.59322171000008],[13.21863445100007,52.59204255800006],[13.218897954000056,52.590785839000034],[13.217336442000033,52.58745559300007],[13.213948525000035,52.58779477200005],[13.207365079000056,52.588453584000035],[13.206626308000068,52.586742463000064],[13.203312866000033,52.58765358800008],[13.202155847000029,52.58806643300005],[13.199826990000076,52.58889241800006],[13.192164282000022,52.589963442000055],[13.188009231000024,52.59163076600004],[13.18392852200003,52.59355723500005],[13.178774502000067,52.59464522500008],[13.173824145000026,52.595329209000056],[13.168785171000025,52.59705213400008],[13.165917180000065,52.59803260400008],[13.16426315700005,52.59890033100004],[13.157099322000022,52.59760616800003],[13.153887716000042,52.59577822300008],[13.148901551000051,52.59142469300008],[13.143990863000056,52.589743147000036],[13.142441615000052,52.58932473600004],[13.14113364900004,52.58902006300008],[13.139425492000044,52.58855747800004],[13.137874927000041,52.588115231000074],[13.137075934000052,52.587823197000034],[13.136232312000061,52.587436902000036],[13.135044358000073,52.58717715800003],[13.133509270000047,52.58699640200007],[13.132099697000058,52.58695573300008],[13.13077379300006,52.587008454000056],[13.128987291000044,52.58744210400005],[13.128096954000057,52.58309743600006],[13.130432732000031,52.58312752100005],[13.132092465000028,52.57969904300006],[13.139766032000068,52.58057518100003],[13.149603266000042,52.58331095600005],[13.152971304000062,52.57832393400008],[13.152953085000036,52.57278142700005],[13.150120810000033,52.567597705000026],[13.149282811000035,52.56666229900003],[13.14789149400002,52.56510915700005],[13.146722863000036,52.56207539800005],[13.145955110000045,52.56007663100007],[13.146317310000029,52.55870994300005],[13.146847682000043,52.55669168400004],[13.147145290000026,52.55473251800004],[13.145664779000072,52.55291135900006],[13.143843610000033,52.55206947000005],[13.141461160000063,52.55247261900007],[13.13629581400005,52.55274763400007],[13.133532668000043,52.55370784100006],[13.130617438000058,52.55635397000003],[13.127770800000064,52.54985632100005],[13.125112926000043,52.543795404000036],[13.124052235000022,52.53904040900005],[13.12352883400007,52.537676445000045],[13.123190664000049,52.53679513600008],[13.121558647000029,52.534259372000065],[13.121184129000028,52.53319615400005],[13.120193877000077,52.53172805500003],[13.119733094000026,52.531044886000075],[13.119159164000052,52.529050735000055],[13.119002589000047,52.527128495000056],[13.118830278000075,52.52493664500008],[13.118463244000054,52.521578298000065],[13.117392920000043,52.516995327000075],[13.126851700000032,52.51756333000003],[13.138163536000036,52.51903487300007],[13.14164263500004,52.51949855200007],[13.143010193000066,52.51967552600007],[13.144533127000045,52.51898521900006],[13.145380653000075,52.51759884200004],[13.147453446000043,52.51722936600004],[13.154395111000042,52.51463802100005],[13.156559448000053,52.51382543600005],[13.166457606000051,52.51012429000008],[13.159998641000072,52.50591176100005],[13.153695596000034,52.501821448000044],[13.147938128000021,52.497961788000055],[13.142081166000025,52.49338473700004],[13.12977836500005,52.48374141700003],[13.126368680000041,52.481067833000054],[13.125284573000044,52.480217682000045],[13.124064961000045,52.47977634600005],[13.12093989300007,52.479371050000054],[13.11779830000006,52.47896793700005],[13.117609335000054,52.47724431800003],[13.11753877800004,52.47477124000005],[13.117524185000036,52.47401567500003],[13.116916841000034,52.47244512700007],[13.116389790000028,52.47174569500004],[13.114874760000077,52.470527814000036],[13.114342993000037,52.469999450000046],[13.114115566000066,52.46938348600003],[13.114040014000068,52.46884521100003],[13.113760537000076,52.468347358000074],[13.11319198600006,52.46794576900004],[13.112343329000055,52.46754125900003],[13.11163870300004,52.46707962600004],[13.11112016100003,52.46652396600007],[13.110798677000048,52.46606301300005],[13.110726829000043,52.46558764500003],[13.110743271000047,52.46511036100003],[13.111291311000059,52.46364069300006],[13.111357716000043,52.46300934800007],[13.111001233000025,52.46194624600008],[13.11076657500007,52.46120445100007],[13.110872419000032,52.46049126200006],[13.112580018000074,52.459203384000034],[13.111902078000071,52.454133856000055],[13.111519292000025,52.45337727800006],[13.109223276000023,52.450619509000035],[13.113649828000064,52.44706487800005],[13.11531578100005,52.445726885000056],[13.11900042700006,52.44400894000006],[13.119054148000032,52.44290992100008],[13.120260310000049,52.441371857000036],[13.123176543000056,52.43936454700008],[13.122741167000072,52.43871713000004],[13.122228061000044,52.43825138200003],[13.121672424000053,52.43781355600004],[13.120869949000053,52.43743510000007],[13.118889512000067,52.43680333400005],[13.117744144000028,52.43635133500004],[13.117029435000063,52.43596194500003],[13.116535837000072,52.435576739000055],[13.116243879000024,52.43536712000008],[13.11581277700003,52.43504354300006],[13.115549190000024,52.434815307000065],[13.115285081000025,52.434578084000066],[13.114925947000074,52.43422594200007],[13.113971442000036,52.433256828000026],[13.113597624000022,52.43290500100005],[13.11199276700006,52.432321761000026],[13.111945898000045,52.43159107200006],[13.112575332000063,52.429880550000064],[13.112537167000028,52.42922424000005],[13.107904958000063,52.42672481800008],[13.106860120000022,52.42563319800007],[13.105529959000023,52.42526203500006],[13.104618626000047,52.42405321800004],[13.101854369000023,52.42474163900005],[13.101079021000032,52.425072698000065],[13.100724617000026,52.42525784600008],[13.09959688500004,52.425304753000034],[13.098738523000065,52.425009027000044],[13.09824369200004,52.42453401200004],[13.097974007000062,52.423911274000034],[13.09741602500003,52.42315191000006],[13.095999774000063,52.42209679600006],[13.095514894000075,52.421792983000046],[13.08833321800006,52.41961143600008],[13.09011018600006,52.41366996900007],[13.09012929000005,52.41272468400007],[13.090183613000022,52.41239055800003],[13.09034340900007,52.41209915300004],[13.09063599700005,52.411813884000026],[13.091112721000059,52.41165962700006],[13.091679180000028,52.41153043000003],[13.093125236000049,52.41083332800008],[13.094277656000031,52.41040351100003],[13.095459448000042,52.40997304900003],[13.097294256000055,52.40938448300005],[13.098515557000042,52.41040194900006],[13.097626012000035,52.41105109700004],[13.097221507000029,52.41245465700007],[13.10082916600004,52.412493631000075],[13.100835177000022,52.411071684000035],[13.10322506500006,52.41022242300005],[13.105670132000057,52.41143134400005],[13.10586666200004,52.41257349600005],[13.109692210000048,52.41296065200004],[13.11157057500003,52.413136620000046],[13.112596393000047,52.410019076000026],[13.10793181400004,52.40947752400007],[13.10967080200004,52.40858263000007],[13.109100211000055,52.40796157700004],[13.108457452000039,52.40726195000008],[13.109901629000035,52.406285711000066],[13.110605605000046,52.40573948400004],[13.110912275000032,52.405192887000055],[13.111276151000027,52.40461804900008],[13.111635766000063,52.40422328000005],[13.112292923000041,52.40388503500003],[13.11571755500006,52.402559686000075],[13.116732547000026,52.40230361500005],[13.117500868000036,52.40210690300006],[13.118154287000038,52.40170571200008],[13.118664979000073,52.401127649000045],[13.121068609000076,52.39920345400003],[13.124875684000074,52.39687959200006],[13.125906763000046,52.39665008400004],[13.127108372000066,52.39656982200006],[13.128036622000025,52.39684649000003],[13.129930427000033,52.397533975000044],[13.131227642000056,52.39808151200003],[13.132028976000072,52.39845092000007],[13.132793613000047,52.398947114000066],[13.133396116000029,52.399437857000066],[13.134742580000022,52.39862220400005],[13.136390486000039,52.39818128600007],[13.135013837000031,52.39716237200008],[13.136356618000036,52.396736211000075],[13.137961607000022,52.39626002800003],[13.138116669000055,52.395392712000046],[13.132411919000049,52.391423263000036],[13.131076139000072,52.391470523000066],[13.127464902000042,52.39159455400005],[13.127094379000027,52.38928089900003],[13.128135741000051,52.38872717600003],[13.13098952300004,52.38722485300008],[13.133589439000048,52.38691590500008],[13.134159512000053,52.38861323500004],[13.132249470000033,52.38940202800006],[13.141596237000044,52.39602718700007],[13.142612288000066,52.396544789000075],[13.143496981000055,52.396579322000036],[13.143636927000045,52.396207279000066],[13.145944262000057,52.39541856100004],[13.153146014000072,52.39480978300003],[13.158888704000049,52.39390889900005],[13.163271107000071,52.39413580100006],[13.165897844000028,52.39427552600006],[13.168892370000037,52.394910981000066],[13.171521556000073,52.39583346300003],[13.17135668900005,52.39776296300005],[13.169008635000068,52.39736518400008],[13.165947642000049,52.39710017200008],[13.16306139300002,52.39680421200006],[13.16026439600006,52.39652420500005],[13.158608271000048,52.39638088000004],[13.157827476000023,52.396362158000045],[13.159450348000064,52.399673936000056],[13.159345751000046,52.40287994900007],[13.195566840000026,52.415094828000065],[13.198480508000046,52.415578405000076],[13.205149886000072,52.415860456000075],[13.212241473000063,52.417527506000056],[13.218126102000042,52.419185448000064],[13.222287982000068,52.42035668200003],[13.225344693000068,52.42013392500007],[13.23869867600007,52.42062972600007],[13.245797292000077,52.42080114700008],[13.247368098000038,52.417179744000066],[13.247926193000069,52.41547508500008],[13.24826792400006,52.41427722200007],[13.249082122000061,52.41142297300007],[13.249265377000029,52.40932051300007],[13.248975292000068,52.40817951000008],[13.249844004000067,52.404964790000065],[13.251551795000069,52.40556372000003],[13.252325191000068,52.405834940000034],[13.253196175000028,52.40612097300004],[13.254165625000041,52.40633274600003],[13.254849831000058,52.406452056000035],[13.255678230000058,52.40652305900005],[13.256563205000077,52.40655675900007],[13.25784383000007,52.406563375000076],[13.259105347000059,52.40649841900006],[13.25974859200005,52.40642965100005],[13.260359134000055,52.40630763300004],[13.260981608000066,52.406140340000036],[13.261761296000032,52.40589743400005],[13.262900595000076,52.40552026100005],[13.263996899000063,52.40516206400008],[13.265185219000045,52.40486473700008],[13.266188034000038,52.40466166500005],[13.267417332000036,52.40455236300005],[13.268872012000031,52.40451885300007],[13.269961562000049,52.40452974100003],[13.270862864000037,52.40458995800003],[13.272210524000059,52.40472986900005],[13.27301230300003,52.404846364000036],[13.274457570000038,52.40513699100006],[13.275714608000044,52.40547694700007],[13.276706617000059,52.40581401500003],[13.278115380000031,52.406465429000036],[13.282022287000075,52.40872396000003],[13.285294544000067,52.41070909100006],[13.290902861000063,52.41380987300005],[13.294171021000068,52.41547988000008],[13.295675232000065,52.41623687500004],[13.29613013200003,52.41645128600004],[13.296782318000055,52.41581513300008],[13.296925435000048,52.41480383600003],[13.296871182000075,52.41393212600008],[13.298548322000045,52.41203014400003],[13.305868786000076,52.405289620000076],[13.307197807000023,52.403925783000034],[13.311926097000025,52.399185473000045],[13.314126978000047,52.40076269700006],[13.327320222000026,52.40547080200008],[13.331015800000046,52.40690477800007],[13.336446847000047,52.40901768900005],[13.343248653000046,52.41161993900005],[13.343172672000037,52.410258345000045],[13.343028478000065,52.407674170000064],[13.35259852200005,52.40194836500007],[13.359201922000068,52.39842538400006],[13.365949345000047,52.39602358900004],[13.37213521600006,52.39382382500003],[13.371609274000036,52.392146969000066],[13.370454231000053,52.38846390000003],[13.377369238000028,52.38825345100008],[13.378798535000044,52.38829120500003],[13.387216841000054,52.388584164000065],[13.38799847200005,52.38220217400004],[13.388520782000057,52.37796846700007],[13.391497612000023,52.37783382400005],[13.39438689900004,52.37771021800006],[13.397770132000062,52.37745587500007],[13.401235221000036,52.37717594500003],[13.402086892000057,52.377133290000074],[13.407829382000045,52.376845529000036],[13.417902540000057,52.37634008200007],[13.420984876000034,52.37624714200007],[13.424484771000039,52.381445245000066],[13.427431721000062,52.38581968500006],[13.427585365000027,52.386823993000064],[13.423810365000065,52.39505233400007],[13.418433070000049,52.40718055800005],[13.418772686000068,52.40991740700008],[13.419935190000047,52.410141175000035],[13.42130693300004,52.410413848000076],[13.428176437000047,52.41193872800005],[13.431780084000025,52.412579900000026],[13.436018042000057,52.413691492000055],[13.438863647000062,52.41444097700003],[13.447176458000058,52.416631530000075],[13.449784909000073,52.417374421000034],[13.452966725000067,52.41828049600008],[13.457602657000052,52.419606584000064],[13.462321603000078,52.42062443700007],[13.468337476000045,52.41943196700004],[13.474151739000035,52.408748580000065],[13.477557664000074,52.40306584900003],[13.477990500000033,52.40204705000008],[13.478503721000038,52.40090924800006],[13.478753874000063,52.40002098200006],[13.479195588000039,52.398470916000065],[13.479884998000045,52.39599663400003],[13.48325329100004,52.39686711000007],[13.486660175000054,52.39743051200003],[13.489692726000044,52.39789512600004],[13.494137643000045,52.398576494000054],[13.497461156000043,52.39898866000004],[13.500666608000074,52.39939468400007],[13.51204569600003,52.40100011000004],[13.515165086000025,52.40143491300006],[13.518388999000024,52.40145297300006],[13.521480697000072,52.40147427000005],[13.526652154000033,52.39896122500005],[13.528263238000022,52.39839621600004],[13.531102435000037,52.39860364500004],[13.538379367000061,52.40067906500008],[13.537509326000077,52.39890987600006],[13.535779281000032,52.39529921700006],[13.535083882000038,52.39349859300006],[13.53479203300003,52.39135473400006],[13.535224395000057,52.39019184600005],[13.535663613000054,52.38901045500006],[13.547177687000044,52.388685029000044],[13.554590717000053,52.38847659400005],[13.558857659000068,52.38848501600006],[13.564905286000055,52.38828584100003],[13.570759741000074,52.389351462000036],[13.587519316000055,52.39238729400006],[13.592762117000063,52.394169688000034],[13.593051246000073,52.39366717400003],[13.593602887000031,52.39313089400008],[13.593942092000077,52.39250107000004],[13.59400084300006,52.391644436000036],[13.593917055000077,52.390854481000076],[13.593962819000069,52.389809153000044],[13.594735909000065,52.38757491700005],[13.595228554000073,52.38682411500008],[13.595815643000037,52.38637692000003],[13.59657291800005,52.38605135300003],[13.597458804000041,52.385884488000045],[13.598695264000071,52.38568156700006],[13.599481877000073,52.38535522300003],[13.600842047000071,52.38460000500004],[13.602066294000053,52.383794272000046],[13.602762068000061,52.38321821300008],[13.603238806000036,52.382665813000074],[13.603659278000066,52.38215087000003],[13.604621586000064,52.38138788200007],[13.605570831000023,52.38043619500007],[13.606295661000047,52.37964332700005],[13.605632422000042,52.37770717700005],[13.606249930000047,52.37654099000008],[13.606063886000072,52.375650310000026],[13.604438755000047,52.37420620200004],[13.61123419300003,52.37636586700006],[13.612462230000062,52.37676452900007],[13.627949924000063,52.38179067000004],[13.631747851000057,52.37802806000008],[13.633391387000074,52.37628389000008],[13.64170070800003,52.37720629100005],[13.643364633000033,52.37739092600003],[13.642229225000051,52.37478370500003],[13.641696955000043,52.370953943000075],[13.642775964000066,52.370610645000056],[13.64359018600004,52.37050279200008],[13.64680609100003,52.37016052700005],[13.646723128000076,52.36941961400004],[13.646951879000028,52.36872582900003],[13.647136897000053,52.36777016100007],[13.647105428000032,52.366875468000046],[13.646833393000065,52.36610140200003],[13.645933350000064,52.36524852800005],[13.644394214000044,52.36460292500004],[13.642507344000023,52.363716330000045],[13.64201283400007,52.36348396000005],[13.641005932000041,52.36288154500005],[13.640173507000043,52.36210307500005],[13.639234643000066,52.36113684900005],[13.638637533000065,52.36016167900004],[13.638373644000069,52.35950170500007],[13.638520465000056,52.358536310000034],[13.638485116000027,52.358435652000026],[13.638287646000038,52.35779168400006],[13.638104488000067,52.35719437200004],[13.637939390000042,52.35660900200003],[13.637749025000062,52.34831451300005],[13.636681166000074,52.348170948000075],[13.636291071000073,52.34703792500005],[13.636905166000076,52.34513555900003],[13.637951370000053,52.34382067100006],[13.638405939000052,52.34345769400005],[13.640819057000044,52.34192740900005],[13.642000818000042,52.34068811100008],[13.642645204000075,52.34001231800005],[13.643288921000021,52.33998897400005],[13.644537977000027,52.339943669000036],[13.64506188300004,52.339252325000075],[13.645392413000025,52.338816148000035],[13.647409794000055,52.33830594500006],[13.64840072100003,52.338241836000066],[13.650717924000048,52.33890505000005],[13.65172295800005,52.33945761600006],[13.651077889000021,52.34266639300006],[13.651939655000035,52.34364408600004],[13.652461405000054,52.34443064000004],[13.652734277000036,52.34499508700003],[13.653292644000032,52.34563777300008],[13.653938193000045,52.34619242200006],[13.654723509000064,52.34674339400004],[13.655512843000054,52.34735141600004],[13.65591752000006,52.34779806600005],[13.656002117000071,52.34833887600007],[13.656133302000057,52.34887846100003],[13.656552008000062,52.34952480600003],[13.65664662200004,52.35020825600003],[13.65669865500007,52.35094998800008],[13.656975622000061,52.35157147900003],[13.657651875000056,52.351896656000065],[13.658605667000074,52.35218594400004],[13.65906101400003,52.35268841200008],[13.659188242000027,52.353170936000026],[13.660202685000058,52.35365868100007],[13.661209134000046,52.35403230500003],[13.661889464000069,52.35441451400004],[13.662395471000025,52.35497279800006],[13.662455624000074,52.35582863700006],[13.662505753000062,52.356541836000076],[13.663064403000021,52.35718447200003],[13.663655621000032,52.35762618200005],[13.664573010000026,52.35805928900004],[13.665258374000075,52.35823227800006],[13.665887636000036,52.35839110100005],[13.665940514000056,52.35851573200006],[13.665951263000068,52.35866847900007],[13.66600347700006,52.35982833500003],[13.666140222000024,52.360517867000056],[13.666272676000062,52.36093745800008],[13.666448530000025,52.36134690200004],[13.666667784000026,52.36174619900004],[13.666915763000077,52.36213573600003],[13.667290017000028,52.362647966000054],[13.667707677000067,52.36315004700003],[13.668042470000046,52.36351928700003],[13.668391946000042,52.36388813900004],[13.668992722000041,52.36448440200007],[13.669622236000066,52.36507090200007],[13.67053306500003,52.365893018000065],[13.671080361000065,52.36635565700004],[13.671543507000024,52.36666748700003],[13.671879731000047,52.36684764100005],[13.672425888000078,52.36708526000007],[13.673264350000068,52.367297146000055],[13.674159631000066,52.367480519000026],[13.675026830000036,52.36768263100004],[13.675433296000051,52.36781590900006],[13.675811042000078,52.36795894800008],[13.676725383000075,52.368411852000065],[13.677678701000048,52.368791704000046],[13.678532533000066,52.36901215000006],[13.679189832000077,52.36915677800005],[13.680318766000028,52.369315914000026],[13.681216085000074,52.36931914500008],[13.682568507000042,52.369103263000056],[13.682784875000038,52.36904351600003],[13.68320292900006,52.368924409000044],[13.683605667000052,52.36879670500008],[13.683806081000057,52.36871937600006],[13.68399181600006,52.36864243500003],[13.684346696000034,52.36846198600006],[13.685378783000033,52.36787648900008],[13.685733652000067,52.36769603700003],[13.685920015000022,52.36762807800005],[13.686105742000052,52.36755113400005],[13.686523774000023,52.367432016000066],[13.686957118000066,52.36732149100004],[13.68717474500005,52.36727970600003],[13.687638716000038,52.36718637000007],[13.688105233000044,52.367128972000046],[13.688324131000059,52.36710515400006],[13.688558981000028,52.36709891600003],[13.688764474000038,52.367093458000056],[13.688986557000021,52.367114564000076],[13.689208639000071,52.36713567000004],[13.689430722000054,52.36715677500007],[13.689668121000068,52.36718647500004],[13.690115474000038,52.36727360900005],[13.690564104000032,52.36737871100007],[13.690774697000052,52.36744512900003],[13.691180570000029,52.36756936900008],[13.69137648700007,52.367636176000076],[13.691573042000073,52.36771196700005],[13.691740879000065,52.36779752400008],[13.691909354000074,52.36789206600008],[13.692064426000059,52.36800496700005],[13.692204821000075,52.36811825900003],[13.692456893000042,52.36835460700007],[13.692990403000067,52.368826521000074],[13.69333948700006,52.369186314000046],[13.694008950000068,52.36991566300003],[13.694358688000023,52.370284438000056],[13.694974573000025,52.37088017900004],[13.695493460000023,52.37135247200007],[13.695633874000066,52.371465759000046],[13.695774927000059,52.371588031000044],[13.696025122000037,52.37179741700004],[13.696572113000059,52.37225095300005],[13.69744591600005,52.37295684000003],[13.697819955000057,52.37325294300007],[13.698983393000049,52.37410523700004],[13.699997283000073,52.37512134100007],[13.700507629000072,52.37795234200007],[13.699737795000033,52.37788284000004],[13.696875512000076,52.377553996000074],[13.69863315300006,52.38158504100005],[13.694882660000076,52.380973736000044],[13.690982611000038,52.38275426800004],[13.689753063000069,52.38331555100007],[13.688061986000037,52.38291036600003],[13.687741018000054,52.38386183700004],[13.685747783000068,52.384075875000065],[13.686117546000048,52.38489967100003],[13.686711976000026,52.38581835000008],[13.687122403000046,52.386117083000045],[13.687404480000055,52.38625250100006],[13.687676448000047,52.38624528200006],[13.68827540600006,52.38592030600006],[13.688703856000075,52.38553085500007],[13.689013524000075,52.38533359500008],[13.689627630000075,52.385216967000076],[13.690103968000074,52.38534721800005],[13.690664760000061,52.385570494000035],[13.691228933000048,52.38584131200008],[13.691720469000074,52.386185510000075],[13.692257618000042,52.386623764000035],[13.692830254000057,52.387013436000075],[13.693406276000076,52.38745065100005],[13.693744122000055,52.38782274600004],[13.694355640000026,52.38821137700006],[13.695141879000062,52.38876243400006],[13.696342297000058,52.389325574000054],[13.696791675000043,52.38962323900006],[13.697119422000071,52.389852689000065],[13.697376224000038,52.39017929600004],[13.697398203000034,52.39048833700008],[13.69738639700006,52.39086973000008],[13.697376284000029,52.39127489400005],[13.697417653000059,52.39148434900005],[13.697771647000025,52.39190743900008],[13.698092651000024,52.39204179600006],[13.698636653000051,52.39202731000006],[13.698993340000072,52.390163218000055],[13.702421776000051,52.39202525600007],[13.703178154000057,52.393478232000064],[13.704043202000037,52.39359806500005],[13.704563613000062,52.393798539000045],[13.70505195000004,52.39409513700008],[13.705383161000043,52.39437210800003],[13.70563835300004,52.39467492500006],[13.705778666000072,52.39500462400008],[13.708905199000071,52.39545296800003],[13.712842428000044,52.39803928600003],[13.716436629000043,52.399527437000074],[13.717291362000026,52.398721385000044],[13.719421146000059,52.39866432600007],[13.720862229000033,52.39926483200003],[13.721887711000022,52.39899428200005],[13.723344804000021,52.39858611500006],[13.72482834300007,52.39957251900006],[13.728216161000034,52.40022868900007],[13.73099277700004,52.39995600100008],[13.734537746000058,52.40197606900006],[13.73425657000007,52.40368483800006],[13.735165969000036,52.40600103500003],[13.738749108000036,52.40732177700005],[13.737780499000053,52.408148158000074],[13.737559131000069,52.40853520600007],[13.737287896000055,52.40909508500005],[13.737162549000061,52.40951765400007],[13.736665402000028,52.40996929100004],[13.736031528000069,52.41025312200003],[13.73480210300005,52.41055681200004],[13.73416467900006,52.41072257400003],[13.73356872000005,52.411100641000075],[13.73314466200003,52.41170272800008],[13.732777952000049,52.41229464400004],[13.732125060000044,52.41304136100007],[13.73106995300003,52.41413195900003],[13.730727820000027,52.414492231000054],[13.730277823000051,52.414990429000056],[13.729657097000029,52.41592245100003],[13.729462960000035,52.41668982900006],[13.72951353600007,52.41739346700007],[13.729975292000063,52.41818132600008],[13.730592583000032,52.41896500200005],[13.731443683000066,52.41953279400008],[13.731353199000068,52.42073172000005],[13.73342047500006,52.42281901200005],[13.737906269000064,52.42687467800005],[13.739227516000028,52.42661403400007],[13.740564093000046,52.42636196400008],[13.741384526000047,52.426915964000045],[13.74167716900007,52.428114324000035],[13.742053909000049,52.42966148900007],[13.739460975000043,52.43005545700004],[13.740039524000053,52.43215530200007],[13.73762326800005,52.43234642300007],[13.737803685000074,52.433214742000075],[13.737958595000066,52.434137759000066],[13.743118130000028,52.43399868900008],[13.744060180000076,52.438069116000065],[13.75053611800007,52.441458956000076],[13.754215103000035,52.44161149900003],[13.752296088000037,52.43708146100005],[13.754676625000059,52.43680099800008],[13.757468086000074,52.43650035300004],[13.759587219000025,52.436271883000074],[13.760018934000072,52.43734941200006],[13.760469284000067,52.43848044600003],[13.757663671000046,52.43879054300004],[13.759028644000068,52.44257936500003],[13.756897115000072,52.44284416000005],[13.75410721000003,52.44317174400004],[13.754362952000065,52.44572181900003],[13.754479059000062,52.44687945000004],[13.75321991100003,52.44759765900005],[13.746611878000067,52.44834491900008],[13.745270335000043,52.44849657800006],[13.738929962000043,52.44903657400005],[13.734781533000046,52.45075953500003],[13.732213280000053,52.450081440000076],[13.729112161000046,52.45059682400006],[13.720642113000054,52.45657598000008],[13.716447655000024,52.46219428900008],[13.713494298000057,52.46226266900004],[13.711390876000053,52.46332278500006],[13.703989139000043,52.46686834800005],[13.701324133000071,52.46814548200007],[13.699191031000055,52.468202218000044],[13.699851611000042,52.46692444800004],[13.702425692000077,52.46519969000008],[13.704051924000055,52.46423824100003],[13.705151737000051,52.46044631400008],[13.705332653000028,52.45943140400004],[13.705626321000068,52.457783885000026],[13.705365294000046,52.45576642800006],[13.704443749000063,52.45426427900003],[13.701249320000045,52.454699239000036],[13.698432701000058,52.45508021900008],[13.697162985000034,52.45876858200006],[13.697532677000027,52.46002796600004],[13.697700269000052,52.460725626000055],[13.697754662000023,52.46128227200006],[13.697725270000035,52.46169712200003],[13.697543039000038,52.46224205400006],[13.69714401300007,52.46305378900007],[13.69699693900003,52.463471765000065],[13.696824930000048,52.46416044600005],[13.694841668000038,52.464249134000056],[13.686753036000027,52.465111757000045],[13.682599380000056,52.46618485100004],[13.679135011000028,52.469084860000066],[13.678786951000063,52.46937309700007],[13.674500114000068,52.470863472000076],[13.670661020000068,52.473061991000066],[13.666980239000054,52.474167058000035],[13.66463159600005,52.47367976900006],[13.660004370000024,52.47411640900003],[13.657740356000033,52.47503995400007],[13.654862575000038,52.476879662000044],[13.648215010000058,52.47878196000005],[13.643316561000063,52.47914402400005],[13.640613124000026,52.47948463300003],[13.63961438900003,52.478484567000066],[13.63772061900005,52.47754383600005],[13.634900402000028,52.47579011500005],[13.631966262000049,52.47514642700003],[13.628814904000023,52.47350019900006],[13.62580803800006,52.473713356000076],[13.625508627000045,52.468356508000056],[13.622639179000032,52.46849697300007],[13.621027780000077,52.468562828000074],[13.62111173900007,52.470405862000064],[13.61712794600004,52.47119320300004],[13.615171227000076,52.469758710000065],[13.611517293000077,52.47062733400003],[13.613586270000042,52.47243616600008],[13.616397385000027,52.47489353000003],[13.613538252000069,52.47575062000004],[13.61410836300007,52.47771535900006],[13.615010815000062,52.48082505600007],[13.62522732800005,52.48929115400006],[13.629630912000039,52.493020165000075],[13.630800435000026,52.49412005100004],[13.626544409000076,52.494635507000055],[13.624670748000028,52.495184263000056],[13.626525283000035,52.498393401000044],[13.628300471000045,52.50333379700004],[13.629363203000025,52.50630348200008],[13.633318830000064,52.51182618800004],[13.63466601600004,52.51315926700005],[13.636691702000064,52.514699688000064],[13.638223243000027,52.51571289900005],[13.640017177000061,52.516890269000044],[13.644040011000072,52.519341593000036],[13.646982858000058,52.52069589400003],[13.655998444000033,52.524465460000044],[13.65857246400003,52.525811152000074],[13.658294149000028,52.526259494000044],[13.657963237000047,52.52679922300007],[13.657663505000073,52.527572158000055],[13.65721420500006,52.52873604900003],[13.656943278000028,52.52949922500005],[13.656895568000039,52.52986951200006],[13.655336540000064,52.52994635200008],[13.650130344000047,52.53020858600007],[13.642614945000048,52.53058484600007],[13.631381540000064,52.530769289000034],[13.627081927000063,52.530277897000076],[13.625906814000075,52.53014637500007],[13.626732385000025,52.537748572000055],[13.630576233000056,52.538044815000035],[13.631941233000077,52.53814436000005],[13.635069541000064,52.54087125400008],[13.635358749000034,52.54162879300003],[13.629868287000022,52.54206852000004],[13.61973548900005,52.542877901000054],[13.618857568000067,52.54294798500007],[13.610827433000054,52.54423557700005],[13.607879269000023,52.544725655000036],[13.60315053200003,52.54551352800007],[13.586905050000041,52.54821677100006],[13.585985821000065,52.548375313000065],[13.585387118000028,52.54847164300003],[13.585653875000048,52.54891483700004],[13.58604113900003,52.54960695700004],[13.586372553000047,52.55034550900007],[13.586819656000046,52.55147711600006],[13.587299235000046,52.55243688200005],[13.587519088000022,52.553484301000026],[13.587550300000032,52.554365543000074],[13.587494309000022,52.55526701900004],[13.587314195000033,52.55608166800005],[13.587114258000042,52.556608811000046],[13.586325521000049,52.55759204600008],[13.585614716000066,52.558398606000026],[13.585025037000037,52.55891377900008],[13.584627096000077,52.55937641700007],[13.58435107300005,52.55990737600007],[13.58414351600004,52.56086522600003],[13.58407724500006,52.56160514000004],[13.583890674000031,52.562300503000074],[13.583772294000028,52.56285124000004],[13.58373192700003,52.56339998300007],[13.583665645000053,52.56413989500004],[13.583409223000046,52.564956109000036],[13.583186892000072,52.56570001000006],[13.583180617000039,52.56617644000005],[13.58323463000005,52.56696090200006],[13.583319472000028,52.56762550800005],[13.58308730500005,52.56822677800005],[13.582749551000063,52.56899744100008],[13.581539702000043,52.570881943000074],[13.578049884000052,52.57104305800004],[13.577133138000022,52.57274950100003],[13.57556293600004,52.573761578000074],[13.570629934000067,52.57291523600003],[13.569745178000062,52.57315376200006],[13.567569499000058,52.573740128000054],[13.566948972000034,52.57438592200003],[13.564007091000065,52.57802475900007],[13.562179540000045,52.57981719600008],[13.559860799000035,52.58177506000004],[13.557273329000054,52.58326267700005],[13.555780385000048,52.58411951000005],[13.54711210000005,52.58788476600006],[13.541627633000076,52.58915714700004],[13.533764365000025,52.59087609800008],[13.527307869000026,52.59220824100004],[13.522430212000074,52.592852503000074],[13.508153615000026,52.592183257000045],[13.50508334400007,52.596539860000064],[13.500113113000054,52.60359045100006],[13.499003893000065,52.60516361400005],[13.49675228500007,52.60509353900005],[13.497293418000027,52.60677204400008],[13.498545980000074,52.61068279300008],[13.500218077000056,52.61379113100003],[13.502445059000024,52.617452627000034],[13.50324351100005,52.61877371600008],[13.505351602000076,52.61955823200003],[13.50549518300005,52.62154685200005],[13.505565003000072,52.62251380200007],[13.505817351000076,52.625828382000066],[13.508040785000048,52.62656971700005],[13.512277922000067,52.62798931400005],[13.517698658000029,52.629635919000066],[13.518484202000025,52.63163221100007],[13.519876618000069,52.634479741000064],[13.522071333000042,52.63896721700007],[13.522481854000034,52.64159955200006],[13.522917740000025,52.64426481100003],[13.523100123000063,52.645430195000074],[13.52049882800003,52.645252267000046],[13.519397673000071,52.64669272500004],[13.518873170000063,52.64747079400007],[13.517495989000054,52.64723520900003],[13.512781529000051,52.64556195000006],[13.51193365100005,52.645934072000045],[13.509777873000075,52.64687874700007],[13.507083140000077,52.648340318000066],[13.505395262000036,52.64925571200007],[13.504278933000023,52.649598455000046],[13.503046219000055,52.64997107800008],[13.499850834000028,52.65108538700008],[13.490831410000055,52.65472873400006],[13.487978816000066,52.656995143000074],[13.485294839000062,52.65913131900004],[13.487234472000068,52.666706085000044],[13.487604149000049,52.66814946900007],[13.487955903000056,52.66952278400004],[13.488219322000077,52.67055116600005],[13.479001915000026,52.667745911000054],[13.475647695000077,52.66628065700007],[13.475632082000061,52.66671300400003],[13.475512550000076,52.66878186500003],[13.475644588000023,52.66958817200003],[13.47601125600005,52.67038870200008],[13.476614150000046,52.671207226000035],[13.478789977000076,52.67345252100006],[13.480055494000055,52.67464638200005]]]}}]}
