{"type":"FeatureCollection","features":[{"type":"Feature","properties":{"featurecla":"Admin-0 country","scalerank":0,"LABELRANK":2,"SOVEREIGNT":"France","SOV_A3":"FR1","ADM0_DIF":1,"LEVEL":2,"TYPE":"Country","TLC":"1","ADMIN":"France","ADM0_A3":"FRA","GEOU_DIF":0,"GEOUNIT":"France","GU_A3":"FRA","SU_DIF":0,"SUBUNIT":"France","SU_A3":"FRA","BRK_DIFF":0,"NAME":"France","NAME_LONG":"France","BRK_A3":"FRA","BRK_NAME":"France","BRK_GROUP":null,"ABBREV":"Fr.","POSTAL":"F","FORMAL_EN":"French Republic","FORMAL_FR":null,"NAME_CIAWF":"France","NOTE_ADM0":null,"NOTE_BRK":null,"NAME_SORT":"France","NAME_ALT":null,"MAPCOLOR7":7,"MAPCOLOR8":5,"MAPCOLOR9":9,"MAPCOLOR13":11,"POP_EST":67059887,"POP_RANK":16,"POP_YEAR":2019,"GDP_MD":2715518,"GDP_YEAR":2019,"ECONOMY":"1. Developed region: G7","INCOME_GRP":"1. High income: OECD","FIPS_10":"FR","ISO_A2":"-99","ISO_A2_EH":"FR","ISO_A3":"-99","ISO_A3_EH":"FRA","ISO_N3":"-99","ISO_N3_EH":"250","UN_A3":"250","WB_A2":"FR","WB_A3":"FRA","WOE_ID":-90,"WOE_ID_EH":23424819,"WOE_NOTE":"Includes only Metropolitan France (including Corsica)","ADM0_ISO":"FRA","ADM0_DIFF":null,"ADM0_TLC":"FRA","ADM0_A3_US":"FRA","ADM0_A3_FR":"FRA","ADM0_A3_RU":"FRA","ADM0_A3_ES":"FRA","ADM0_A3_CN":"FRA","ADM0_A3_TW":"FRA","ADM0_A3_IN":"FRA","ADM0_A3_NP":"FRA","ADM0_A3_PK":"FRA","ADM0_A3_DE":"FRA","ADM0_A3_GB":"FRA","ADM0_A3_BR":"FRA","ADM0_A3_IL":"FRA","ADM0_A3_PS":"FRA","ADM0_A3_SA":"FRA","ADM0_A3_EG":"FRA","ADM0_A3_MA":"FRA","ADM0_A3_PT":"FRA","ADM0_A3_AR":"FRA","ADM0_A3_JP":"FRA","ADM0_A3_KO":"FRA","ADM0_A3_VN":"FRA","ADM0_A3_TR":"FRA","ADM0_A3_ID":"FRA","ADM0_A3_PL":"FRA","ADM0_A3_GR":"FRA","ADM0_A3_IT":"FRA","ADM0_A3_NL":"FRA","ADM0_A3_SE":"FRA","ADM0_A3_BD":"FRA","ADM0_A3_UA":"FRA","ADM0_A3_UN":-99,"ADM0_A3_WB":-99,"CONTINENT":"Europe","REGION_UN":"Europe","SUBREGION":"Western Europe","REGION_WB":"Europe & Central Asia","NAME_LEN":6,"LONG_LEN":6,"ABBREV_LEN":3,"TINY":-99,"HOMEPART":1,"MIN_ZOOM":0,"MIN_LABEL":1.7,"MAX_LABEL":6.7,"LABEL_X":2.552275,"LABEL_Y":46.696113,"NE_ID":1159320637,"WIKIDATAID":"Q142","NAME_AR":"فرنسا","NAME_BN":"ফ্রান্স","NAME_DE":"Frankreich","NAME_EN":"France","NAME_ES":"Francia","NAME_FA":"فرانسه","NAME_FR":"France","NAME_EL":"Γαλλία","NAME_HE":"צרפת","NAME_HI":"फ़्रान्स","NAME_HU":"Franciaország","NAME_ID":"Prancis","NAME_IT":"Francia","NAME_JA":"フランス","NAME_KO":"프랑스","NAME_NL":"Frankrijk","NAME_PL":"Francja","NAME_PT":"França","NAME_RU":"Франция","NAME_SV":"Frankrike","NAME_TR":"Fransa","NAME_UK":"Франція","NAME_UR":"فرانس","NAME_VI":"Pháp","NAME_ZH":"法国","NAME_ZHT":"法國","FCLASS_ISO":"Admin-0 country","TLC_DIFF":null,"FCLASS_TLC":"Admin-0 country","FCLASS_US":null,"FCLASS_FR":null,"FCLASS_RU":null,"FCLASS_ES":null,"FCLASS_CN":null,"FCLASS_TW":null,"FCLASS_IN":null,"FCLASS_NP":null,"FCLASS_PK":null,"FCLASS_DE":null,"FCLASS_GB":null,"FCLASS_BR":null,"FCLASS_IL":null,"FCLASS_PS":null,"FCLASS_SA":null,"FCLASS_EG":null,"FCLASS_MA":null,"FCLASS_PT":null,"FCLASS_AR":null,"FCLASS_JP":null,"FCLASS_KO":null,"FCLASS_VN":null,"FCLASS_TR":null,"FCLASS_ID":null,"FCLASS_PL":null,"FCLASS_GR":null,"FCLASS_IT":null,"FCLASS_NL":null,"FCLASS_SE":null,"FCLASS_BD":null,"FCLASS_UA":null},"bbox":[-61.797841,-21.370782,55.854503,51.087541],"geometry":{"type":"MultiPolygon","coordinates":[[[[-54.111527,2.11427],[-54.134908,2.110673],[-54.148137,2.114394],[-54.157387,2.121655],[-54.188548,2.161316],[-54.194491,2.163073],[-54.210046,2.161575],[-54.229786,2.157234],[-54.246477,2.151601],[-54.263789,2.14819],[-54.314019,2.154857],[-54.322855,2.157337],[-54.335051,2.1639],[-54.360941,2.188188],[-54.373911,2.196508],[-54.380526,2.197696],[-54.387812,2.196301],[-54.40254,2.197128],[-54.41148,2.199712],[-54.427087,2.207153],[-54.43396,2.209324],[-54.476644,2.21413],[-54.492664,2.222708],[-54.511422,2.24343],[-54.545787,2.268596],[-54.549146,2.279449],[-54.526409,2.282652],[-54.544289,2.300222],[-54.564649,2.314847],[-54.588162,2.324355],[-54.615292,2.326267],[-54.599221,2.345801],[-54.584751,2.348333],[-54.551162,2.338101],[-54.531576,2.340168],[-54.520311,2.348902],[-54.493387,2.417063],[-54.483311,2.422851],[-54.472613,2.42869],[-54.450548,2.428948],[-54.435458,2.431119],[-54.423469,2.435925],[-54.375617,2.483777],[-54.359442,2.508013],[-54.320426,2.606664],[-54.285338,2.677977],[-54.212526,2.776421],[-54.204723,2.791769],[-54.18891,2.838277],[-54.182192,2.846546],[-54.170203,2.853057],[-54.18338,2.863857],[-54.189633,2.870627],[-54.191339,2.877345],[-54.190667,2.887835],[-54.18705,2.899307],[-54.173252,2.919513],[-54.170203,2.925404],[-54.162968,2.955996],[-54.163433,2.969742],[-54.168756,2.971396],[-54.179763,2.983747],[-54.185137,2.997803],[-54.173614,3.004521],[-54.169169,3.010722],[-54.170875,3.024829],[-54.177024,3.048911],[-54.179195,3.051598],[-54.188548,3.058316],[-54.190667,3.059143],[-54.188496,3.06462],[-54.184001,3.067979],[-54.179453,3.070305],[-54.177024,3.072785],[-54.174699,3.093921],[-54.177076,3.116555],[-54.18798,3.130973],[-54.211182,3.127407],[-54.19046,3.178102],[-54.176559,3.200581],[-54.140024,3.245023],[-54.114289,3.285382],[-54.080805,3.309314],[-54.080234,3.309722],[-54.069486,3.327085],[-54.062716,3.346696],[-54.060339,3.364214],[-54.055688,3.377676],[-54.019359,3.415374],[-54.00303,3.455397],[-54.006285,3.531026],[-53.998276,3.573039],[-53.990266,3.595699],[-53.988819,3.610995],[-53.994813,3.623604],[-54.008818,3.637919],[-54.017861,3.641458],[-54.028403,3.639831],[-54.03941,3.636446],[-54.050107,3.634534],[-54.050675,3.640554],[-54.074033,3.676107],[-54.094445,3.747059],[-54.104781,3.75804],[-54.125503,3.788736],[-54.136097,3.795738],[-54.170203,3.805815],[-54.181623,3.811009],[-54.18736,3.814678],[-54.197488,3.826899],[-54.207048,3.846485],[-54.214541,3.858215],[-54.218004,3.857647],[-54.222241,3.866199],[-54.241051,3.876354],[-54.265804,3.922527],[-54.272522,3.929529],[-54.286475,3.940717],[-54.293141,3.949812],[-54.30389,3.984461],[-54.310194,3.994202],[-54.344353,4.024949],[-54.353861,4.041718],[-54.355153,4.066523],[-54.351019,4.082078],[-54.337583,4.116649],[-54.334689,4.131713],[-54.338565,4.152332],[-54.3489,4.160522],[-54.38249,4.169566],[-54.394892,4.177911],[-54.406571,4.191528],[-54.41055,4.208581],[-54.399595,4.227262],[-54.393187,4.244393],[-54.394117,4.269818],[-54.402954,4.312942],[-54.433443,4.376375],[-54.450806,4.484224],[-54.447964,4.509545],[-54.428172,4.546158],[-54.423469,4.563392],[-54.423469,4.604345],[-54.425278,4.61605],[-54.437732,4.648735],[-54.438559,4.673282],[-54.435148,4.692376],[-54.435458,4.709404],[-54.447344,4.727852],[-54.457007,4.73333],[-54.467291,4.736198],[-54.475404,4.741727],[-54.47866,4.755189],[-54.47866,4.87867],[-54.484964,4.892752],[-54.486721,4.902958],[-54.482122,4.912802],[-54.455509,4.931431],[-54.450806,4.936728],[-54.448842,4.951482],[-54.457576,4.99135],[-54.454785,5.008533],[-54.448636,5.024294],[-54.430239,5.053388],[-54.375617,5.114883],[-54.37231,5.121058],[-54.369881,5.132375],[-54.365437,5.138757],[-54.350037,5.149583],[-54.343577,5.156379],[-54.332002,5.196196],[-54.320652,5.212454],[-54.311331,5.225806],[-54.269163,5.269085],[-54.19046,5.325748],[-54.170969,5.348375],[-54.137522,5.360053],[-54.106679,5.381171],[-54.080434,5.407945],[-54.061106,5.43651],[-54.033111,5.505439],[-54.01301,5.540595],[-54.007192,5.558173],[-53.991925,5.661348],[-53.974242,5.692196],[-53.954585,5.726126],[-53.94435,5.744641],[-53.934023,5.744765],[-53.889777,5.73826],[-53.858883,5.733766],[-53.835599,5.723941],[-53.815651,5.715919],[-53.808288,5.714836],[-53.811424,5.720605],[-53.832423,5.731694],[-53.824525,5.733223],[-53.810333,5.73106],[-53.776742,5.714156],[-53.750213,5.696699],[-53.732404,5.684203],[-53.714581,5.674414],[-53.695596,5.663456],[-53.582583,5.617772],[-53.547139,5.599942],[-53.517322,5.580775],[-53.49521,5.572105],[-53.481801,5.569525],[-53.448249,5.560946],[-53.40781,5.561832],[-53.336394,5.543917],[-53.30271,5.535476],[-53.277452,5.538192],[-53.263918,5.529888],[-53.24767,5.509752],[-53.230092,5.495307],[-53.207916,5.502346],[-53.207775,5.514037],[-53.225208,5.51706],[-53.244027,5.529745],[-53.264782,5.545825],[-53.282706,5.550301],[-53.289512,5.548902],[-53.291411,5.55471],[-53.28117,5.561879],[-53.271476,5.56036],[-53.251664,5.548627],[-53.221186,5.536336],[-53.177632,5.524432],[-53.155399,5.51413],[-53.130247,5.50477],[-53.082509,5.472154],[-53.046213,5.459662],[-53.005849,5.450751],[-53.001365,5.458642],[-52.994581,5.457624],[-52.965097,5.443867],[-52.896519,5.405668],[-52.829102,5.341883],[-52.783168,5.316884],[-52.752949,5.267352],[-52.681223,5.210354],[-52.540924,5.079006],[-52.529856,5.073432],[-52.526112,5.070746],[-52.526682,5.064521],[-52.527984,5.057929],[-52.526723,5.053616],[-52.52184,5.05268],[-52.509755,5.054511],[-52.504994,5.053616],[-52.479726,5.039618],[-52.402333,4.973822],[-52.380035,4.936835],[-52.388987,4.895901],[-52.370717,4.907213],[-52.345123,4.942857],[-52.32372,4.950588],[-52.299957,4.945054],[-52.279124,4.93122],[-52.264272,4.912502],[-52.258616,4.892483],[-52.276519,4.85932],[-52.31314,4.810777],[-52.343007,4.761176],[-52.340484,4.724595],[-52.33434,4.724595],[-52.331654,4.738349],[-52.324574,4.747992],[-52.317209,4.755194],[-52.313832,4.761868],[-52.308583,4.787258],[-52.30016,4.813381],[-52.285797,4.829576],[-52.242747,4.856187],[-52.231923,4.875434],[-52.21349,4.866685],[-52.19286,4.849677],[-52.176137,4.829169],[-52.16926,4.809963],[-52.159495,4.7956],[-52.094106,4.758124],[-52.06017,4.730455],[-52.024526,4.693549],[-51.996327,4.652289],[-51.984853,4.611314],[-51.979604,4.571438],[-51.956044,4.494045],[-51.950754,4.454006],[-51.961822,4.408393],[-51.988393,4.385688],[-52.019928,4.367011],[-52.046295,4.333564],[-51.985585,4.352607],[-51.951405,4.370673],[-51.936513,4.391913],[-51.934316,4.402167],[-51.924916,4.429348],[-51.92276,4.447089],[-51.931264,4.590399],[-51.925404,4.626207],[-51.909169,4.655707],[-51.896392,4.6647],[-51.881215,4.667792],[-51.864817,4.664781],[-51.848297,4.655707],[-51.801503,4.612698],[-51.79308,4.601142],[-51.800771,4.589667],[-51.773549,4.551988],[-51.765126,4.529039],[-51.76358,4.50609],[-51.758046,4.477769],[-51.747548,4.45718],[-51.731028,4.457099],[-51.733022,4.447903],[-51.737701,4.440375],[-51.742421,4.436021],[-51.7447,4.436591],[-51.743723,4.4289],[-51.738433,4.413031],[-51.730946,4.399359],[-51.714263,4.39525],[-51.697621,4.393052],[-51.690053,4.385077],[-51.694081,4.371039],[-51.703114,4.363511],[-51.71227,4.353746],[-51.716786,4.333564],[-51.71467,4.316148],[-51.708485,4.30036],[-51.669301,4.242092],[-51.656728,4.217271],[-51.650706,4.190009],[-51.649037,4.15233],[-51.652496,4.122056],[-51.672231,4.060777],[-51.683217,4.039374],[-51.757947,4.002522],[-51.783191,3.980947],[-51.797531,3.949967],[-51.806239,3.917514],[-51.818615,3.891081],[-51.83541,3.867543],[-51.899721,3.796669],[-51.930934,3.781398],[-51.93866,3.773569],[-51.940985,3.76357],[-51.938195,3.742512],[-51.940081,3.733959],[-51.948711,3.725097],[-51.955816,3.724425],[-51.963309,3.725458],[-51.972844,3.721686],[-51.988424,3.704555],[-51.995375,3.685332],[-52.0031,3.642311],[-52.012764,3.619108],[-52.054492,3.556709],[-52.06599,3.528855],[-52.074181,3.516634],[-52.093586,3.506867],[-52.093792,3.4994],[-52.092035,3.490202],[-52.092759,3.481391],[-52.227918,3.260112],[-52.238073,3.249725],[-52.251199,3.243059],[-52.25926,3.243317],[-52.267012,3.244919],[-52.279466,3.242491],[-52.299103,3.225334],[-52.31936,3.177637],[-52.355327,3.151592],[-52.361838,3.131955],[-52.361114,3.10932],[-52.351554,3.065964],[-52.353208,3.058419],[-52.416563,2.942509],[-52.422196,2.927471],[-52.417855,2.915482],[-52.410672,2.90556],[-52.409277,2.897344],[-52.422351,2.890522],[-52.433461,2.886595],[-52.441626,2.881324],[-52.448448,2.874348],[-52.455269,2.865046],[-52.5333,2.689863],[-52.539605,2.659425],[-52.542964,2.651519],[-52.551025,2.645989],[-52.571593,2.6386],[-52.575778,2.633742],[-52.572058,2.622993],[-52.55578,2.598137],[-52.551904,2.586562],[-52.553454,2.573384],[-52.55795,2.565633],[-52.563686,2.559328],[-52.56906,2.550388],[-52.590403,2.504706],[-52.619187,2.463468],[-52.656084,2.430912],[-52.677219,2.390398],[-52.690603,2.372983],[-52.707708,2.358927],[-52.819691,2.291541],[-52.862738,2.274229],[-52.880153,2.26038],[-52.8924,2.236867],[-52.900306,2.21413],[-52.906714,2.204983],[-52.917153,2.195733],[-52.923147,2.193666],[-52.934103,2.196405],[-52.939064,2.195733],[-52.944386,2.190978],[-52.953223,2.179041],[-52.959683,2.175217],[-52.980922,2.173253],[-53.01911,2.181987],[-53.061227,2.186276],[-53.092233,2.211907],[-53.113368,2.219349],[-53.132282,2.219297],[-53.252843,2.196508],[-53.268501,2.195733],[-53.279715,2.204983],[-53.272222,2.219969],[-53.254342,2.23418],[-53.234653,2.24126],[-53.234188,2.250975],[-53.29744,2.303685],[-53.322554,2.338566],[-53.330926,2.345698],[-53.344104,2.349625],[-53.348806,2.347661],[-53.35108,2.341719],[-53.37852,2.307561],[-53.390406,2.299034],[-53.425442,2.286011],[-53.462133,2.258985],[-53.473243,2.254127],[-53.511535,2.252267],[-53.531792,2.247047],[-53.547347,2.25175],[-53.579025,2.270405],[-53.595303,2.273867],[-53.629461,2.275314],[-53.645997,2.278467],[-53.713177,2.307354],[-53.742167,2.308542],[-53.74873,2.312676],[-53.748162,2.319343],[-53.738033,2.338825],[-53.737361,2.349057],[-53.748265,2.364663],[-53.764801,2.368694],[-53.783457,2.364095],[-53.800975,2.353811],[-53.811827,2.340427],[-53.821077,2.323632],[-53.830896,2.310144],[-53.843453,2.30663],[-53.866811,2.304925],[-53.879368,2.290611],[-53.888463,2.273816],[-53.901227,2.264514],[-53.921639,2.265961],[-53.932905,2.26963],[-53.937762,2.264617],[-53.938744,2.240123],[-53.946134,2.221984],[-53.963911,2.209324],[-54.005975,2.194337],[-54.011711,2.190565],[-54.021375,2.180592],[-54.027989,2.178576],[-54.03326,2.180333],[-54.043337,2.187723],[-54.048453,2.188808],[-54.069279,2.188343],[-54.076669,2.183692],[-54.084213,2.169326],[-54.098424,2.127959],[-54.111395,2.114291],[-54.111527,2.11427]]],[[[2.5218,51.087541],[2.537033,51.06461],[2.547059,51.020479],[2.55698,51.001177],[2.592741,50.976114],[2.60845,50.961128],[2.611654,50.941233],[2.605763,50.935238],[2.582715,50.920666],[2.576928,50.911519],[2.596668,50.867646],[2.595531,50.861134],[2.58778,50.850024],[2.586746,50.845425],[2.58995,50.842014],[2.602042,50.838087],[2.60659,50.834831],[2.615168,50.82217],[2.620439,50.816486],[2.627777,50.814419],[2.642453,50.812455],[2.650618,50.812248],[2.669222,50.813902],[2.67873,50.81323],[2.691856,50.808838],[2.69692,50.80305],[2.700021,50.79628],[2.706635,50.788787],[2.743842,50.766205],[2.749527,50.75959],[2.762963,50.739385],[2.768234,50.733235],[2.786734,50.723365],[2.866726,50.700091],[2.871276,50.698767],[2.886883,50.696648],[2.900112,50.703108],[2.930188,50.736232],[2.948378,50.748686],[2.971425,50.757833],[3.023817,50.768262],[3.103304,50.784085],[3.129245,50.779072],[3.146195,50.768892],[3.162811,50.749939],[3.176684,50.734114],[3.188983,50.715097],[3.196941,50.709206],[3.210997,50.707965],[3.224433,50.705175],[3.232391,50.695925],[3.24376,50.672102],[3.229808,50.65541],[3.237869,50.626472],[3.264327,50.570196],[3.265878,50.538312],[3.271045,50.526943],[3.286755,50.514075],[3.299881,50.507461],[3.343599,50.49294],[3.361066,50.489787],[3.385354,50.491648],[3.429175,50.501828],[3.442714,50.508494],[3.452636,50.514851],[3.462868,50.51914],[3.477131,50.519863],[3.491497,50.517073],[3.498008,50.511853],[3.496458,50.503792],[3.486743,50.492681],[3.499145,50.48679],[3.563741,50.486532],[3.586375,50.483483],[3.608286,50.476507],[3.62813,50.464363],[3.644356,50.445501],[3.652831,50.406847],[3.652934,50.360183],[3.661719,50.319307],[3.696859,50.298223],[3.700787,50.304683],[3.702234,50.305251],[3.703887,50.304321],[3.708435,50.306336],[3.711122,50.309333],[3.715463,50.317653],[3.733446,50.337239],[3.741508,50.34313],[3.755047,50.346334],[3.798662,50.348452],[3.84021,50.345197],[3.86088,50.338479],[3.878037,50.330779],[3.895917,50.325301],[3.918551,50.325456],[3.982113,50.342613],[4.0033,50.34406],[4.022731,50.338117],[4.055907,50.314553],[4.077198,50.306646],[4.097868,50.294812],[4.125257,50.25714],[4.143654,50.251611],[4.150992,50.256262],[4.149751,50.263135],[4.150268,50.269543],[4.162774,50.272953],[4.171766,50.270886],[4.185201,50.26546],[4.197604,50.258484],[4.203702,50.251973],[4.201325,50.241534],[4.191506,50.234299],[4.167942,50.222465],[4.157296,50.212698],[4.152749,50.204534],[4.147374,50.186343],[4.128151,50.146243],[4.125774,50.128156],[4.139933,50.123557],[4.15988,50.129396],[4.170629,50.130481],[4.180551,50.127226],[4.197397,50.084076],[4.203392,50.074671],[4.210316,50.066713],[4.210006,50.06015],[4.186028,50.05245],[4.162877,50.041805],[4.144584,50.030797],[4.137349,50.025061],[4.132285,50.017568],[4.128151,50.005786],[4.132905,50.004494],[4.138383,49.989198],[4.139623,49.974522],[4.132365,49.974946],[4.131665,49.974987],[4.187682,49.955505],[4.201118,49.953024],[4.215953,49.954408],[4.277599,49.960156],[4.427651,49.933572],[4.435109,49.93225],[4.464771,49.935609],[4.604194,49.980206],[4.645845,49.984495],[4.656697,49.989095],[4.665896,50.000515],[4.672924,50.01638],[4.680572,50.048316],[4.679538,50.055189],[4.675818,50.060201],[4.67344,50.066196],[4.676128,50.076066],[4.681915,50.083921],[4.788575,50.153374],[4.815551,50.161332],[4.820098,50.146449],[4.831364,50.1434],[4.862679,50.147586],[4.871878,50.139783],[4.870534,50.122265],[4.86516,50.101594],[4.862886,50.084076],[4.852137,50.091621],[4.84604,50.09069],[4.827229,50.064077],[4.826093,50.055034],[4.827643,50.046714],[4.826713,50.036017],[4.788265,49.974263],[4.783925,49.958295],[4.797257,49.944291],[4.844593,49.931734],[4.860199,49.913337],[4.861956,49.900314],[4.859372,49.891684],[4.854308,49.883313],[4.848934,49.871066],[4.845626,49.865846],[4.836738,49.859128],[4.834878,49.85303],[4.836945,49.848018],[4.846763,49.837528],[4.849244,49.831585],[4.849037,49.794171],[4.858029,49.786575],[4.884177,49.784146],[4.906604,49.786471],[4.950013,49.796393],[4.968371,49.796981],[4.970993,49.797065],[4.98908,49.790554],[5.026287,49.766731],[5.046234,49.759393],[5.081891,49.752727],[5.093776,49.745337],[5.136358,49.705339],[5.151241,49.695986],[5.169431,49.687201],[5.192478,49.682808],[5.237644,49.690973],[5.259244,49.691335],[5.280122,49.677899],[5.299449,49.662499],[5.306373,49.647513],[5.301826,49.643896],[5.293764,49.640537],[5.290664,49.626378],[5.293041,49.617179],[5.297898,49.613252],[5.314538,49.611133],[5.32167,49.61258],[5.326941,49.617644],[5.331178,49.623122],[5.334899,49.625809],[5.3411,49.625137],[5.352469,49.620693],[5.383475,49.613304],[5.391166,49.608817],[5.402078,49.602451],[5.450241,49.545762],[5.454375,49.536616],[5.454168,49.526177],[5.450964,49.516772],[5.44993,49.507832],[5.456132,49.498944],[5.477732,49.495223],[5.503674,49.505093],[5.528789,49.517961],[5.547599,49.523438],[5.578915,49.51393],[5.587493,49.512431],[5.602273,49.513723],[5.60558,49.517754],[5.607854,49.524937],[5.619739,49.53553],[5.644647,49.543799],[5.667178,49.54044],[5.688676,49.533515],[5.710276,49.531086],[5.722679,49.5346],[5.735598,49.545711],[5.746346,49.549431],[5.757095,49.548398],[5.779006,49.539613],[5.790685,49.537753],[5.822104,49.510519],[5.839571,49.499874],[5.864686,49.492174],[5.928144,49.482304],[5.946954,49.469953],[5.9607,49.441324],[5.978064,49.445097],[6.06333,49.448456],[6.078006,49.452021],[6.087721,49.461633],[6.099813,49.46463],[6.102087,49.470005],[6.101984,49.476413],[6.107255,49.48251],[6.114386,49.484371],[6.142601,49.486076],[6.13609,49.495275],[6.193554,49.499409],[6.221976,49.497445],[6.249365,49.490314],[6.251117,49.48946],[6.298768,49.466232],[6.325329,49.456724],[6.345307,49.455349],[6.353855,49.45476],[6.3645,49.456104],[6.383517,49.46463],[6.391682,49.466697],[6.402741,49.465457],[6.494518,49.435537],[6.511674,49.424736],[6.517876,49.416416],[6.520563,49.408148],[6.520769,49.402567],[6.518806,49.402154],[6.52573,49.395487],[6.574306,49.361794],[6.577717,49.3558],[6.573376,49.347738],[6.555599,49.34717],[6.550122,49.338023],[6.556426,49.326396],[6.573169,49.313115],[6.639677,49.271154],[6.641227,49.266916],[6.63916,49.256788],[6.640297,49.252757],[6.645671,49.250018],[6.659521,49.246763],[6.663758,49.243869],[6.671613,49.225317],[6.674817,49.221131],[6.675954,49.218909],[6.677918,49.211054],[6.680605,49.207489],[6.685049,49.207799],[6.698485,49.213586],[6.702516,49.213638],[6.70882,49.197773],[6.703756,49.185113],[6.700965,49.172865],[6.713781,49.158861],[6.725563,49.155554],[6.770108,49.155295],[6.809072,49.145839],[6.821785,49.147751],[6.839045,49.162788],[6.835221,49.179377],[6.827676,49.195551],[6.833464,49.209452],[6.843489,49.211054],[6.885243,49.204801],[6.914389,49.206662],[6.925448,49.205576],[6.987873,49.182425],[7.009474,49.181702],[7.008957,49.146407],[7.020532,49.118967],[7.042546,49.107598],[7.073242,49.12031],[7.074793,49.125375],[7.071589,49.130594],[7.070762,49.136123],[7.079857,49.142014],[7.085335,49.141549],[7.123575,49.123308],[7.139285,49.117933],[7.154994,49.114419],[7.241191,49.113902],[7.268062,49.105634],[7.274367,49.105014],[7.280258,49.108993],[7.2908,49.123101],[7.297105,49.128114],[7.305993,49.130129],[7.326457,49.131834],[7.334002,49.13416],[7.339066,49.139689],[7.3463,49.15421],[7.350951,49.159171],[7.367591,49.165372],[7.371634,49.166174],[7.391052,49.170023],[7.410483,49.168938],[7.414823,49.157776],[7.458025,49.155864],[7.476112,49.151523],[7.482726,49.137054],[7.475285,49.133901],[7.472804,49.131628],[7.471047,49.12832],[7.485103,49.118708],[7.507738,49.094576],[7.520863,49.083672],[7.542671,49.074577],[7.586389,49.069564],[7.60861,49.061968],[7.615948,49.055973],[7.625663,49.043002],[7.634965,49.037783],[7.644939,49.036294],[7.648814,49.035716],[7.660803,49.037731],[7.672482,49.041039],[7.685091,49.042796],[7.69615,49.041555],[7.717337,49.036595],[7.726949,49.035664],[7.739145,49.037731],[7.762606,49.046155],[7.773665,49.048118],[7.856864,49.032254],[7.913811,49.036181],[7.931898,49.034838],[8.090441,48.979182],[8.18873,48.965746],[8.200305,48.958563],[8.199892,48.95825],[8.179325,48.942698],[8.148112,48.903734],[8.10274,48.821311],[8.090338,48.807513],[8.08424,48.804051],[8.04755,48.791028],[8.038765,48.79077],[8.036594,48.788289],[8.031943,48.785344],[8.027293,48.780021],[8.025122,48.770616],[8.022952,48.765087],[8.017267,48.761831],[8.009619,48.760074],[7.981507,48.759764],[7.970138,48.757283],[7.964867,48.748343],[7.963627,48.729275],[7.959183,48.721368],[7.948434,48.71186],[7.935205,48.703333],[7.92332,48.698217],[7.895931,48.676513],[7.880635,48.667728],[7.864098,48.664162],[7.852419,48.658685],[7.810252,48.615018],[7.801777,48.582359],[7.801673,48.54758],[7.813455,48.526341],[7.813455,48.519468],[7.788444,48.506343],[7.776455,48.498178],[7.771287,48.489109],[7.76922,48.470066],[7.764156,48.460351],[7.757645,48.453891],[7.75072,48.444408],[7.745656,48.433014],[7.738318,48.406607],[7.737181,48.393481],[7.740385,48.381441],[7.746896,48.368677],[7.75196,48.355344],[7.75072,48.341366],[7.736974,48.326664],[7.718578,48.319997],[7.702454,48.311187],[7.69553,48.29018],[7.693463,48.269871],[7.687158,48.252921],[7.676616,48.2384],[7.613364,48.179205],[7.60675,48.166984],[7.604786,48.152566],[7.599722,48.144711],[7.5929,48.138665],[7.585666,48.129725],[7.578948,48.11448],[7.572643,48.094972],[7.575744,48.053709],[7.618945,48.002652],[7.621116,47.97144],[7.611607,47.959399],[7.584942,47.940408],[7.579568,47.92705],[7.580808,47.910798],[7.578948,47.906328],[7.572643,47.896302],[7.568613,47.891367],[7.561998,47.887052],[7.559001,47.882711],[7.557864,47.878526],[7.558381,47.875994],[7.559207,47.873461],[7.559001,47.869017],[7.564168,47.850414],[7.561998,47.839226],[7.548459,47.834239],[7.542878,47.829433],[7.528615,47.797032],[7.525928,47.783157],[7.53833,47.748146],[7.537813,47.731816],[7.531922,47.725202],[7.515386,47.713316],[7.511872,47.707322],[7.514662,47.685798],[7.517866,47.675024],[7.521794,47.670425],[7.536573,47.665205],[7.550112,47.652441],[7.572643,47.622004],[7.578638,47.61694],[7.585046,47.613167],[7.590317,47.607948],[7.592487,47.598414],[7.59011,47.594822],[7.586028,47.584619],[7.585483,47.584479],[7.550319,47.575495],[7.526341,47.566452],[7.520867,47.563416],[7.482726,47.542267],[7.485103,47.541595],[7.501743,47.532965],[7.505154,47.533017],[7.505464,47.523018],[7.501123,47.517307],[7.493062,47.515499],[7.482726,47.516997],[7.476939,47.514879],[7.475595,47.511726],[7.477765,47.507696],[7.484897,47.5009],[7.485776,47.498768],[7.48593,47.498394],[7.485827,47.495784],[7.484483,47.492942],[7.482726,47.491263],[7.46743,47.481909],[7.454511,47.483201],[7.445996,47.486884],[7.441488,47.488834],[7.425986,47.492503],[7.414307,47.490177],[7.41441,47.484028],[7.419474,47.477852],[7.422782,47.475424],[7.427639,47.470747],[7.429293,47.465114],[7.426089,47.455761],[7.420563,47.450857],[7.406349,47.438242],[7.388219,47.433289],[7.378547,47.430646],[7.33693,47.431854],[7.309093,47.432661],[7.282635,47.428889],[7.244808,47.417727],[7.23809,47.416797],[7.230339,47.419019],[7.226308,47.422636],[7.223517,47.426228],[7.219383,47.428476],[7.190031,47.434728],[7.168327,47.443565],[7.162642,47.459895],[7.180833,47.488265],[7.153651,47.486405],[7.142169,47.487651],[7.140318,47.487852],[7.127296,47.492942],[7.103731,47.496275],[7.053915,47.490384],[7.027974,47.492942],[7.018879,47.49767],[7.009784,47.499247],[7.000792,47.49767],[6.991904,47.492942],[6.9733,47.489092],[6.97578,47.477956],[6.986116,47.464132],[6.990973,47.452221],[6.983429,47.443798],[6.968546,47.435194],[6.952319,47.428837],[6.926068,47.424858],[6.924517,47.405996],[6.898783,47.395713],[6.884003,47.382587],[6.871601,47.366955],[6.86664,47.354165],[6.985599,47.362123],[7.003996,47.368143],[7.018879,47.359901],[7.033865,47.350651],[7.044303,47.340497],[7.036552,47.329515],[7.027147,47.325433],[7.016915,47.323521],[7.006476,47.319361],[6.991904,47.305951],[6.986529,47.304504],[6.977434,47.303729],[6.958624,47.290551],[6.952216,47.270036],[6.956247,47.245231],[6.888344,47.211305],[6.859302,47.190919],[6.840285,47.169525],[6.838076,47.168132],[6.774759,47.128184],[6.744787,47.121053],[6.746027,47.103948],[6.731661,47.098883],[6.72794,47.097126],[6.72422,47.09077],[6.699105,47.084621],[6.6897,47.07829],[6.676264,47.0624],[6.688253,47.043848],[6.665412,47.021291],[6.598698,46.986539],[6.491107,46.963388],[6.442635,46.944164],[6.427752,46.909076],[6.431886,46.900032],[6.445219,46.882617],[6.448422,46.871559],[6.446769,46.857709],[6.443118,46.851455],[6.441188,46.848149],[6.434263,46.839545],[6.418554,46.807015],[6.417107,46.802157],[6.419897,46.796525],[6.425168,46.791615],[6.432609,46.785983],[6.433023,46.76911],[6.429199,46.760816],[6.417933,46.751101],[6.407391,46.745701],[6.374215,46.733609],[6.34786,46.71317],[6.337938,46.707409],[6.266315,46.680356],[6.131853,46.595607],[6.118417,46.583463],[6.121517,46.570285],[6.145702,46.55163],[6.110355,46.520831],[6.075525,46.479593],[6.064157,46.471118],[6.060229,46.46502],[6.060229,46.459904],[6.0624,46.455202],[6.064777,46.451068],[6.0655,46.447993],[6.0655,46.440371],[6.067567,46.433601],[6.065707,46.427012],[6.054235,46.419416],[6.059019,46.417383],[6.108185,46.396497],[6.122861,46.385542],[6.135057,46.370401],[6.1364,46.359342],[6.118607,46.331771],[6.104051,46.309216],[6.100743,46.301413],[6.093612,46.273094],[6.093095,46.262294],[6.094026,46.253044],[6.089685,46.246377],[6.067671,46.241623],[6.061883,46.241158],[6.055888,46.241675],[6.048033,46.243432],[6.046173,46.243535],[6.044519,46.243432],[6.042866,46.24307],[5.982921,46.222709],[5.95853,46.211961],[5.954809,46.19992],[5.965248,46.186226],[5.982921,46.170826],[5.979821,46.162248],[5.972172,46.152171],[5.95884,46.130467],[5.982921,46.140441],[6.028293,46.147934],[6.073872,46.149174],[6.107875,46.138632],[6.140328,46.150207],[6.191384,46.191704],[6.255359,46.221107],[6.281198,46.240073],[6.27603,46.26312],[6.269002,46.265239],[6.252259,46.259916],[6.24182,46.263689],[6.237583,46.267926],[6.227971,46.284463],[6.227454,46.288494],[6.218256,46.305495],[6.214122,46.315469],[6.219496,46.329111],[6.24058,46.348955],[6.269105,46.375026],[6.301558,46.394482],[6.332357,46.401381],[6.365223,46.40244],[6.397676,46.408176],[6.482942,46.448587],[6.547021,46.457372],[6.613684,46.455899],[6.762667,46.42926],[6.777716,46.424106],[6.787058,46.414171],[6.788107,46.405008],[6.789229,46.395205],[6.782097,46.378462],[6.755742,46.357068],[6.750368,46.345518],[6.769488,46.322678],[6.804938,46.296607],[6.827676,46.269477],[6.792226,46.221676],[6.774863,46.185864],[6.765664,46.151603],[6.774346,46.134808],[6.853927,46.122612],[6.869224,46.112329],[6.86819,46.10468],[6.861162,46.097032],[6.853101,46.090211],[6.848553,46.085043],[6.851344,46.086025],[6.853101,46.076103],[6.853411,46.065665],[6.851964,46.064683],[6.852377,46.056931],[6.85031,46.052746],[6.85093,46.049645],[6.859715,46.044994],[6.869224,46.044064],[6.876872,46.048095],[6.884003,46.053211],[6.892375,46.055588],[6.915112,46.048612],[6.982808,45.995385],[6.987666,45.993111],[6.991283,45.982466],[7.002756,45.961692],[7.009784,45.943398],[7.015158,45.933321],[7.022083,45.92526],[7.007717,45.920506],[6.997175,45.911307],[6.989113,45.899267],[6.982808,45.885779],[6.969166,45.869759],[6.949012,45.857822],[6.926378,45.849761],[6.905087,45.845368],[6.880386,45.845523],[6.873461,45.8448],[6.872736,45.83968],[6.871699,45.832767],[6.870662,45.828273],[6.864441,45.826891],[6.858564,45.833458],[6.851997,45.836223],[6.843356,45.838643],[6.816204,45.832914],[6.800804,45.826455],[6.788092,45.811727],[6.782717,45.795294],[6.781994,45.777465],[6.784681,45.759585],[6.795946,45.718141],[6.8161,45.69685],[6.843075,45.682742],[6.869224,45.679022],[6.882556,45.675508],[6.905294,45.659695],[6.918626,45.652563],[6.951079,45.646776],[6.963378,45.640729],[6.969476,45.625847],[6.967099,45.620162],[6.955627,45.602592],[6.952939,45.594272],[6.954903,45.586211],[6.965859,45.574429],[6.969786,45.566987],[6.975264,45.525646],[6.982808,45.511125],[7.02849,45.493142],[7.072002,45.470042],[7.075369,45.466286],[7.081821,45.459087],[7.088745,45.446633],[7.096807,45.435419],[7.110139,45.428288],[7.152927,45.41511],[7.160679,45.410924],[7.159645,45.39847],[7.150757,45.383226],[7.130086,45.357078],[7.097737,45.329844],[7.092569,45.323953],[7.097634,45.294962],[7.108382,45.274912],[7.108382,45.259202],[7.0812,45.243079],[7.062183,45.218533],[7.055466,45.213675],[7.050195,45.215019],[7.037689,45.225768],[7.029731,45.228197],[6.994487,45.221324],[6.958727,45.2098],[6.945808,45.201066],[6.928445,45.179569],[6.913769,45.170164],[6.904674,45.168614],[6.881316,45.168407],[6.873461,45.165926],[6.86819,45.157451],[6.872841,45.152025],[6.878629,45.147426],[6.876665,45.141225],[6.844109,45.130115],[6.808142,45.139106],[6.771452,45.153162],[6.736415,45.157348],[6.72887,45.154609],[6.710887,45.144739],[6.702205,45.141225],[6.694351,45.140295],[6.676264,45.14076],[6.667376,45.139623],[6.632701,45.125515],[6.629385,45.123545],[6.614614,45.114767],[6.602728,45.10345],[6.620298,45.084433],[6.636576,45.074459],[6.638127,45.067431],[6.63699,45.059421],[6.639677,45.050378],[6.651666,45.03565],[6.662208,45.029242],[6.697245,45.026917],[6.723496,45.013378],[6.729904,44.984697],[6.72794,44.928732],[6.745407,44.907803],[6.77817,44.887649],[6.847106,44.859072],[6.86602,44.855661],[6.915319,44.862689],[6.932682,44.861656],[6.982808,44.846979],[7.000792,44.832975],[7.004926,44.827963],[7.007096,44.822071],[7.006786,44.819023],[7.005856,44.816335],[7.00596,44.811529],[7.004099,44.810806],[6.999138,44.795045],[6.998415,44.793753],[7.009784,44.7721],[7.015158,44.747399],[7.018982,44.738872],[7.049368,44.697893],[7.055155,44.684871],[7.037275,44.684612],[7.001205,44.69226],[6.982808,44.692157],[6.959864,44.683165],[6.941467,44.66699],[6.934336,44.646682],[6.945601,44.625443],[6.931649,44.61795],[6.897336,44.57542],[6.846383,44.547463],[6.835737,44.534027],[6.838838,44.502918],[6.861266,44.474909],[6.891651,44.451965],[6.9178,44.436307],[6.88421,44.423026],[6.877182,44.414396],[6.86881,44.383183],[6.86633,44.377189],[6.866123,44.372125],[6.869844,44.362926],[6.873978,44.358379],[6.895992,44.339827],[6.903847,44.330008],[6.915629,44.3097],[6.92121,44.302155],[6.930202,44.295385],[6.950046,44.285102],[6.959244,44.27735],[6.965549,44.267532],[6.968856,44.258178],[6.973403,44.249445],[6.982808,44.241745],[6.996141,44.237818],[7.008027,44.239213],[7.020016,44.242107],[7.033451,44.242934],[7.04606,44.240298],[7.104868,44.217767],[7.144969,44.207225],[7.251319,44.160045],[7.270129,44.154309],[7.296174,44.151156],[7.3093,44.147487],[7.316225,44.140201],[7.321599,44.131881],[7.331004,44.125266],[7.340616,44.123664],[7.38082,44.122941],[7.554763,44.159063],[7.583599,44.160716],[7.624733,44.180095],[7.655636,44.176064],[7.64189,44.14356],[7.654085,44.124956],[7.676203,44.108988],[7.687943,44.090799],[7.691912,44.084649],[7.689949,44.067337],[7.678787,44.056588],[7.664317,44.048579],[7.653362,44.03969],[7.646954,44.027495],[7.638686,44.005067],[7.630934,43.993543],[7.60861,43.975611],[7.556934,43.944089],[7.53678,43.920783],[7.493475,43.886237],[7.477869,43.865515],[7.482726,43.840219],[7.502289,43.792222],[7.489106,43.785468],[7.484874,43.785386],[7.480724,43.785834],[7.47641,43.784491],[7.475759,43.780829],[7.477306,43.768134],[7.47641,43.764635],[7.468435,43.761705],[7.462657,43.762112],[7.454345,43.757117],[7.445974,43.749845],[7.437454,43.743361],[7.426246,43.755464],[7.406969,43.763506],[7.387538,43.757899],[7.372655,43.745832],[7.367263,43.734125],[7.36575,43.72273],[7.353184,43.715691],[7.342296,43.707831],[7.338064,43.69831],[7.330533,43.686424],[7.319002,43.68525],[7.300904,43.687689],[7.280253,43.693326],[7.257273,43.691648],[7.241675,43.684869],[7.228509,43.674196],[7.231814,43.66347],[7.213805,43.648673],[7.203791,43.64436],[7.196677,43.656917],[7.177651,43.660109],[7.164595,43.656061],[7.151622,43.654771],[7.144216,43.645453],[7.136567,43.641181],[7.133067,43.633857],[7.126154,43.605833],[7.132091,43.578803],[7.132579,43.573554],[7.136242,43.562459],[7.138916,43.55402],[7.125511,43.547768],[7.112941,43.564544],[7.104324,43.568294],[7.088427,43.568674],[7.071052,43.560805],[7.058108,43.549885],[7.045078,43.542143],[7.037202,43.536264],[7.030634,43.547889],[7.014468,43.547087],[6.993819,43.548906],[6.9756,43.546946],[6.962087,43.540107],[6.945203,43.527253],[6.940888,43.51246],[6.949555,43.50788],[6.948985,43.507392],[6.953805,43.504616],[6.954299,43.500106],[6.92508,43.472761],[6.920372,43.449012],[6.898242,43.437999],[6.894028,43.427628],[6.871072,43.426093],[6.869672,43.432052],[6.86656,43.435456],[6.862957,43.439362],[6.857988,43.436176],[6.856098,43.428729],[6.860136,43.415868],[6.846672,43.412577],[6.834826,43.415811],[6.818843,43.416072],[6.78305,43.408635],[6.772974,43.418454],[6.757086,43.422687],[6.746501,43.417906],[6.731146,43.407847],[6.732824,43.382079],[6.717784,43.366889],[6.717838,43.350604],[6.693931,43.348372],[6.674571,43.346381],[6.666026,43.333197],[6.661306,43.322333],[6.652029,43.314927],[6.624629,43.295913],[6.597243,43.284007],[6.590892,43.268898],[6.611672,43.264288],[6.672358,43.276196],[6.693374,43.272973],[6.698022,43.265457],[6.685395,43.248037],[6.668356,43.239536],[6.665403,43.22129],[6.671978,43.213609],[6.679801,43.201553],[6.6604,43.190412],[6.640391,43.18183],[6.629161,43.179877],[6.609874,43.173407],[6.599457,43.174994],[6.59547,43.179877],[6.593272,43.18773],[6.581276,43.184374],[6.563718,43.184449],[6.539912,43.182204],[6.536427,43.172544],[6.526714,43.160567],[6.505683,43.150971],[6.479163,43.15606],[6.451332,43.152719],[6.422018,43.152342],[6.401679,43.146938],[6.378541,43.136079],[6.36608,43.118635],[6.369878,43.105519],[6.375371,43.090841],[6.342258,43.090763],[6.328868,43.099921],[6.325694,43.104193],[6.306202,43.109413],[6.280374,43.118666],[6.25347,43.120875],[6.219702,43.116548],[6.193198,43.108773],[6.178664,43.102856],[6.162934,43.092597],[6.153168,43.071967],[6.152768,43.048107],[6.17133,43.042325],[6.18542,43.045444],[6.180072,43.035922],[6.154462,43.033751],[6.097694,43.031261],[6.088517,43.034849],[6.103031,43.040781],[6.119254,43.04515],[6.132066,43.052638],[6.129088,43.071362],[6.109662,43.084316],[6.091933,43.082903],[6.044523,43.078208],[6.027008,43.078195],[6.01652,43.098936],[5.991732,43.102347],[5.958652,43.102168],[5.934093,43.113593],[5.936534,43.119452],[5.938243,43.129096],[5.940929,43.134019],[5.92449,43.134345],[5.908539,43.131293],[5.879405,43.120429],[5.896251,43.115424],[5.91061,43.093204],[5.927252,43.087601],[5.951379,43.079978],[5.940288,43.07091],[5.917208,43.072742],[5.887956,43.072226],[5.875336,43.068793],[5.856605,43.044829],[5.81896,43.053469],[5.790242,43.069931],[5.781873,43.079118],[5.802896,43.08889],[5.818085,43.09909],[5.811465,43.106725],[5.800564,43.111849],[5.783407,43.114598],[5.78084,43.123334],[5.776127,43.130811],[5.760558,43.131982],[5.741012,43.132063],[5.696299,43.146875],[5.687673,43.16885],[5.673919,43.179889],[5.655221,43.18559],[5.634213,43.187229],[5.622903,43.176727],[5.61242,43.160429],[5.588262,43.167979],[5.572706,43.169148],[5.558974,43.181578],[5.547246,43.193859],[5.537836,43.20739],[5.524952,43.212629],[5.514336,43.20774],[5.504176,43.205659],[5.459833,43.208519],[5.439754,43.207646],[5.409515,43.211292],[5.395311,43.212341],[5.370337,43.207859],[5.34698,43.215899],[5.350597,43.233588],[5.35377,43.243801],[5.36085,43.253974],[5.369151,43.270413],[5.357343,43.280345],[5.355968,43.29206],[5.351817,43.297919],[5.338883,43.334289],[5.294173,43.355472],[5.238279,43.328041],[5.163237,43.329314],[5.125174,43.325769],[5.064795,43.328019],[5.034022,43.335476],[5.013936,43.357921],[5.005572,43.381628],[5.026134,43.409329],[5.05714,43.422065],[5.146169,43.422065],[5.173839,43.42829],[5.192882,43.439521],[5.213552,43.457831],[5.226329,43.480292],[5.22283,43.503974],[5.193614,43.489936],[5.165538,43.482489],[5.139985,43.485785],[5.118419,43.503974],[5.111501,43.519355],[5.11085,43.527899],[5.105724,43.533026],[5.084972,43.538153],[5.077403,43.538886],[5.053722,43.538153],[5.049571,43.541449],[5.03533,43.555732],[5.029145,43.55858],[5.022309,43.552191],[5.01588,43.538764],[5.010997,43.525092],[5.009288,43.517646],[5.014659,43.498725],[5.023692,43.490465],[5.035818,43.485582],[5.050304,43.476711],[5.062266,43.451646],[5.051117,43.429267],[5.027599,43.416978],[4.998466,43.414699],[4.983084,43.41706],[4.928477,43.440131],[4.903168,43.431627],[4.892589,43.42536],[4.868175,43.421454],[4.858409,43.415229],[4.850271,43.401435],[4.854991,43.396186],[4.864891,43.3779],[4.867532,43.365112],[4.901005,43.366965],[4.877189,43.350782],[4.855778,43.341779],[4.850823,43.358929],[4.833263,43.381985],[4.791759,43.399115],[4.757823,43.422349],[4.742442,43.448717],[4.744965,43.507392],[4.742442,43.524482],[4.736176,43.539496],[4.725841,43.556789],[4.711925,43.571519],[4.694591,43.579088],[4.694591,43.572903],[4.724376,43.538398],[4.72877,43.527899],[4.72877,43.456204],[4.742524,43.422553],[4.769705,43.401923],[4.800059,43.386054],[4.823019,43.367169],[4.820279,43.346356],[4.791247,43.345222],[4.665886,43.347541],[4.592336,43.359889],[4.566289,43.371094],[4.565544,43.387949],[4.585704,43.404242],[4.588044,43.416891],[4.579594,43.430066],[4.555208,43.443266],[4.513031,43.455797],[4.409419,43.447741],[4.205903,43.459906],[4.181651,43.463772],[4.16033,43.471503],[4.132823,43.487047],[4.117198,43.510484],[4.132823,43.532782],[4.131196,43.536241],[4.105317,43.551866],[4.047455,43.556138],[3.990896,43.550849],[3.952973,43.539944],[3.939301,43.532538],[3.739919,43.412828],[3.622162,43.374905],[3.589692,43.354885],[3.513357,43.281073],[3.492361,43.274319],[3.452403,43.288764],[3.428396,43.285468],[3.385427,43.283922],[3.317719,43.263088],[3.244314,43.219428],[3.22755,43.20425],[3.220958,43.195217],[3.207286,43.186632],[3.195893,43.176663],[3.178722,43.165229],[3.165945,43.152411],[3.15447,43.135281],[3.135997,43.121039],[3.114024,43.106309],[3.104177,43.087795],[3.096039,43.072577],[3.086029,43.054023],[3.070404,43.026923],[3.063243,43.008368],[3.056082,42.992703],[3.046153,42.964179],[3.038992,42.942776],[3.04184,42.932807],[3.054698,42.92711],[3.056082,42.907131],[3.047537,42.847235],[3.040457,42.790188],[3.038992,42.750271],[3.043305,42.724595],[3.037608,42.683214],[3.04184,42.629055],[3.046153,42.587673],[3.05185,42.554877],[3.066091,42.54206],[3.087494,42.534939],[3.114594,42.530626],[3.13738,42.524929],[3.145925,42.51496],[3.145925,42.503526],[3.143077,42.492133],[3.150238,42.482164],[3.160248,42.475043],[3.175873,42.456488],[3.18157,42.435085],[3.18097,42.431484],[3.137824,42.425939],[3.111675,42.425008],[3.086147,42.427179],[3.06558,42.432011],[3.053591,42.437643],[3.043876,42.445266],[3.036021,42.454619],[3.029613,42.465652],[3.022998,42.467047],[2.99375,42.467616],[2.983104,42.469321],[2.966051,42.461001],[2.933702,42.470225],[2.900835,42.45126],[2.884092,42.449193],[2.866936,42.449632],[2.850813,42.448366],[2.834793,42.441312],[2.804614,42.419557],[2.788594,42.412012],[2.767717,42.409557],[2.728546,42.414027],[2.708082,42.41289],[2.690409,42.406172],[2.648241,42.381471],[2.640283,42.372841],[2.649378,42.353721],[2.66178,42.34336],[2.662194,42.339019],[2.635425,42.337882],[2.613411,42.340957],[2.567419,42.352636],[2.548092,42.352248],[2.540341,42.346977],[2.531969,42.330776],[2.525251,42.325893],[2.514812,42.325661],[2.50365,42.328451],[2.483393,42.336978],[2.464893,42.340621],[2.445566,42.351964],[2.429856,42.367544],[2.422518,42.383693],[2.406602,42.384262],[2.375493,42.389326],[2.317305,42.409609],[2.305316,42.416973],[2.277411,42.428626],[2.245992,42.426119],[2.184187,42.411805],[2.136954,42.416223],[2.121038,42.410617],[2.116284,42.405397],[2.108739,42.390644],[2.103985,42.38483],[2.08011,42.371265],[2.063264,42.357907],[2.051688,42.352351],[2.035255,42.349251],[2.00921,42.34708],[1.995671,42.348682],[1.983372,42.354548],[1.963735,42.367234],[1.954227,42.382685],[1.941101,42.420099],[1.927458,42.436894],[1.911955,42.441958],[1.893248,42.442733],[1.869787,42.44679],[1.813667,42.475238],[1.792686,42.481723],[1.730571,42.488054],[1.712174,42.493712],[1.712691,42.496787],[1.711967,42.499293],[1.710004,42.501335],[1.707006,42.502781],[1.710624,42.527741],[1.721683,42.548515],[1.739976,42.561641],[1.765091,42.563372],[1.761107,42.567646],[1.752688,42.576679],[1.729434,42.582001],[1.713311,42.589546],[1.721993,42.609855],[1.608304,42.618123],[1.597349,42.621921],[1.543089,42.649362],[1.527793,42.648535],[1.49844,42.640241],[1.466814,42.641455],[1.451415,42.602052],[1.429297,42.595386],[1.414828,42.609338],[1.397981,42.643626],[1.378758,42.663237],[1.361084,42.686724],[1.352713,42.690057],[1.343308,42.690444],[1.338243,42.694449],[1.342584,42.70866],[1.319123,42.713363],[1.195927,42.713647],[1.162544,42.705689],[1.151485,42.706723],[1.134328,42.715973],[1.124096,42.729744],[1.116552,42.745247],[1.106733,42.759613],[1.08906,42.771318],[1.068182,42.776124],[0.982916,42.780361],[0.975268,42.783746],[0.958732,42.79372],[0.950257,42.796123],[0.940025,42.793668],[0.93062,42.788035],[0.921111,42.784366],[0.910363,42.787674],[0.894446,42.799327],[0.885765,42.804236],[0.856102,42.812763],[0.812901,42.831624],[0.795744,42.833847],[0.776314,42.832451],[0.758847,42.835268],[0.724327,42.845293],[0.706757,42.846585],[0.679369,42.845112],[0.656321,42.83842],[0.651567,42.824054],[0.653737,42.802686],[0.639681,42.774677],[0.65074,42.763386],[0.643299,42.759071],[0.639578,42.754833],[0.63348,42.744782],[0.64764,42.741036],[0.659629,42.729899],[0.66645,42.714758],[0.665416,42.698661],[0.663426,42.696214],[0.656735,42.68799],[0.643609,42.684476],[0.608159,42.68799],[0.483515,42.685303],[0.466927,42.690444],[0.42879,42.683029],[0.409282,42.682254],[0.389283,42.685148],[0.3844,42.688584],[0.383676,42.692692],[0.384012,42.696852],[0.381816,42.700108],[0.354169,42.717497],[0.336031,42.712691],[0.318306,42.699539],[0.290245,42.670291],[0.275388,42.668689],[0.259808,42.682383],[0.238362,42.710366],[0.222394,42.716205],[0.169168,42.726463],[0.152941,42.724603],[0.134183,42.715223],[0.072843,42.70848],[-0.00431,42.687525],[-0.038933,42.685148],[-0.078414,42.696671],[-0.084202,42.70109],[-0.088853,42.706128],[-0.095752,42.710676],[-0.10849,42.713363],[-0.119032,42.716851],[-0.121822,42.723311],[-0.123114,42.730364],[-0.129238,42.735894],[-0.145723,42.745893],[-0.157789,42.760699],[-0.163629,42.777984],[-0.161407,42.795348],[-0.17939,42.789741],[-0.208355,42.783875],[-0.235149,42.786227],[-0.247034,42.80483],[-0.305135,42.83081],[-0.307418,42.831831],[-0.322792,42.842502],[-0.328244,42.83258],[-0.335169,42.824958],[-0.342998,42.822736],[-0.351679,42.829247],[-0.399738,42.801316],[-0.423923,42.790671],[-0.454464,42.788914],[-0.508414,42.807492],[-0.53389,42.808008],[-0.535647,42.784211],[-0.544432,42.782015],[-0.561175,42.77354],[-0.56903,42.772636],[-0.578694,42.777338],[-0.578539,42.783307],[-0.577144,42.789792],[-0.582931,42.795839],[-0.587324,42.796846],[-0.60355,42.796846],[-0.610165,42.799094],[-0.609958,42.802841],[-0.608046,42.807181],[-0.609493,42.811445],[-0.648302,42.849789],[-0.666079,42.860744],[-0.700392,42.876428],[-0.71052,42.877668],[-0.720287,42.876609],[-0.730106,42.877513],[-0.740286,42.884799],[-0.745867,42.89392],[-0.744782,42.899295],[-0.741423,42.903894],[-0.740906,42.910896],[-0.745032,42.918727],[-0.759665,42.946501],[-0.786433,42.953271],[-0.863534,42.943065],[-0.943219,42.947896],[-0.98146,42.957043],[-1.01629,42.976241],[-1.028485,42.986705],[-1.045074,42.990219],[-1.079697,42.993398],[-1.08719,42.997997],[-1.103726,43.005748],[-1.112408,43.008254],[-1.149925,43.005722],[-1.182533,43.025282],[-1.216898,43.03926],[-1.274879,43.046831],[-1.293689,43.055203],[-1.310587,43.069491],[-1.315083,43.082875],[-1.30697,43.095975],[-1.286041,43.109179],[-1.308623,43.113571],[-1.331051,43.107344],[-1.348259,43.093081],[-1.355184,43.073031],[-1.357613,43.046831],[-1.366139,43.033318],[-1.383141,43.029209],[-1.410529,43.030915],[-1.435024,43.035721],[-1.457141,43.045074],[-1.47528,43.060138],[-1.487837,43.081816],[-1.479621,43.090265],[-1.438435,43.122795],[-1.425774,43.135275],[-1.410529,43.166901],[-1.399677,43.206744],[-1.403501,43.243331],[-1.432233,43.265009],[-1.444222,43.265112],[-1.455281,43.262218],[-1.466392,43.260771],[-1.508094,43.276765],[-1.539204,43.283561],[-1.559047,43.284077],[-1.573982,43.277437],[-1.581888,43.260358],[-1.587573,43.251599],[-1.598477,43.247],[-1.611086,43.245811],[-1.621886,43.247],[-1.634082,43.251108],[-1.639043,43.255681],[-1.646329,43.272786],[-1.647983,43.281545],[-1.645192,43.287643],[-1.645037,43.292372],[-1.654907,43.297539],[-1.673872,43.304154],[-1.683019,43.304929],[-1.703328,43.298624],[-1.724825,43.296531],[-1.736556,43.29232],[-1.747356,43.291002],[-1.74973,43.294793],[-1.752421,43.299089],[-1.75578,43.318546],[-1.768234,43.330922],[-1.796914,43.341128],[-1.797172,43.353324],[-1.796449,43.374382],[-1.794075,43.386015],[-1.791371,43.384589],[-1.790761,43.384263],[-1.775502,43.376166],[-1.767974,43.383612],[-1.749623,43.389228],[-1.661,43.399685],[-1.637807,43.423774],[-1.615468,43.432563],[-1.59675,43.442532],[-1.588043,43.451158],[-1.566396,43.482164],[-1.562082,43.493394],[-1.553334,43.50137],[-1.513987,43.538642],[-1.506337,43.550116],[-1.476877,43.580064],[-1.470041,43.611518],[-1.445953,43.668443],[-1.404937,43.832343],[-1.381174,43.889594],[-1.346099,44.019192],[-1.281565,44.302191],[-1.25414,44.44245],[-1.247304,44.504543],[-1.249745,44.519232],[-1.25829,44.547553],[-1.257232,44.556057],[-1.230784,44.583564],[-1.226877,44.589911],[-1.224192,44.601996],[-1.206288,44.647895],[-1.186513,44.665473],[-1.161448,44.666164],[-1.100209,44.655341],[-1.065012,44.659125],[-1.044749,44.66942],[-1.044423,44.684638],[-1.069163,44.703192],[-1.055491,44.703192],[-1.065297,44.717475],[-1.140859,44.768134],[-1.151723,44.77143],[-1.156402,44.773424],[-1.160634,44.776516],[-1.165354,44.778713],[-1.172231,44.778266],[-1.176503,44.775214],[-1.178456,44.770901],[-1.179758,44.766913],[-1.182118,44.765204],[-1.188588,44.755845],[-1.233632,44.706855],[-1.244944,44.662746],[-1.253814,44.638658],[-1.260365,44.627427],[-1.199452,45.120836],[-1.157867,45.27912],[-1.139963,45.490058],[-1.133697,45.504828],[-1.099599,45.553534],[-1.085276,45.569037],[-1.069163,45.57331],[-1.058583,45.569648],[-1.056223,45.565131],[-1.056752,45.557603],[-1.057362,45.546332],[-1.06017,45.543036],[-1.062327,45.537746],[-1.062327,45.532416],[-1.059234,45.527045],[-1.048695,45.515041],[-1.039947,45.50727],[-0.972971,45.470526],[-0.930776,45.453803],[-0.915273,45.450426],[-0.794179,45.355414],[-0.766184,45.326077],[-0.754506,45.295885],[-0.751943,45.275946],[-0.738678,45.238715],[-0.720041,45.145941],[-0.715972,45.134508],[-0.6822,45.076483],[-0.648183,45.044908],[-0.609853,45.018459],[-0.577789,45.005072],[-0.568959,44.997992],[-0.560699,44.985419],[-0.559193,44.976142],[-0.562082,44.96015],[-0.560862,44.939276],[-0.556508,44.918524],[-0.548166,44.902289],[-0.534657,44.894965],[-0.538645,44.908759],[-0.542388,44.937201],[-0.548451,44.94953],[-0.538971,44.976508],[-0.550364,44.998196],[-0.572581,45.014309],[-0.596181,45.024644],[-0.565297,45.023586],[-0.539418,45.019517],[-0.516428,45.011379],[-0.493764,44.997992],[-0.518951,45.029446],[-0.558746,45.043443],[-0.602162,45.053453],[-0.637766,45.073065],[-0.655995,45.099107],[-0.668691,45.130805],[-0.706654,45.322414],[-0.719716,45.36107],[-0.753041,45.424058],[-0.773101,45.452094],[-0.795481,45.477118],[-0.841786,45.514553],[-0.98351,45.586982],[-0.986887,45.591254],[-0.990875,45.610053],[-0.997222,45.614325],[-1.030263,45.62287],[-1.083811,45.660386],[-1.113922,45.668931],[-1.132802,45.671698],[-1.149322,45.6789],[-1.163442,45.688951],[-1.175608,45.700263],[-1.194203,45.710191],[-1.22936,45.704779],[-1.247304,45.709906],[-1.230133,45.779608],[-1.230295,45.792426],[-1.163808,45.806708],[-1.144276,45.806098],[-1.080556,45.753404],[-1.069163,45.748114],[-1.05724,45.74022],[-0.987172,45.717353],[-1.009633,45.735175],[-1.099477,45.786038],[-1.125356,45.807685],[-1.130686,45.816718],[-1.132151,45.828315],[-1.136586,45.843248],[-1.143219,45.857733],[-1.151723,45.86815],[-1.140614,45.872301],[-1.133656,45.878241],[-1.128529,45.884223],[-1.123769,45.888658],[-1.112538,45.895657],[-1.097035,45.902289],[-1.087758,45.903225],[-1.079742,45.902004],[-1.073354,45.904364],[-1.069163,45.915961],[-1.070424,45.926337],[-1.076324,45.936713],[-1.083485,45.94538],[-1.089752,45.950751],[-1.084218,45.953925],[-1.074208,45.961575],[-1.069163,45.964342],[-1.085561,45.971991],[-1.096588,45.985419],[-1.110748,46.018378],[-1.089752,46.008205],[-1.072987,46.007473],[-1.059722,46.015774],[-1.048695,46.03266],[-1.048695,46.038804],[-1.052887,46.04328],[-1.058583,46.047919],[-1.065175,46.051581],[-1.084218,46.056545],[-1.087758,46.064683],[-1.088735,46.074774],[-1.096018,46.088365],[-1.095693,46.097724],[-1.097035,46.101549],[-1.100738,46.103095],[-1.113596,46.106147],[-1.117014,46.107815],[-1.122955,46.112494],[-1.129018,46.11579],[-1.128896,46.120063],[-1.117014,46.128241],[-1.14037,46.14057],[-1.14802,46.141913],[-1.152089,46.143866],[-1.151845,46.148424],[-1.150543,46.153266],[-1.151723,46.156195],[-1.157094,46.156968],[-1.172231,46.156195],[-1.182607,46.158393],[-1.19164,46.157945],[-1.200185,46.159125],[-1.209706,46.166164],[-1.210805,46.174547],[-1.204416,46.184312],[-1.194488,46.192776],[-1.18517,46.19717],[-1.190541,46.216295],[-1.179596,46.229478],[-1.110748,46.259223],[-1.102651,46.271959],[-1.103505,46.280015],[-1.108022,46.28852],[-1.110748,46.30268],[-1.132476,46.324123],[-1.177235,46.326158],[-1.214345,46.310696],[-1.213206,46.27912],[-1.240102,46.284247],[-1.259185,46.300442],[-1.277415,46.319525],[-1.293365,46.322659],[-1.303456,46.323879],[-1.334218,46.336737],[-1.356842,46.350328],[-1.370229,46.354193],[-1.423329,46.342475],[-1.44872,46.343411],[-1.459584,46.364732],[-1.465484,46.38996],[-1.481435,46.408189],[-1.504465,46.419338],[-1.53189,46.423082],[-1.598785,46.425035],[-1.62564,46.431138],[-1.617177,46.443549],[-1.633453,46.454291],[-1.686757,46.460883],[-1.720286,46.481269],[-1.748606,46.486558],[-1.761138,46.492011],[-1.768422,46.50023],[-1.779652,46.522121],[-1.789174,46.532945],[-1.788889,46.520453],[-1.78307,46.504136],[-1.781728,46.495429],[-1.786,46.490953],[-1.7954,46.494534],[-1.804799,46.503607],[-1.827056,46.576972],[-1.822662,46.594387],[-1.838694,46.599066],[-1.846588,46.610256],[-1.851226,46.623725],[-1.857411,46.635321],[-1.872426,46.647406],[-1.887807,46.656562],[-1.89977,46.666246],[-1.909901,46.691799],[-1.923166,46.699164],[-1.940012,46.70307],[-1.956451,46.704291],[-1.964996,46.710395],[-1.994618,46.752021],[-2.050282,46.79206],[-2.081288,46.807359],[-2.107167,46.813463],[-2.118764,46.819973],[-2.126088,46.835598],[-2.130035,46.854682],[-2.131256,46.871812],[-2.128774,46.893459],[-2.121978,46.903713],[-2.096344,46.91649],[-2.102162,46.93065],[-2.087473,46.94123],[-2.049224,46.957465],[-2.037017,46.972561],[-2.020172,47.008612],[-2.00829,47.026353],[-1.990712,47.035386],[-1.992584,47.052314],[-2.003774,47.070014],[-2.014556,47.08161],[-2.030019,47.092108],[-2.090159,47.11518],[-2.205474,47.129096],[-2.241119,47.142483],[-2.227854,47.148627],[-2.21703,47.155504],[-2.205393,47.1612],[-2.172841,47.164374],[-2.165191,47.167873],[-2.162099,47.176011],[-2.159088,47.190863],[-2.158681,47.204495],[-2.169301,47.22016],[-2.172109,47.235256],[-2.170888,47.246324],[-2.166982,47.259223],[-2.160553,47.271186],[-2.151682,47.27969],[-2.127675,47.286811],[-2.035634,47.29328],[-2.028717,47.296942],[-2.021962,47.299262],[-2.014556,47.300116],[-2.006581,47.29328],[-1.999135,47.28856],[-1.947865,47.279364],[-1.932485,47.27969],[-1.939361,47.286444],[-1.927805,47.286322],[-1.917063,47.284166],[-1.907338,47.279934],[-1.898427,47.273424],[-1.918853,47.273424],[-1.918853,47.266018],[-1.877838,47.24551],[-1.836252,47.239936],[-1.82608,47.235256],[-1.803944,47.21898],[-1.780995,47.211982],[-1.72704,47.210761],[-1.747222,47.219916],[-1.788238,47.225572],[-1.805653,47.235256],[-1.835927,47.259752],[-1.871165,47.27969],[-1.905629,47.293931],[-1.925689,47.298489],[-1.94929,47.300116],[-1.95816,47.302395],[-1.972157,47.312161],[-2.010121,47.319729],[-2.148101,47.313218],[-2.179555,47.300116],[-2.186594,47.292711],[-2.190582,47.2862],[-2.195953,47.279934],[-2.206288,47.273424],[-2.236073,47.267483],[-2.259429,47.251614],[-2.278391,47.246405],[-2.298085,47.246649],[-2.31607,47.251654],[-2.330963,47.26081],[-2.355336,47.280097],[-2.371409,47.286444],[-2.388092,47.287909],[-2.39745,47.287584],[-2.404897,47.286444],[-2.412831,47.281724],[-2.416575,47.27497],[-2.418121,47.268866],[-2.419179,47.266018],[-2.448394,47.266588],[-2.541982,47.300116],[-2.541982,47.306952],[-2.519032,47.304633],[-2.476064,47.290676],[-2.453359,47.29328],[-2.436187,47.307034],[-2.445383,47.32038],[-2.465443,47.333808],[-2.480621,47.347886],[-2.487945,47.345404],[-2.491282,47.343899],[-2.494252,47.341742],[-2.489369,47.334418],[-2.488922,47.33039],[-2.494252,47.320624],[-2.501698,47.320624],[-2.503326,47.349595],[-2.514801,47.364936],[-2.556386,47.383246],[-2.476796,47.415676],[-2.466135,47.415229],[-2.4558,47.412177],[-2.439036,47.40998],[-2.441029,47.404446],[-2.442209,47.404364],[-2.446401,47.402533],[-2.439036,47.396308],[-2.429433,47.403876],[-2.395009,47.416978],[-2.391835,47.423651],[-2.407135,47.425727],[-2.431752,47.426174],[-2.44815,47.430609],[-2.439036,47.44477],[-2.455312,47.452216],[-2.476186,47.453762],[-2.488922,47.459174],[-2.480621,47.478217],[-2.49474,47.491197],[-2.483632,47.497952],[-2.421213,47.50023],[-2.384674,47.507148],[-2.363922,47.506171],[-2.380116,47.509223],[-2.407053,47.506049],[-2.425364,47.506171],[-2.501698,47.526679],[-2.517486,47.528388],[-2.530507,47.527248],[-2.563222,47.519843],[-2.600697,47.519843],[-2.609853,47.517727],[-2.61559,47.514146],[-2.621693,47.513414],[-2.631988,47.519843],[-2.616933,47.521715],[-2.599355,47.52912],[-2.584462,47.540473],[-2.576812,47.553941],[-2.592275,47.543647],[-2.606435,47.54206],[-2.621205,47.543036],[-2.638254,47.540269],[-2.630116,47.53913],[-2.623931,47.537177],[-2.619944,47.533393],[-2.617787,47.526679],[-2.643056,47.526435],[-2.654775,47.528306],[-2.665517,47.533515],[-2.667104,47.509589],[-2.680735,47.504218],[-2.714019,47.512397],[-2.730702,47.511623],[-2.782786,47.499416],[-2.802154,47.498114],[-2.817128,47.499213],[-2.83019,47.503607],[-2.843658,47.512397],[-2.845693,47.516181],[-2.861073,47.535834],[-2.864817,47.536851],[-2.868967,47.542182],[-2.878529,47.545315],[-2.889882,47.546617],[-2.892934,47.547675],[-2.89151,47.549058],[-2.892079,47.553941],[-2.90925,47.558417],[-2.892568,47.566596],[-2.865305,47.566636],[-2.850575,47.546536],[-2.843658,47.546536],[-2.838124,47.551825],[-2.832428,47.554023],[-2.825429,47.552476],[-2.816396,47.546536],[-2.815297,47.552965],[-2.80956,47.567613],[-2.794016,47.555121],[-2.768666,47.549547],[-2.741444,47.551337],[-2.720204,47.560777],[-2.727651,47.567613],[-2.688629,47.604397],[-2.68399,47.622992],[-2.706532,47.642727],[-2.706532,47.636542],[-2.696929,47.629788],[-2.695627,47.623358],[-2.701568,47.618354],[-2.714019,47.616034],[-2.699778,47.609198],[-2.704254,47.604438],[-2.708608,47.602281],[-2.720204,47.601752],[-2.725331,47.607367],[-2.77538,47.629096],[-2.754465,47.627021],[-2.734486,47.62226],[-2.746327,47.633857],[-2.758209,47.639065],[-2.789133,47.642727],[-2.77538,47.636542],[-2.796051,47.629869],[-2.847727,47.626166],[-2.857981,47.619127],[-2.86677,47.607164],[-2.886383,47.60102],[-2.919423,47.595526],[-2.919423,47.601752],[-2.912668,47.601752],[-2.912668,47.609198],[-2.925689,47.607652],[-2.928822,47.606024],[-2.933095,47.601752],[-2.939931,47.601752],[-2.943756,47.613959],[-2.944814,47.624091],[-2.94164,47.631822],[-2.933095,47.636542],[-2.947499,47.636908],[-2.957997,47.642157],[-2.964589,47.651435],[-2.967193,47.663804],[-2.97468,47.663804],[-2.973297,47.655992],[-2.968577,47.6435],[-2.967193,47.636542],[-2.967193,47.612616],[-2.963612,47.602607],[-2.954701,47.591539],[-2.943512,47.581488],[-2.933095,47.574449],[-2.935618,47.567572],[-2.937245,47.564683],[-2.939931,47.560777],[-2.942616,47.564399],[-2.952952,47.574449],[-2.961293,47.570543],[-2.970286,47.576972],[-2.980946,47.587348],[-2.994496,47.595526],[-2.988596,47.582261],[-2.994211,47.576077],[-3.003407,47.578681],[-3.008168,47.591783],[-3.01179,47.607164],[-3.018219,47.605658],[-3.021718,47.59455],[-3.015696,47.581244],[-3.029937,47.581936],[-3.035797,47.583319],[-3.042388,47.58808],[-3.073842,47.576483],[-3.089752,47.575507],[-3.103749,47.581244],[-3.09732,47.584052],[-3.090728,47.58808],[-3.100453,47.594184],[-3.11205,47.599189],[-3.12328,47.598782],[-3.131703,47.58808],[-3.127187,47.586615],[-3.122955,47.583238],[-3.118031,47.581244],[-3.128896,47.547593],[-3.12328,47.518988],[-3.10676,47.495795],[-3.084543,47.478217],[-3.098134,47.478705],[-3.11913,47.482611],[-3.125478,47.478217],[-3.131703,47.478217],[-3.143788,47.507025],[-3.145375,47.516099],[-3.143219,47.527045],[-3.13386,47.543931],[-3.131703,47.55744],[-3.134185,47.580756],[-3.141184,47.598049],[-3.15217,47.611233],[-3.166493,47.62226],[-3.176015,47.62637],[-3.187245,47.629584],[-3.196685,47.63349],[-3.200592,47.639594],[-3.198394,47.652574],[-3.18635,47.680609],[-3.111195,47.704169],[-3.115061,47.709418],[-3.117177,47.715033],[-3.118031,47.722154],[-3.118031,47.732123],[-3.122792,47.729926],[-3.134511,47.726793],[-3.13915,47.724677],[-3.13976,47.745795],[-3.13915,47.75259],[-3.145375,47.75259],[-3.153188,47.742011],[-3.16393,47.743883],[-3.177358,47.748521],[-3.193186,47.746405],[-3.179189,47.742743],[-3.169667,47.735419],[-3.163319,47.724758],[-3.159088,47.711005],[-3.164052,47.710273],[-3.165028,47.70954],[-3.165028,47.707913],[-3.166493,47.704169],[-3.178375,47.710028],[-3.185374,47.706366],[-3.193227,47.699937],[-3.207387,47.697333],[-3.203521,47.694322],[-3.193186,47.683743],[-3.207143,47.679145],[-3.211903,47.669827],[-3.215077,47.66059],[-3.224192,47.656399],[-3.231597,47.660346],[-3.262074,47.683743],[-3.287587,47.688666],[-3.331532,47.696723],[-3.358266,47.697333],[-3.340199,47.702297],[-3.322418,47.700995],[-3.282623,47.691148],[-3.282623,47.697333],[-3.298451,47.703843],[-3.316274,47.708075],[-3.358266,47.711005],[-3.358266,47.718451],[-3.349355,47.719062],[-3.345123,47.721259],[-3.343984,47.726264],[-3.343984,47.735541],[-3.340566,47.739488],[-3.323557,47.737738],[-3.317291,47.738959],[-3.304433,47.761135],[-3.2954,47.773017],[-3.282623,47.779934],[-3.282623,47.78734],[-3.304351,47.770087],[-3.331776,47.752509],[-3.362172,47.740424],[-3.383168,47.737047],[-3.375478,47.734036],[-3.369252,47.729804],[-3.364491,47.724677],[-3.364491,47.718451],[-3.446441,47.704576],[-3.460683,47.707587],[-3.464996,47.713039],[-3.494862,47.738959],[-3.509185,47.759426],[-3.520253,47.768134],[-3.524485,47.772447],[-3.52831,47.779934],[-3.539296,47.773749],[-3.555653,47.773993],[-3.590972,47.779934],[-3.616851,47.77912],[-3.625152,47.779934],[-3.633046,47.783026],[-3.644399,47.791734],[-3.649037,47.793606],[-3.68692,47.792304],[-3.706166,47.796942],[-3.714589,47.810614],[-3.723215,47.813381],[-3.77538,47.793606],[-3.789906,47.803209],[-3.811187,47.802924],[-3.833567,47.79975],[-3.851715,47.801011],[-3.853098,47.804348],[-3.872222,47.828315],[-3.879221,47.833564],[-3.886464,47.83747],[-3.889963,47.843451],[-3.885854,47.855048],[-3.894521,47.855292],[-3.900787,47.857123],[-3.913197,47.862454],[-3.916331,47.873358],[-3.935129,47.887885],[-3.961822,47.89997],[-3.988271,47.903469],[-3.979237,47.883002],[-3.98648,47.867906],[-4.008901,47.851264],[-4.029205,47.855048],[-4.019154,47.854478],[-4.01122,47.855943],[-4.005442,47.8605],[-4.001943,47.869289],[-4.014068,47.866278],[-4.024037,47.865953],[-4.031565,47.863715],[-4.036692,47.855048],[-4.064931,47.870795],[-4.078236,47.874416],[-4.09439,47.875474],[-4.106557,47.880113],[-4.119293,47.891913],[-4.12914,47.90762],[-4.132192,47.923896],[-4.14273,47.912014],[-4.13683,47.896918],[-4.123362,47.883246],[-4.111195,47.875474],[-4.111195,47.869289],[-4.123769,47.868598],[-4.133616,47.866197],[-4.142649,47.861762],[-4.15274,47.855048],[-4.17162,47.877021],[-4.185618,47.874416],[-4.188466,47.862128],[-4.173899,47.855048],[-4.176666,47.851264],[-4.180043,47.848212],[-4.180043,47.841986],[-4.15274,47.841986],[-4.15274,47.834459],[-4.185211,47.813381],[-4.200551,47.807196],[-4.225168,47.802436],[-4.371816,47.807196],[-4.371246,47.814765],[-4.373443,47.828681],[-4.371816,47.834459],[-4.365468,47.837104],[-4.356068,47.837063],[-4.347646,47.838324],[-4.343861,47.84512],[-4.34732,47.862942],[-4.362213,47.888577],[-4.371978,47.915839],[-4.386952,47.934068],[-4.434641,47.975653],[-4.523264,48.022691],[-4.533274,48.026313],[-4.546702,48.020738],[-4.55899,48.010688],[-4.572011,48.005927],[-4.601959,48.02558],[-4.619211,48.027655],[-4.652984,48.026313],[-4.728139,48.040595],[-4.721506,48.044135],[-4.716461,48.050238],[-4.71227,48.056586],[-4.706207,48.06391],[-4.705556,48.06745],[-4.704254,48.071234],[-4.700795,48.074774],[-4.697418,48.074897],[-4.689524,48.068834],[-4.683705,48.067328],[-4.361928,48.115709],[-4.304758,48.104071],[-4.289906,48.108222],[-4.28539,48.115383],[-4.275706,48.143622],[-4.280181,48.154934],[-4.294342,48.16706],[-4.297353,48.174058],[-4.302358,48.196357],[-4.315826,48.205512],[-4.358225,48.211859],[-4.366119,48.215155],[-4.372426,48.220038],[-4.376861,48.225979],[-4.379262,48.232367],[-4.404368,48.226142],[-4.457631,48.248969],[-4.485463,48.242621],[-4.499989,48.224921],[-4.513987,48.202094],[-4.531646,48.183092],[-4.557485,48.177191],[-4.548736,48.198432],[-4.543772,48.205064],[-4.555043,48.216539],[-4.561187,48.225043],[-4.563629,48.232367],[-4.558665,48.244208],[-4.550933,48.248603],[-4.54719,48.25259],[-4.554067,48.262763],[-4.566274,48.264879],[-4.626332,48.266547],[-4.623687,48.277045],[-4.626332,48.287055],[-4.615387,48.291083],[-4.607086,48.290595],[-4.598785,48.288398],[-4.58788,48.287055],[-4.575185,48.290025],[-4.572906,48.29682],[-4.57551,48.30386],[-4.57726,48.307522],[-4.559478,48.33869],[-4.546702,48.346829],[-4.530141,48.34162],[-4.543202,48.304674],[-4.515533,48.295844],[-4.426503,48.300035],[-4.416371,48.296617],[-4.409657,48.292304],[-4.401967,48.28856],[-4.388987,48.287055],[-4.376861,48.287787],[-4.329701,48.297024],[-4.262603,48.300035],[-4.268951,48.295844],[-4.275217,48.294013],[-4.289906,48.29385],[-4.269358,48.288398],[-4.187489,48.300035],[-4.187489,48.307522],[-4.218821,48.306057],[-4.23054,48.309882],[-4.234731,48.321723],[-4.243967,48.31391],[-4.257721,48.311347],[-4.270172,48.314683],[-4.275706,48.324856],[-4.281972,48.323676],[-4.324696,48.321723],[-4.316314,48.330797],[-4.312082,48.333075],[-4.303619,48.335395],[-4.303131,48.339586],[-4.298492,48.343817],[-4.288686,48.348538],[-4.269399,48.362738],[-4.286285,48.362535],[-4.30899,48.351549],[-4.324696,48.348456],[-4.324696,48.355292],[-4.317291,48.355292],[-4.317291,48.362738],[-4.324696,48.362738],[-4.327789,48.357856],[-4.334055,48.352729],[-4.337717,48.348456],[-4.35261,48.352729],[-4.384185,48.338121],[-4.406606,48.335395],[-4.403798,48.339179],[-4.402821,48.339586],[-4.399159,48.34162],[-4.406606,48.348456],[-4.415028,48.342922],[-4.426503,48.338853],[-4.439931,48.336371],[-4.453725,48.335395],[-4.453725,48.34162],[-4.396596,48.387763],[-4.385569,48.393744],[-4.289906,48.431586],[-4.307729,48.428046],[-4.339019,48.416083],[-4.358957,48.411119],[-4.426503,48.403713],[-4.457509,48.394843],[-4.520619,48.368313],[-4.569569,48.360297],[-4.599355,48.350165],[-4.618886,48.348456],[-4.636342,48.351142],[-4.671132,48.360582],[-4.690541,48.362738],[-4.694081,48.359442],[-4.694081,48.3522],[-4.695668,48.344957],[-4.704498,48.34162],[-4.754994,48.341986],[-4.768381,48.345404],[-4.77717,48.355618],[-4.783355,48.37641],[-4.76476,48.377631],[-4.766347,48.390448],[-4.783355,48.417385],[-4.784901,48.436184],[-4.779856,48.454901],[-4.768056,48.468655],[-4.749257,48.472602],[-4.749257,48.478827],[-4.774648,48.491278],[-4.764556,48.520209],[-4.739898,48.550727],[-4.721995,48.568183],[-4.711578,48.563666],[-4.700795,48.560736],[-4.708241,48.568183],[-4.692291,48.575507],[-4.673451,48.579576],[-4.642486,48.581855],[-4.623036,48.578192],[-4.589833,48.565741],[-4.57726,48.568183],[-4.600494,48.589342],[-4.607737,48.603013],[-4.594635,48.609117],[-4.548818,48.601223],[-4.530141,48.601711],[-4.557485,48.609117],[-4.554433,48.613227],[-4.552602,48.616523],[-4.554799,48.619696],[-4.563629,48.62344],[-4.563629,48.629625],[-4.485463,48.629625],[-4.46288,48.63231],[-4.429799,48.642808],[-4.406606,48.643256],[-4.4204,48.648871],[-4.426503,48.650092],[-4.426503,48.657538],[-4.398061,48.660956],[-4.370229,48.67182],[-4.343251,48.67886],[-4.317291,48.678046],[-4.299143,48.663642],[-4.306508,48.641547],[-4.283111,48.643256],[-4.252594,48.655463],[-4.242055,48.657538],[-4.229807,48.655951],[-4.207143,48.64997],[-4.193756,48.650092],[-4.193756,48.657538],[-4.213002,48.6612],[-4.207753,48.671373],[-4.190582,48.683051],[-4.173899,48.691107],[-4.154652,48.696234],[-4.131459,48.699164],[-4.108713,48.698147],[-4.090688,48.691107],[-4.084788,48.69717],[-4.079254,48.696926],[-4.07433,48.692288],[-4.070221,48.684882],[-4.064036,48.684882],[-4.057362,48.689602],[-4.053293,48.695543],[-4.052642,48.70307],[-4.056549,48.712144],[-4.042714,48.713935],[-4.030507,48.717027],[-4.009348,48.725816],[-3.973988,48.732815],[-3.967763,48.72956],[-3.970286,48.720038],[-3.973866,48.712795],[-3.972727,48.707709],[-3.961008,48.704739],[-3.961008,48.698554],[-3.967763,48.698554],[-3.967763,48.691107],[-3.957753,48.686835],[-3.951039,48.679389],[-3.949534,48.669338],[-3.954742,48.657538],[-3.926584,48.676174],[-3.911936,48.68122],[-3.891998,48.678046],[-3.901967,48.672024],[-3.906321,48.6706],[-3.906321,48.664374],[-3.894195,48.653551],[-3.864654,48.641018],[-3.851715,48.629625],[-3.844309,48.636461],[-3.851715,48.643256],[-3.844309,48.650092],[-3.848948,48.656317],[-3.852447,48.664537],[-3.8579,48.684882],[-3.851715,48.684882],[-3.8485,48.679023],[-3.845448,48.676011],[-3.837473,48.6706],[-3.840077,48.688056],[-3.837148,48.707261],[-3.829254,48.718451],[-3.816965,48.712144],[-3.812652,48.716742],[-3.810455,48.721503],[-3.809804,48.726955],[-3.810129,48.733222],[-3.797109,48.721177],[-3.778432,48.717353],[-3.731923,48.71898],[-3.720855,48.71601],[-3.697865,48.702338],[-3.686635,48.698554],[-3.673818,48.698228],[-3.638173,48.704739],[-3.638539,48.687812],[-3.614003,48.682685],[-3.584788,48.682807],[-3.570546,48.687974],[-3.580474,48.711086],[-3.584543,48.726386],[-3.580474,48.733222],[-3.52831,48.739488],[-3.542836,48.745673],[-3.577382,48.774237],[-3.581532,48.790595],[-3.571401,48.799058],[-3.542592,48.807807],[-3.520863,48.833645],[-3.515289,48.841946],[-3.509185,48.841946],[-3.499827,48.836982],[-3.468129,48.835679],[-3.433583,48.822211],[-3.419749,48.821438],[-3.425404,48.818427],[-3.42809,48.815741],[-3.429921,48.812445],[-3.433339,48.807807],[-3.409901,48.806545],[-3.397613,48.807318],[-3.388743,48.811184],[-3.378651,48.819322],[-3.371816,48.822496],[-3.287465,48.843451],[-3.275787,48.849351],[-3.268951,48.849351],[-3.259511,48.847724],[-3.229726,48.87226],[-3.213612,48.869818],[-3.207143,48.855414],[-3.207753,48.835924],[-3.214955,48.817857],[-3.227895,48.807807],[-3.226796,48.80329],[-3.225575,48.800482],[-3.22053,48.794135],[-3.216868,48.806789],[-3.20873,48.816352],[-3.178822,48.84101],[-3.154205,48.854926],[-3.145375,48.862372],[-3.134999,48.859198],[-3.116444,48.874091],[-3.103749,48.876654],[-3.091461,48.871283],[-3.08434,48.862209],[-3.08373,48.851711],[-3.090728,48.841946],[-3.090728,48.835679],[-3.077056,48.828274],[-3.084625,48.820136],[-3.097524,48.794135],[-3.104075,48.7862],[-3.125478,48.767401],[-3.125478,48.759955],[-3.118031,48.759955],[-3.085032,48.804999],[-3.0655,48.823961],[-3.049184,48.821438],[-3.039296,48.826972],[-3.028717,48.828803],[-3.018219,48.826972],[-3.008168,48.821438],[-3.015696,48.814602],[-3.01179,48.813666],[-3.009389,48.813707],[-3.008372,48.812486],[-3.008168,48.807807],[-3.017812,48.805854],[-3.025502,48.802924],[-3.042388,48.794135],[-3.042388,48.787909],[-3.029286,48.780463],[-3.003651,48.773871],[-2.952952,48.772284],[-2.933095,48.767401],[-2.934438,48.759101],[-2.934397,48.753079],[-2.933095,48.746324],[-2.942738,48.740912],[-2.946685,48.739488],[-2.946685,48.733222],[-2.932037,48.726955],[-2.913971,48.716498],[-2.898671,48.704779],[-2.892079,48.69477],[-2.826975,48.657538],[-2.817047,48.627672],[-2.812978,48.619696],[-2.811431,48.614569],[-2.814361,48.609931],[-2.816396,48.604926],[-2.812978,48.598578],[-2.808013,48.595608],[-2.795033,48.591254],[-2.771067,48.579169],[-2.714019,48.560736],[-2.716949,48.551703],[-2.721018,48.544623],[-2.726674,48.538967],[-2.734486,48.534003],[-2.722727,48.533637],[-2.713124,48.530097],[-2.704701,48.524156],[-2.696278,48.516669],[-2.682362,48.509019],[-2.679677,48.518378],[-2.680247,48.532782],[-2.676137,48.540229],[-2.636342,48.538804],[-2.620025,48.543606],[-2.600697,48.557603],[-2.577056,48.582465],[-2.569407,48.58869],[-2.558827,48.594143],[-2.541086,48.59809],[-2.473622,48.625963],[-2.459543,48.636461],[-2.459543,48.643256],[-2.468007,48.643948],[-2.487457,48.650092],[-2.44286,48.659084],[-2.421051,48.656968],[-2.412262,48.643256],[-2.38622,48.650092],[-2.356068,48.663275],[-2.329986,48.680365],[-2.31607,48.698554],[-2.312489,48.686957],[-2.305328,48.679633],[-2.295237,48.676581],[-2.281972,48.678046],[-2.281972,48.6706],[-2.289418,48.666571],[-2.293772,48.661363],[-2.297475,48.655707],[-2.302398,48.650092],[-2.330312,48.629625],[-2.312652,48.620185],[-2.294016,48.628607],[-2.27359,48.642646],[-2.250966,48.650092],[-2.246205,48.644721],[-2.240712,48.621324],[-2.237294,48.615912],[-2.225942,48.612372],[-2.219228,48.603664],[-2.215688,48.592434],[-2.213694,48.581855],[-2.202789,48.585883],[-2.195546,48.593451],[-2.192128,48.603746],[-2.192616,48.615912],[-2.188385,48.601304],[-2.182973,48.588772],[-2.174062,48.582953],[-2.159088,48.58869],[-2.159088,48.595445],[-2.163197,48.596503],[-2.172109,48.601711],[-2.161041,48.613023],[-2.149322,48.618883],[-2.137034,48.617987],[-2.124338,48.609117],[-2.131256,48.615302],[-2.136627,48.622138],[-2.144846,48.636461],[-2.100209,48.646918],[-2.052358,48.650092],[-2.049794,48.645575],[-2.028717,48.619696],[-2.027089,48.608954],[-2.022043,48.598944],[-2.013254,48.59162],[-2.000885,48.58869],[-2.005116,48.578843],[-2.00829,48.575019],[-1.982493,48.548977],[-1.976389,48.535631],[-1.980295,48.513577],[-1.970448,48.520697],[-1.939361,48.534003],[-1.967275,48.547065],[-1.961903,48.554918],[-1.976633,48.572699],[-1.980295,48.58869],[-1.9735,48.58869],[-1.96939,48.584174],[-1.965159,48.581204],[-1.952952,48.575019],[-1.960357,48.586615],[-1.96939,48.59276],[-1.979807,48.59512],[-1.991119,48.595445],[-2.000478,48.601304],[-2.019032,48.631049],[-2.028717,48.643256],[-2.025543,48.651313],[-2.018137,48.660346],[-2.006581,48.667629],[-1.991119,48.6706],[-1.987701,48.673774],[-1.987701,48.680854],[-1.985911,48.687893],[-1.976959,48.691107],[-1.939361,48.691107],[-1.945627,48.698554],[-1.843739,48.712144],[-1.846669,48.707831],[-1.846913,48.703437],[-1.843577,48.698147],[-1.836334,48.691107],[-1.861195,48.664211],[-1.860951,48.640855],[-1.838206,48.623765],[-1.79601,48.615912],[-1.722808,48.615302],[-1.643951,48.62344],[-1.595693,48.640937],[-1.58967,48.641791],[-1.579701,48.643256],[-1.500559,48.636461],[-1.393137,48.652411],[-1.356557,48.643256],[-1.372304,48.66059],[-1.394602,48.66828],[-1.432851,48.6706],[-1.433013,48.66828],[-1.437734,48.664455],[-1.443267,48.662828],[-1.445953,48.667467],[-1.447092,48.673896],[-1.45051,48.679511],[-1.4558,48.683417],[-1.490224,48.690131],[-1.502675,48.695502],[-1.507965,48.701606],[-1.516469,48.725165],[-1.553619,48.747138],[-1.562082,48.770819],[-1.562571,48.798489],[-1.566762,48.82217],[-1.578847,48.837836],[-1.602935,48.841946],[-1.602935,48.849351],[-1.589101,48.853583],[-1.578521,48.862616],[-1.571848,48.874213],[-1.56371,48.922105],[-1.557037,48.932318],[-1.548411,48.923814],[-1.542795,48.935248],[-1.541982,48.944078],[-1.547027,48.949693],[-1.55899,48.951809],[-1.563059,48.957587],[-1.552235,49.015448],[-1.545766,49.030341],[-1.532338,49.035142],[-1.507965,49.027533],[-1.507965,49.033677],[-1.527252,49.039781],[-1.549713,49.039781],[-1.56843,49.03266],[-1.576324,49.017279],[-1.579457,49.01317],[-1.586537,49.018988],[-1.593577,49.028998],[-1.59675,49.037421],[-1.595937,49.061265],[-1.593739,49.071967],[-1.589345,49.082099],[-1.603424,49.08397],[-1.608754,49.091498],[-1.607737,49.102729],[-1.602935,49.115627],[-1.595937,49.128485],[-1.589019,49.134589],[-1.569488,49.143541],[-1.581776,49.149848],[-1.584218,49.148424],[-1.589345,49.143541],[-1.597768,49.159369],[-1.604482,49.178209],[-1.608795,49.197821],[-1.610422,49.215888],[-1.602651,49.225409],[-1.584462,49.226264],[-1.548411,49.219306],[-1.548411,49.225491],[-1.569569,49.229682],[-1.595286,49.23786],[-1.616851,49.238227],[-1.624664,49.219306],[-1.640533,49.231513],[-1.657094,49.268378],[-1.671864,49.280097],[-1.665395,49.284613],[-1.662587,49.286038],[-1.658193,49.287543],[-1.68692,49.302436],[-1.699086,49.313544],[-1.706654,49.329169],[-1.686187,49.329169],[-1.686187,49.335354],[-1.699127,49.355862],[-1.706654,49.355862],[-1.714752,49.338528],[-1.733266,49.346259],[-1.755727,49.362454],[-1.775502,49.370103],[-1.772857,49.377021],[-1.771108,49.37995],[-1.767974,49.383734],[-1.78189,49.381537],[-1.795074,49.377631],[-1.806793,49.376858],[-1.816477,49.383734],[-1.819569,49.396796],[-1.815785,49.430854],[-1.816477,49.445217],[-1.819407,49.452053],[-1.823598,49.458482],[-1.838206,49.475816],[-1.839508,49.480658],[-1.84024,49.485826],[-1.843739,49.493598],[-1.853586,49.504299],[-1.879465,49.52497],[-1.884674,49.530911],[-1.878407,49.544867],[-1.850168,49.561713],[-1.843739,49.571845],[-1.839223,49.603176],[-1.839508,49.619778],[-1.846913,49.633938],[-1.855051,49.645087],[-1.860585,49.654771],[-1.869496,49.661689],[-1.901601,49.665839],[-1.945627,49.677965],[-1.937652,49.701565],[-1.939565,49.716457],[-1.935211,49.724107],[-1.908355,49.726386],[-1.898997,49.72427],[-1.87914,49.71483],[-1.867299,49.712714],[-1.839426,49.715399],[-1.829457,49.712714],[-1.824615,49.708441],[-1.820953,49.696357],[-1.816477,49.691636],[-1.811838,49.690741],[-1.800893,49.692084],[-1.79601,49.691636],[-1.773997,49.686713],[-1.707753,49.680162],[-1.633046,49.66352],[-1.617177,49.664293],[-1.616689,49.662014],[-1.616363,49.65705],[-1.613922,49.652248],[-1.606679,49.650051],[-1.59732,49.652289],[-1.58373,49.662055],[-1.572865,49.664293],[-1.561187,49.663031],[-1.540395,49.657782],[-1.528432,49.657457],[-1.511464,49.662543],[-1.49592,49.672187],[-1.470123,49.695054],[-1.455719,49.702216],[-1.409495,49.711575],[-1.391265,49.712714],[-1.271148,49.698432],[-1.263051,49.695502],[-1.259104,49.6883],[-1.25414,49.67178],[-1.232249,49.641425],[-1.227773,49.624091],[-1.253326,49.61225],[-1.257558,49.602851],[-1.259999,49.593451],[-1.264027,49.58926],[-1.286204,49.588935],[-1.294993,49.586819],[-1.301422,49.581773],[-1.306264,49.558092],[-1.293609,49.538398],[-1.276519,49.520738],[-1.261586,49.49315],[-1.185292,49.430365],[-1.175689,49.415229],[-1.172231,49.393378],[-1.174224,49.382392],[-1.1787,49.374579],[-1.183258,49.369452],[-1.18517,49.3664],[-1.181996,49.356187],[-1.173818,49.357001],[-1.163075,49.361518],[-1.151723,49.362698],[-1.141021,49.356676],[-1.133453,49.349514],[-1.122874,49.345445],[-1.103424,49.349026],[-1.103424,49.355862],[-1.113759,49.36579],[-1.106353,49.379462],[-1.089589,49.391547],[-1.072255,49.396796],[-0.940419,49.392279],[-0.822133,49.362698],[-0.650787,49.355862],[-0.607981,49.347398],[-0.583363,49.345893],[-0.546946,49.358954],[-0.522532,49.355292],[-0.479482,49.34276],[-0.411122,49.34276],[-0.393625,49.338039],[-0.363433,49.325019],[-0.3131,49.317328],[-0.219472,49.280097],[-0.194081,49.295233],[-0.033844,49.320054],[0.012869,49.334621],[0.040294,49.350409],[0.06308,49.354478],[0.071951,49.35928],[0.095958,49.383734],[0.162364,49.415188],[0.286876,49.433621],[0.411306,49.452053],[0.457286,49.467434],[0.476573,49.478664],[0.493175,49.493598],[0.42213,49.464423],[0.33961,49.456732],[0.256847,49.464057],[0.185313,49.479967],[0.164806,49.479967],[0.147309,49.480943],[0.12436,49.485785],[0.104421,49.493598],[0.095958,49.503241],[0.092784,49.509263],[0.078624,49.51553],[0.075369,49.524075],[0.076589,49.53498],[0.079682,49.542182],[0.13087,49.603502],[0.170909,49.691636],[0.185883,49.703192],[0.23585,49.729315],[0.246755,49.729438],[0.256847,49.735907],[0.387462,49.775051],[0.397634,49.784369],[0.522797,49.832953],[0.557384,49.839789],[0.59669,49.857245],[0.674815,49.8758],[0.760916,49.875067],[1.172618,49.961005],[1.196951,49.973578],[1.221202,49.97899],[1.260997,50.007514],[1.391287,50.075181],[1.444102,50.117255],[1.455821,50.123603],[1.464529,50.132148],[1.486827,50.185045],[1.521007,50.214667],[1.555349,50.217719],[1.654307,50.186591],[1.664073,50.187079],[1.672537,50.192532],[1.672537,50.199368],[1.661957,50.19892],[1.655284,50.200507],[1.650076,50.204779],[1.644542,50.212388],[1.66505,50.212388],[1.66505,50.219794],[1.645681,50.220038],[1.625499,50.224311],[1.610037,50.232245],[1.603526,50.243476],[1.593923,50.256293],[1.551117,50.26968],[1.541515,50.277899],[1.543142,50.310004],[1.551524,50.349066],[1.572032,50.375678],[1.594981,50.372667],[1.610362,50.370673],[1.610362,50.376899],[1.555186,50.404771],[1.555186,50.411566],[1.573497,50.44538],[1.574229,50.492377],[1.579275,50.533149],[1.610362,50.548163],[1.583344,50.574693],[1.577891,50.588609],[1.573578,50.635565],[1.563162,50.67829],[1.562673,50.698961],[1.567638,50.716742],[1.588715,50.756293],[1.600108,50.770982],[1.605642,50.790025],[1.599294,50.812934],[1.583181,50.849799],[1.580821,50.863715],[1.580577,50.868801],[1.604828,50.881049],[1.613455,50.883368],[1.634288,50.884589],[1.653331,50.889106],[1.670177,50.900092],[1.699067,50.925605],[1.729828,50.943915],[1.921397,50.996772],[1.939301,50.994452],[1.973481,51.007148],[2.134044,51.019965],[2.305512,51.055406],[2.316091,51.059027],[2.324474,51.059882],[2.384451,51.055325],[2.466075,51.068793],[2.506684,51.080756],[2.521495,51.087388],[2.5218,51.087541]],[[1.983372,42.441261],[1.986163,42.441261],[1.996084,42.442837],[1.999495,42.443896],[1.988436,42.458185],[1.978308,42.47498],[1.967972,42.485702],[1.956604,42.481775],[1.945648,42.463817],[1.947509,42.451234],[1.960634,42.443715],[1.983372,42.441261]]],[[[-60.810414,14.461982],[-60.822662,14.456692],[-60.834828,14.427558],[-60.845204,14.41413],[-60.856435,14.409369],[-60.870595,14.408108],[-60.882476,14.413275],[-60.88679,14.427802],[-60.880767,14.437974],[-60.869496,14.441474],[-60.859853,14.446723],[-60.858876,14.461982],[-60.86852,14.475979],[-60.882232,14.470526],[-60.898101,14.460883],[-60.914133,14.461982],[-60.913401,14.472113],[-60.920033,14.473375],[-60.947621,14.468736],[-61.005971,14.476264],[-61.021596,14.474026],[-61.046376,14.464179],[-61.061187,14.461982],[-61.069569,14.466702],[-61.091624,14.496772],[-61.091135,14.504218],[-61.092397,14.508287],[-61.096791,14.511542],[-61.105865,14.516588],[-61.078521,14.544582],[-61.052317,14.557074],[-61.043813,14.565009],[-61.033274,14.549872],[-61.01773,14.545315],[-61.003326,14.550523],[-60.996002,14.565009],[-60.999379,14.571357],[-61.006988,14.581855],[-61.014312,14.595852],[-61.016469,14.612779],[-61.031402,14.607815],[-61.043568,14.605455],[-61.05427,14.605129],[-61.064931,14.605943],[-61.085927,14.604641],[-61.091624,14.605943],[-61.095937,14.610256],[-61.102203,14.622219],[-61.105865,14.626451],[-61.141591,14.650092],[-61.159576,14.666938],[-61.167348,14.68476],[-61.16808,14.691067],[-61.170237,14.696438],[-61.173573,14.701239],[-61.177887,14.705878],[-61.18163,14.713039],[-61.180043,14.719672],[-61.176666,14.726142],[-61.174794,14.732896],[-61.177113,14.74494],[-61.182973,14.756415],[-61.190541,14.766343],[-61.219106,14.795478],[-61.226186,14.807766],[-61.228831,14.821967],[-61.226186,14.835517],[-61.219472,14.846503],[-61.210601,14.854438],[-61.170969,14.87637],[-61.135894,14.876899],[-61.101959,14.866197],[-61.057851,14.83869],[-61.018625,14.821723],[-61.002268,14.811428],[-60.998158,14.804185],[-60.995676,14.795356],[-60.990631,14.787909],[-60.978993,14.784735],[-60.961293,14.749945],[-60.946889,14.761379],[-60.926584,14.771145],[-60.903188,14.777086],[-60.879303,14.777289],[-60.886301,14.771633],[-60.892445,14.767768],[-60.895375,14.763821],[-60.892974,14.757392],[-60.914133,14.736314],[-60.926178,14.755561],[-60.933827,14.750312],[-60.936676,14.731269],[-60.93456,14.70897],[-60.926178,14.712714],[-60.918935,14.712226],[-60.912668,14.708564],[-60.907297,14.702826],[-60.93456,14.688463],[-60.927113,14.681098],[-60.93928,14.674994],[-60.937489,14.666409],[-60.928863,14.66352],[-60.920277,14.674872],[-60.88679,14.660549],[-60.894358,14.659817],[-60.898305,14.658026],[-60.901682,14.655911],[-60.907297,14.653754],[-60.901031,14.638577],[-60.893381,14.630805],[-60.873158,14.619615],[-60.870229,14.614447],[-60.868764,14.607611],[-60.865061,14.601711],[-60.855458,14.599107],[-60.848378,14.596096],[-60.84496,14.588609],[-60.844309,14.579495],[-60.845204,14.571234],[-60.832143,14.578599],[-60.835846,14.56566],[-60.836415,14.552965],[-60.832997,14.541002],[-60.824778,14.530219],[-60.830922,14.527086],[-60.833404,14.524359],[-60.835072,14.521186],[-60.838368,14.516588],[-60.825266,14.510403],[-60.819814,14.496649],[-60.81664,14.480902],[-60.810414,14.468736],[-60.810414,14.461982]]],[[[-61.194,15.932074],[-61.194692,15.919582],[-61.197743,15.91059],[-61.204254,15.902777],[-61.215728,15.893948],[-61.240712,15.881822],[-61.274892,15.873765],[-61.305084,15.878485],[-61.318186,15.904486],[-61.319203,15.911078],[-61.321685,15.919094],[-61.325103,15.925849],[-61.328725,15.928656],[-61.332021,15.931952],[-61.327789,15.939276],[-61.318186,15.952541],[-61.315297,15.966946],[-61.308258,15.977688],[-61.290191,15.997504],[-61.2683,16.009263],[-61.243886,16.003974],[-61.223988,15.987535],[-61.212392,15.95893],[-61.204905,15.95303],[-61.197377,15.945054],[-61.194,15.932074]]],[[[-60.989247,16.346381],[-61.039906,16.31391],[-61.068593,16.302232],[-61.091624,16.305406],[-61.078521,16.312201],[-61.039133,16.344468],[-61.014882,16.35399],[-60.989247,16.346381]]],[[[-61.551666,16.285549],[-61.549184,16.280585],[-61.555409,16.258246],[-61.547963,16.23843],[-61.554596,16.236518],[-61.572662,16.232571],[-61.579457,16.222317],[-61.577301,16.17593],[-61.564565,16.140937],[-61.557729,16.08633],[-61.565989,16.033515],[-61.597483,15.996731],[-61.643422,15.970364],[-61.694936,15.949164],[-61.696523,15.955024],[-61.702382,15.969631],[-61.694936,15.976467],[-61.702016,15.989895],[-61.710805,15.997382],[-61.721059,16.003852],[-61.732777,16.013983],[-61.740061,16.025824],[-61.743642,16.037299],[-61.747792,16.046698],[-61.756418,16.052191],[-61.768625,16.087633],[-61.769439,16.16649],[-61.784291,16.202338],[-61.779449,16.217231],[-61.784006,16.229315],[-61.7919,16.240058],[-61.797353,16.2508],[-61.797841,16.26789],[-61.793853,16.299058],[-61.797353,16.312201],[-61.787587,16.320299],[-61.770823,16.348822],[-61.756418,16.360663],[-61.737864,16.365302],[-61.728586,16.359605],[-61.722035,16.350898],[-61.712026,16.346381],[-61.687001,16.341702],[-61.650136,16.329332],[-61.615834,16.311835],[-61.598744,16.291693],[-61.612945,16.285549],[-61.604644,16.282294],[-61.603139,16.281195],[-61.603017,16.282213],[-61.598744,16.285549],[-61.59557,16.281643],[-61.585072,16.271308],[-61.58023,16.282131],[-61.570546,16.28974],[-61.557973,16.291693],[-61.551666,16.285549]]],[[[-61.544179,16.285386],[-61.544097,16.285468],[-61.544097,16.285549],[-61.527659,16.337836],[-61.518137,16.348944],[-61.499664,16.353217],[-61.49706,16.356757],[-61.495513,16.365139],[-61.495229,16.374457],[-61.496246,16.381171],[-61.500356,16.385647],[-61.507314,16.389838],[-61.515614,16.393052],[-61.52359,16.394761],[-61.529164,16.430487],[-61.533844,16.439439],[-61.534291,16.449286],[-61.525624,16.462307],[-61.509918,16.480414],[-61.505849,16.486965],[-61.496246,16.49372],[-61.465321,16.509833],[-61.462514,16.513088],[-61.459299,16.511786],[-61.426829,16.489203],[-61.409413,16.47248],[-61.397613,16.45185],[-61.393219,16.425482],[-61.39566,16.399237],[-61.394154,16.38935],[-61.386464,16.373684],[-61.376617,16.359565],[-61.365712,16.348822],[-61.353139,16.340277],[-61.338694,16.332709],[-61.331776,16.340155],[-61.321523,16.334906],[-61.311838,16.334174],[-61.301666,16.33454],[-61.290191,16.332709],[-61.280588,16.327053],[-61.258901,16.309231],[-61.253,16.305406],[-61.242584,16.30036],[-61.188385,16.263821],[-61.169179,16.258694],[-61.163564,16.252997],[-61.174794,16.243964],[-61.183176,16.244127],[-61.211252,16.250718],[-61.218861,16.254218],[-61.234446,16.258287],[-61.410715,16.219468],[-61.444447,16.205064],[-61.462148,16.202338],[-61.483713,16.205878],[-61.503407,16.213284],[-61.520416,16.222968],[-61.533844,16.233385],[-61.544097,16.245673],[-61.548329,16.258043],[-61.547963,16.271064],[-61.544179,16.285386]]],[[[55.787852,-21.103448],[55.801768,-21.111993],[55.837576,-21.126153],[55.849864,-21.137628],[55.854503,-21.156996],[55.849132,-21.173761],[55.840587,-21.190525],[55.824229,-21.264337],[55.821951,-21.285089],[55.82252,-21.303643],[55.820811,-21.324965],[55.812022,-21.342543],[55.79127,-21.349867],[55.755707,-21.348891],[55.737966,-21.351658],[55.706554,-21.367446],[55.683116,-21.370782],[55.659923,-21.369561],[55.643809,-21.363539],[55.626801,-21.369399],[55.601573,-21.370375],[55.575043,-21.367934],[55.554454,-21.363539],[55.53712,-21.355076],[55.505626,-21.333673],[55.475434,-21.326918],[55.434337,-21.311619],[55.417817,-21.302016],[55.409841,-21.29339],[55.404145,-21.284438],[55.397797,-21.277602],[55.387055,-21.274835],[55.354503,-21.274591],[55.34962,-21.271417],[55.342296,-21.257501],[55.307628,-21.219415],[55.295584,-21.19964],[55.291026,-21.176446],[55.290782,-21.158868],[55.288422,-21.14365],[55.246349,-21.090916],[55.233246,-21.069268],[55.225434,-21.048272],[55.225434,-21.029718],[55.231212,-21.009698],[55.241873,-20.993422],[55.275401,-20.980239],[55.287852,-20.964776],[55.292328,-20.94671],[55.287446,-20.932224],[55.293468,-20.926365],[55.295421,-20.921808],[55.293468,-20.91725],[55.287446,-20.911716],[55.302989,-20.905206],[55.335948,-20.905043],[55.364024,-20.886163],[55.40797,-20.863214],[55.455821,-20.861423],[55.472504,-20.863214],[55.501313,-20.873224],[55.514008,-20.875177],[55.52711,-20.87005],[55.542491,-20.875095],[55.57838,-20.87477],[55.592296,-20.880304],[55.605805,-20.888279],[55.650645,-20.898045],[55.663829,-20.905206],[55.673839,-20.913181],[55.695323,-20.935235],[55.70281,-20.949395],[55.706554,-20.98211],[55.712087,-20.993585],[55.736583,-21.017836],[55.740001,-21.024672],[55.741466,-21.044529],[55.743663,-21.05462],[55.746837,-21.062595],[55.753103,-21.06699],[55.770518,-21.073826],[55.774181,-21.079278],[55.77589,-21.083917],[55.787852,-21.103448]]],[[[45.262218,-12.76336],[45.27711,-12.747491],[45.282563,-12.743422],[45.289317,-12.759861],[45.290863,-12.774021],[45.288422,-12.788344],[45.282563,-12.804864],[45.275727,-12.804864],[45.262218,-12.76336]]],[[[45.200694,-12.722914],[45.217621,-12.734063],[45.224783,-12.745701],[45.224946,-12.759535],[45.220551,-12.77752],[45.196951,-12.8117],[45.188162,-12.817071],[45.188731,-12.82879],[45.19516,-12.840509],[45.213145,-12.851821],[45.210948,-12.86533],[45.204356,-12.878513],[45.200694,-12.883966],[45.191661,-12.904962],[45.175304,-12.924005],[45.168224,-12.944268],[45.186371,-12.968845],[45.182302,-12.975763],[45.178071,-12.981052],[45.173025,-12.98504],[45.165863,-12.98919],[45.159923,-12.978611],[45.153087,-12.979669],[45.144298,-12.985772],[45.131847,-12.98919],[45.120616,-12.986261],[45.113292,-12.981052],[45.1067,-12.978123],[45.097179,-12.982354],[45.098481,-12.967869],[45.094493,-12.958185],[45.084972,-12.953709],[45.070323,-12.955011],[45.070323,-12.948907],[45.08839,-12.940362],[45.09018,-12.924005],[45.081228,-12.908298],[45.062511,-12.898533],[45.065278,-12.893162],[45.072927,-12.88836],[45.083995,-12.887384],[45.090099,-12.891046],[45.107921,-12.911716],[45.124766,-12.921482],[45.134125,-12.916925],[45.136485,-12.903904],[45.131847,-12.887384],[45.123871,-12.875095],[45.113292,-12.863377],[45.083995,-12.839044],[45.097992,-12.833429],[45.104503,-12.832778],[45.104503,-12.825942],[45.098643,-12.817478],[45.094249,-12.80283],[45.090831,-12.773858],[45.087169,-12.759698],[45.07838,-12.753595],[45.067149,-12.750095],[45.056651,-12.743422],[45.04949,-12.734308],[45.045177,-12.725193],[45.042979,-12.713962],[45.042491,-12.698419],[45.090831,-12.647231],[45.094737,-12.653578],[45.095958,-12.656508],[45.097179,-12.660821],[45.092784,-12.661879],[45.09018,-12.663263],[45.083995,-12.667657],[45.090505,-12.667087],[45.093516,-12.669041],[45.094981,-12.672052],[45.097179,-12.674493],[45.110606,-12.685805],[45.128917,-12.707452],[45.138682,-12.714939],[45.152599,-12.718194],[45.183767,-12.71795],[45.200694,-12.722914]]],[[[9.456554,42.647406],[9.482107,42.620103],[9.476899,42.620103],[9.476817,42.619086],[9.456554,42.647406]]],[[[8.565766,42.208564],[8.574067,42.219916],[8.565766,42.225735],[8.552419,42.22899],[8.545258,42.232856],[8.54949,42.242255],[8.559906,42.24433],[8.586274,42.243354],[8.593761,42.246283],[8.601329,42.250678],[8.61085,42.254625],[8.651134,42.260403],[8.664724,42.264879],[8.675059,42.270657],[8.680837,42.272773],[8.685232,42.271918],[8.687755,42.272935],[8.688731,42.280951],[8.674001,42.289496],[8.672048,42.291164],[8.634776,42.304836],[8.632335,42.308661],[8.629649,42.315253],[8.625173,42.319159],[8.611095,42.310045],[8.605317,42.310452],[8.60141,42.314765],[8.599864,42.321926],[8.604747,42.325588],[8.634776,42.338935],[8.612804,42.352444],[8.591563,42.351142],[8.552094,42.338935],[8.559581,42.346381],[8.553477,42.354885],[8.549653,42.36579],[8.549083,42.377102],[8.552094,42.386705],[8.560802,42.381659],[8.570486,42.381781],[8.5796,42.385932],[8.586274,42.392971],[8.598643,42.3876],[8.602387,42.391913],[8.603526,42.400336],[8.60727,42.407213],[8.612071,42.411811],[8.614024,42.416246],[8.618663,42.419582],[8.65089,42.423285],[8.659516,42.429877],[8.661632,42.439765],[8.661388,42.45189],[8.672374,42.464423],[8.676768,42.47248],[8.672048,42.476142],[8.659679,42.477118],[8.657074,42.480048],[8.659353,42.484361],[8.667491,42.509711],[8.680431,42.521064],[8.697602,42.527004],[8.716563,42.530707],[8.710785,42.540107],[8.716319,42.561998],[8.709158,42.571723],[8.709158,42.579169],[8.71697,42.576117],[8.719737,42.575995],[8.720876,42.574123],[8.723481,42.565497],[8.740001,42.572333],[8.750662,42.568793],[8.759613,42.561754],[8.771251,42.558051],[8.786957,42.561998],[8.798839,42.571763],[8.807465,42.58511],[8.812836,42.599595],[8.805431,42.606431],[8.843028,42.608059],[8.906505,42.632473],[9.018321,42.650133],[9.049978,42.662177],[9.052989,42.681586],[9.107107,42.725898],[9.117849,42.732001],[9.141449,42.735012],[9.165212,42.735175],[9.176036,42.732815],[9.185069,42.733385],[9.236827,42.722561],[9.257823,42.713935],[9.264659,42.708889],[9.270844,42.702216],[9.276134,42.694159],[9.28533,42.67475],[9.292166,42.67475],[9.327891,42.720038],[9.34254,42.749091],[9.333018,42.770941],[9.340994,42.790107],[9.33546,42.807603],[9.321788,42.82392],[9.305675,42.83926],[9.333018,42.867133],[9.332856,42.8758],[9.326345,42.885321],[9.326182,42.893785],[9.330251,42.903551],[9.336925,42.910386],[9.360199,42.928616],[9.356781,42.933539],[9.355724,42.93651],[9.356944,42.94066],[9.360199,42.949123],[9.349946,42.957221],[9.343435,42.97309],[9.341807,42.990668],[9.34669,43.00373],[9.363048,43.011542],[9.404307,43.011664],[9.422374,43.017401],[9.435557,43.00373],[9.444509,42.997992],[9.464041,42.990058],[9.464041,42.982611],[9.455577,42.974555],[9.453868,42.963813],[9.458751,42.952338],[9.470063,42.942288],[9.465505,42.923529],[9.484386,42.832424],[9.482758,42.802314],[9.450369,42.708889],[9.451427,42.696723],[9.449392,42.682603],[9.450369,42.653632],[9.449067,42.651068],[9.446056,42.648586],[9.44337,42.64525],[9.442882,42.64057],[9.445323,42.637885],[9.449962,42.635728],[9.4546,42.634589],[9.456554,42.634426],[9.459239,42.625434],[9.461681,42.619818],[9.461436,42.614569],[9.456554,42.606431],[9.46461,42.60163],[9.468028,42.594957],[9.470714,42.587226],[9.476899,42.579169],[9.484874,42.574449],[9.511892,42.565497],[9.509125,42.579983],[9.504731,42.586615],[9.489594,42.612616],[9.518565,42.580959],[9.528087,42.563544],[9.532237,42.544379],[9.53004,42.486314],[9.533376,42.456244],[9.545909,42.435126],[9.539887,42.422065],[9.535411,42.408189],[9.532725,42.392524],[9.532237,42.373725],[9.536957,42.353176],[9.555431,42.314276],[9.559581,42.294582],[9.552257,42.170152],[9.559581,42.146552],[9.556895,42.138251],[9.554942,42.120836],[9.552745,42.113023],[9.545584,42.10399],[9.518565,42.08511],[9.507823,42.072211],[9.492442,42.047756],[9.423839,41.973538],[9.408702,41.962226],[9.403168,41.952948],[9.402843,41.917426],[9.394298,41.847968],[9.403005,41.779731],[9.401622,41.706448],[9.398611,41.701483],[9.391124,41.699042],[9.381196,41.692694],[9.372244,41.683905],[9.367035,41.674221],[9.380707,41.674221],[9.37794,41.65644],[9.373057,41.645168],[9.363617,41.640041],[9.353201,41.640815],[9.345225,41.640326],[9.342133,41.63467],[9.34669,41.619574],[9.333263,41.624457],[9.318207,41.627143],[9.303722,41.627834],[9.292166,41.62641],[9.293956,41.617621],[9.284434,41.607652],[9.278575,41.598375],[9.292166,41.59162],[9.325043,41.601955],[9.345063,41.604478],[9.354177,41.595404],[9.350597,41.581204],[9.341075,41.569281],[9.326671,41.561103],[9.309093,41.558173],[9.299653,41.55329],[9.292166,41.542914],[9.281993,41.533271],[9.264659,41.530829],[9.268728,41.523749],[9.269867,41.516791],[9.268728,41.509955],[9.264659,41.502875],[9.276215,41.499416],[9.279145,41.491645],[9.27475,41.482856],[9.264659,41.476142],[9.270844,41.468736],[9.255219,41.463609],[9.228038,41.450019],[9.210704,41.448228],[9.210704,41.440863],[9.220063,41.435045],[9.223318,41.427314],[9.219981,41.419623],[9.210704,41.41352],[9.210704,41.407294],[9.222016,41.410956],[9.237966,41.422268],[9.250336,41.427802],[9.246593,41.412909],[9.23878,41.395901],[9.230154,41.380927],[9.223155,41.372504],[9.206716,41.365912],[9.193858,41.369127],[9.169119,41.386176],[9.153331,41.391343],[9.122244,41.394965],[9.096446,41.40351],[9.10727,41.429267],[9.112153,41.432563],[9.121349,41.434638],[9.105154,41.445502],[9.080903,41.453192],[9.06658,41.4619],[9.079845,41.476142],[9.079845,41.482367],[9.068207,41.479478],[9.038748,41.4619],[9.031993,41.468736],[9.03419,41.470893],[9.035411,41.471625],[9.036632,41.472846],[9.038748,41.476142],[9.028087,41.473822],[9.024099,41.472113],[9.018321,41.468736],[9.011485,41.476142],[9.000987,41.483059],[8.975597,41.489081],[8.95102,41.491889],[8.93572,41.489203],[8.924815,41.49494],[8.916759,41.501654],[8.906912,41.50731],[8.883637,41.511176],[8.881114,41.514838],[8.879161,41.519355],[8.873709,41.523383],[8.864268,41.525336],[8.856293,41.525336],[8.848399,41.526109],[8.83961,41.530829],[8.853282,41.537665],[8.853282,41.54385],[8.840587,41.547268],[8.833344,41.550727],[8.823904,41.549954],[8.809906,41.55268],[8.797211,41.557074],[8.791759,41.561225],[8.796397,41.580552],[8.793224,41.587307],[8.778087,41.59162],[8.785411,41.604682],[8.792003,41.625149],[8.801768,41.639065],[8.819021,41.632636],[8.872569,41.651068],[8.881114,41.657131],[8.885753,41.670885],[8.896983,41.677924],[8.910655,41.683824],[8.922699,41.694648],[8.899181,41.695461],[8.836436,41.70893],[8.812348,41.709296],[8.788829,41.712551],[8.776134,41.722398],[8.784923,41.742499],[8.760102,41.742662],[8.719086,41.730699],[8.695567,41.729438],[8.69809,41.733059],[8.702973,41.742499],[8.688731,41.741767],[8.677989,41.744086],[8.667979,41.747504],[8.655121,41.749905],[8.668224,41.754869],[8.6963,41.758205],[8.709158,41.763577],[8.71754,41.77204],[8.722016,41.782416],[8.720225,41.791693],[8.709158,41.797065],[8.709158,41.804511],[8.731944,41.804592],[8.752289,41.809801],[8.784923,41.824408],[8.78004,41.83393],[8.772309,41.840399],[8.76238,41.844143],[8.750824,41.845526],[8.783702,41.853583],[8.791759,41.859117],[8.789317,41.861314],[8.785818,41.867987],[8.781749,41.873684],[8.778087,41.872789],[8.79005,41.886949],[8.791759,41.887112],[8.794607,41.892157],[8.803396,41.900539],[8.805431,41.906928],[8.803071,41.907457],[8.791759,41.913764],[8.785981,41.922838],[8.781423,41.928778],[8.775076,41.932318],[8.764415,41.934272],[8.744395,41.932807],[8.710297,41.918769],[8.688731,41.913764],[8.647634,41.911811],[8.629893,41.908637],[8.614268,41.900784],[8.60727,41.913764],[8.618663,41.930487],[8.614431,41.944078],[8.586274,41.96898],[8.635509,41.972642],[8.65504,41.978705],[8.668793,41.996324],[8.656098,42.002875],[8.664561,42.014472],[8.684337,42.02558],[8.706065,42.030463],[8.711274,42.033271],[8.738048,42.043931],[8.743419,42.044135],[8.744965,42.056586],[8.739106,42.063422],[8.723481,42.072089],[8.706228,42.100491],[8.699229,42.10932],[8.688813,42.111151],[8.660899,42.105455],[8.655121,42.10932],[8.647716,42.122016],[8.629568,42.130072],[8.6067,42.133734],[8.586274,42.13349],[8.591075,42.14289],[8.593761,42.146552],[8.586274,42.151435],[8.578136,42.154202],[8.569102,42.154975],[8.559581,42.153998],[8.569672,42.155585],[8.577891,42.158759],[8.593761,42.16706],[8.593761,42.174506],[8.565766,42.174506],[8.565766,42.181301],[8.577647,42.184882],[8.581798,42.194525],[8.57781,42.204413],[8.565766,42.208564]]],[[[-1.21939,45.943915],[-1.224355,45.935045],[-1.213938,45.928046],[-1.18517,45.915961],[-1.177724,45.906928],[-1.176096,45.898749],[-1.184193,45.85635],[-1.194569,45.830064],[-1.209218,45.814154],[-1.226877,45.81977],[-1.2412,45.85456],[-1.24942,45.867743],[-1.260365,45.881822],[-1.319,45.928127],[-1.340159,45.938666],[-1.361724,45.956732],[-1.378326,45.975979],[-1.373891,45.984931],[-1.371653,45.995307],[-1.382924,46.0185],[-1.404937,46.053168],[-1.373891,46.050238],[-1.339915,46.037828],[-1.308705,46.02025],[-1.285146,46.001654],[-1.273834,45.997626],[-1.26122,46.000678],[-1.247629,46.001776],[-1.233632,45.991685],[-1.229563,45.979234],[-1.231191,45.967922],[-1.230458,45.958197],[-1.21939,45.950751],[-1.21939,45.943915]]],[[[-1.281402,46.156195],[-1.286285,46.160102],[-1.290679,46.161322],[-1.33609,46.167222],[-1.432851,46.210842],[-1.488922,46.203355],[-1.504262,46.207668],[-1.54483,46.239895],[-1.555816,46.245551],[-1.555816,46.251776],[-1.498118,46.261908],[-1.480092,46.259223],[-1.472727,46.255276],[-1.467885,46.249905],[-1.467437,46.243964],[-1.473866,46.238105],[-1.497711,46.245185],[-1.507965,46.245551],[-1.490549,46.224433],[-1.464182,46.224921],[-1.435455,46.233832],[-1.411122,46.238105],[-1.411122,46.231269],[-1.425364,46.231269],[-1.425364,46.223822],[-1.408762,46.218248],[-1.308095,46.206936],[-1.284739,46.196438],[-1.265736,46.180976],[-1.25414,46.162421],[-1.263417,46.161851],[-1.270863,46.160224],[-1.281402,46.156195]]],[[[-2.337229,46.731594],[-2.298207,46.72016],[-2.279693,46.710273],[-2.268951,46.697414],[-2.291371,46.703599],[-2.371409,46.704291],[-2.382924,46.722642],[-2.375152,46.731635],[-2.356801,46.733791],[-2.337229,46.731594]]],[[[-2.200103,46.985419],[-2.189809,46.97724],[-2.155751,46.964911],[-2.144846,46.957465],[-2.140045,46.943427],[-2.137685,46.923163],[-2.142568,46.909857],[-2.159088,46.91649],[-2.173695,46.939154],[-2.194814,46.961859],[-2.220204,46.973863],[-2.247304,46.964301],[-2.263173,46.979804],[-2.278676,47.018134],[-2.295644,47.033189],[-2.238596,47.035346],[-2.220448,47.033189],[-2.200022,47.024359],[-2.197418,47.013007],[-2.201324,46.999742],[-2.200103,46.985419]]],[[[-3.114654,47.331488],[-3.102691,47.327338],[-3.072743,47.328315],[-3.062815,47.320624],[-3.067006,47.301947],[-3.093617,47.296617],[-3.171702,47.301581],[-3.223459,47.312161],[-3.240956,47.320624],[-3.23762,47.336371],[-3.245351,47.352851],[-3.256174,47.368801],[-3.262074,47.383246],[-3.253651,47.388861],[-3.249623,47.395209],[-3.242991,47.395331],[-3.23412,47.389553],[-3.221506,47.387519],[-3.176503,47.371487],[-3.151601,47.35814],[-3.148793,47.355373],[-3.114654,47.331488]]],[[[-5.050282,48.478827],[-5.048166,48.476508],[-5.046254,48.473822],[-5.042958,48.471991],[-5.03661,48.472602],[-5.03661,48.465155],[-5.087961,48.447211],[-5.10554,48.444648],[-5.10554,48.451483],[-5.102162,48.45185],[-5.095123,48.451117],[-5.091868,48.451483],[-5.097768,48.46133],[-5.107411,48.463365],[-5.132802,48.458319],[-5.132802,48.465155],[-5.091786,48.48078],[-5.069,48.485053],[-5.050282,48.478827]]],[[[-61.624664,15.871243],[-61.621083,15.867743],[-61.616078,15.860053],[-61.618804,15.852281],[-61.627553,15.846991],[-61.638336,15.853217],[-61.634592,15.866156],[-61.624664,15.871243]]],[[[-61.566477,15.878363],[-61.566029,15.876776],[-61.565012,15.874416],[-61.570546,15.869615],[-61.582183,15.861802],[-61.592641,15.858385],[-61.595693,15.86286],[-61.590484,15.86758],[-61.585113,15.870673],[-61.579945,15.880805],[-61.573883,15.883368],[-61.567983,15.881049],[-61.566477,15.878363]]],[[[6.235037,43.022406],[6.241885,43.02565],[6.251004,43.017297],[6.252209,43.002632],[6.230235,42.995347],[6.216482,42.990383],[6.202485,42.987128],[6.190115,42.99018],[6.166189,42.999661],[6.164724,43.005072],[6.175141,43.008979],[6.202973,43.008002],[6.211599,43.011623],[6.215017,43.014716],[6.218272,43.015448],[6.221039,43.01496],[6.233393,43.015582],[6.235037,43.022406]]]]}},{"type":"Feature","properties":{"featurecla":"Admin-0 country","scalerank":0,"LABELRANK":2,"SOVEREIGNT":"Germany","SOV_A3":"DEU","ADM0_DIF":0,"LEVEL":2,"TYPE":"Sovereign country","TLC":"1","ADMIN":"Germany","ADM0_A3":"DEU","GEOU_DIF":0,"GEOUNIT":"Germany","GU_A3":"DEU","SU_DIF":0,"SUBUNIT":"Germany","SU_A3":"DEU","BRK_DIFF":0,"NAME":"Germany","NAME_LONG":"Germany","BRK_A3":"DEU","BRK_NAME":"Germany","BRK_GROUP":null,"ABBREV":"Ger.","POSTAL":"D","FORMAL_EN":"Federal Republic of Germany","FORMAL_FR":null,"NAME_CIAWF":"Germany","NOTE_ADM0":null,"NOTE_BRK":null,"NAME_SORT":"Germany","NAME_ALT":null,"MAPCOLOR7":2,"MAPCOLOR8":5,"MAPCOLOR9":5,"MAPCOLOR13":1,"POP_EST":83132799,"POP_RANK":16,"POP_YEAR":2019,"GDP_MD":3861123,"GDP_YEAR":2019,"ECONOMY":"1. Developed region: G7","INCOME_GRP":"1. High income: OECD","FIPS_10":"GM","ISO_A2":"DE","ISO_A2_EH":"DE","ISO_A3":"DEU","ISO_A3_EH":"DEU","ISO_N3":"276","ISO_N3_EH":"276","UN_A3":"276","WB_A2":"DE","WB_A3":"DEU","WOE_ID":23424829,"WOE_ID_EH":23424829,"WOE_NOTE":"Exact WOE match as country","ADM0_ISO":"DEU","ADM0_DIFF":null,"ADM0_TLC":"DEU","ADM0_A3_US":"DEU","ADM0_A3_FR":"DEU","ADM0_A3_RU":"DEU","ADM0_A3_ES":"DEU","ADM0_A3_CN":"DEU","ADM0_A3_TW":"DEU","ADM0_A3_IN":"DEU","ADM0_A3_NP":"DEU","ADM0_A3_PK":"DEU","ADM0_A3_DE":"DEU","ADM0_A3_GB":"DEU","ADM0_A3_BR":"DEU","ADM0_A3_IL":"DEU","ADM0_A3_PS":"DEU","ADM0_A3_SA":"DEU","ADM0_A3_EG":"DEU","ADM0_A3_MA":"DEU","ADM0_A3_PT":"DEU","ADM0_A3_AR":"DEU","ADM0_A3_JP":"DEU","ADM0_A3_KO":"DEU","ADM0_A3_VN":"DEU","ADM0_A3_TR":"DEU","ADM0_A3_ID":"DEU","ADM0_A3_PL":"DEU","ADM0_A3_GR":"DEU","ADM0_A3_IT":"DEU","ADM0_A3_NL":"DEU","ADM0_A3_SE":"DEU","ADM0_A3_BD":"DEU","ADM0_A3_UA":"DEU","ADM0_A3_UN":-99,"ADM0_A3_WB":-99,"CONTINENT":"Europe","REGION_UN":"Europe","SUBREGION":"Western Europe","REGION_WB":"Europe & Central Asia","NAME_LEN":7,"LONG_LEN":7,"ABBREV_LEN":4,"TINY":-99,"HOMEPART":1,"MIN_ZOOM":0,"MIN_LABEL":1.7,"MAX_LABEL":6.7,"LABEL_X":9.678348,"LABEL_Y":50.961733,"NE_ID":1159320539,"WIKIDATAID":"Q183","NAME_AR":"ألمانيا","NAME_BN":"জার্মানি","NAME_DE":"Deutschland","NAME_EN":"Germany","NAME_ES":"Alemania","NAME_FA":"آلمان","NAME_FR":"Allemagne","NAME_EL":"Γερμανία","NAME_HE":"גרמניה","NAME_HI":"जर्मनी","NAME_HU":"Németország","NAME_ID":"Jerman","NAME_IT":"Germania","NAME_JA":"ドイツ","NAME_KO":"독일","NAME_NL":"Duitsland","NAME_PL":"Niemcy","NAME_PT":"Alemanha","NAME_RU":"Германия","NAME_SV":"Tyskland","NAME_TR":"Almanya","NAME_UK":"Німеччина","NAME_UR":"جرمنی","NAME_VI":"Đức","NAME_ZH":"德国","NAME_ZHT":"德國","FCLASS_ISO":"Admin-0 country","TLC_DIFF":null,"FCLASS_TLC":"Admin-0 country","FCLASS_US":null,"FCLASS_FR":null,"FCLASS_RU":null,"FCLASS_ES":null,"FCLASS_CN":null,"FCLASS_TW":null,"FCLASS_IN":null,"FCLASS_NP":null,"FCLASS_PK":null,"FCLASS_DE":null,"FCLASS_GB":null,"FCLASS_BR":null,"FCLASS_IL":null,"FCLASS_PS":null,"FCLASS_SA":null,"FCLASS_EG":null,"FCLASS_MA":null,"FCLASS_PT":null,"FCLASS_AR":null,"FCLASS_JP":null,"FCLASS_KO":null,"FCLASS_VN":null,"FCLASS_TR":null,"FCLASS_ID":null,"FCLASS_PL":null,"FCLASS_GR":null,"FCLASS_IT":null,"FCLASS_NL":null,"FCLASS_SE":null,"FCLASS_BD":null,"FCLASS_UA":null},"bbox":[5.85249,47.271121,15.022059,55.065334],"geometry":{"type":"MultiPolygon","coordinates":[[[[13.815725,48.76643],[13.785856,48.724779],[13.783582,48.71527],[13.78875,48.716511],[13.799395,48.70261],[13.804356,48.699561],[13.816862,48.695582],[13.803529,48.687159],[13.800945,48.675221],[13.806216,48.642923],[13.805493,48.626129],[13.802392,48.611711],[13.796191,48.598585],[13.779034,48.573935],[13.77428,48.569207],[13.766012,48.563755],[13.758054,48.561481],[13.73728,48.559259],[13.733869,48.559776],[13.725394,48.548381],[13.716506,48.521691],[13.714336,48.523215],[13.673356,48.535488],[13.65806,48.551094],[13.641834,48.559104],[13.624367,48.565357],[13.520704,48.584581],[13.487218,48.581584],[13.454558,48.573445],[13.445566,48.567915],[13.440089,48.560965],[13.440709,48.557347],[13.443706,48.552851],[13.447737,48.534816],[13.457039,48.525179],[13.459209,48.516394],[13.456418,48.506653],[13.442983,48.487713],[13.438228,48.478541],[13.436368,48.469239],[13.438228,48.440998],[13.436161,48.430585],[13.431717,48.423712],[13.42717,48.418544],[13.425206,48.413377],[13.419522,48.392164],[13.405569,48.376583],[13.307797,48.319636],[13.274207,48.307104],[13.136438,48.291059],[13.032775,48.263567],[13.016652,48.255893],[12.979445,48.232018],[12.947199,48.220004],[12.931696,48.211632],[12.93304,48.209255],[12.877642,48.202046],[12.862553,48.196646],[12.853458,48.18998],[12.835164,48.170704],[12.822142,48.160679],[12.782351,48.142024],[12.77832,48.138717],[12.764058,48.123756],[12.75796,48.121896],[12.751449,48.122103],[12.745041,48.12063],[12.738943,48.113447],[12.736979,48.099959],[12.742043,48.086782],[12.750932,48.074741],[12.760234,48.064871],[12.830617,48.015468],[12.845603,47.993144],[12.848246,47.982389],[12.8486,47.980948],[12.853975,47.970484],[12.862036,47.962552],[12.886014,47.952888],[12.906168,47.93891],[12.914229,47.93599],[12.931076,47.924879],[12.964976,47.871963],[12.986576,47.850259],[12.991227,47.847106],[12.926735,47.777395],[12.921257,47.76954],[12.919294,47.763184],[12.918984,47.756776],[12.917227,47.750161],[12.910819,47.743082],[12.910612,47.742927],[12.892009,47.723548],[12.908338,47.71236],[12.964045,47.705358],[12.979032,47.707089],[13.004353,47.714608],[13.019856,47.712929],[13.032258,47.706624],[13.044557,47.696573],[13.064091,47.67399],[13.072049,47.659469],[13.07484,47.646654],[13.07422,47.63451],[13.072049,47.622417],[13.069569,47.620247],[13.057683,47.600429],[13.057063,47.597664],[13.04094,47.58335],[13.038253,47.584022],[13.03908,47.561336],[13.04125,47.561904],[13.040113,47.560457],[13.030605,47.544257],[13.028124,47.541647],[13.028124,47.524232],[13.028951,47.518031],[13.031225,47.512553],[13.034429,47.507437],[13.037013,47.501365],[13.037323,47.493045],[13.008797,47.470101],[13.001873,47.466019],[12.991124,47.465683],[12.984923,47.468267],[12.979342,47.472246],[12.96973,47.475734],[12.959291,47.475527],[12.951023,47.472478],[12.942548,47.470489],[12.931593,47.473512],[12.882603,47.498575],[12.836921,47.532655],[12.828446,47.537255],[12.819041,47.539528],[12.803642,47.541337],[12.77894,47.554825],[12.773669,47.5795],[12.785865,47.602677],[12.81315,47.611824],[12.793307,47.624794],[12.767365,47.63637],[12.751655,47.649392],[12.761991,47.666859],[12.744834,47.66536],[12.688713,47.675127],[12.653057,47.675127],[12.6174,47.669339],[12.598383,47.66288],[12.563375,47.641761],[12.553838,47.636008],[12.538232,47.631331],[12.517148,47.628541],[12.49658,47.628903],[12.482524,47.633579],[12.452759,47.649754],[12.444697,47.656291],[12.43922,47.664482],[12.428781,47.685798],[12.42413,47.69156],[12.407697,47.693731],[12.368423,47.683551],[12.351473,47.68169],[12.293699,47.69001],[12.271891,47.687891],[12.249567,47.680011],[12.238715,47.6789],[12.228793,47.684868],[12.223315,47.695901],[12.226623,47.702878],[12.233031,47.708872],[12.236545,47.716778],[12.239128,47.72745],[12.242229,47.732023],[12.239749,47.731687],[12.225176,47.727372],[12.216494,47.723703],[12.192413,47.710164],[12.1766,47.705823],[12.178564,47.697658],[12.181768,47.692129],[12.189106,47.685566],[12.197271,47.680088],[12.202335,47.677789],[12.205125,47.672285],[12.206779,47.645568],[12.205745,47.636215],[12.202128,47.629833],[12.173603,47.60508],[12.165645,47.603969],[11.935891,47.610738],[11.851969,47.599163],[11.840703,47.594615],[11.830678,47.577614],[11.820343,47.575288],[11.764015,47.583117],[11.682573,47.58335],[11.638958,47.589241],[11.620458,47.589654],[11.617048,47.586761],[11.589142,47.570379],[11.582321,47.559785],[11.574466,47.536634],[11.569402,47.527384],[11.551212,47.51369],[11.529508,47.507851],[11.482585,47.50258],[11.459951,47.507437],[11.435353,47.509711],[11.412616,47.506094],[11.365487,47.469326],[11.377786,47.467052],[11.388638,47.46222],[11.392462,47.454779],[11.383884,47.444857],[11.367657,47.440129],[11.324249,47.439431],[11.305645,47.4354],[11.286318,47.423205],[11.273089,47.411112],[11.258827,47.400725],[11.237019,47.393956],[11.213041,47.395816],[11.215212,47.422998],[11.193818,47.428941],[11.168599,47.424264],[11.10328,47.393568],[11.083747,47.389512],[10.979464,47.390545],[10.965511,47.396075],[10.955279,47.409614],[10.957656,47.409717],[10.96086,47.414316],[10.963134,47.421241],[10.962824,47.427959],[10.959827,47.432506],[10.909907,47.46899],[10.858438,47.485165],[10.851616,47.493097],[10.883862,47.508006],[10.892234,47.514879],[10.86929,47.526583],[10.858644,47.530666],[10.844795,47.531312],[10.830636,47.528573],[10.790328,47.516067],[10.760769,47.513638],[10.752191,47.515395],[10.74723,47.52015],[10.743923,47.525317],[10.739892,47.52847],[10.60791,47.562266],[10.583726,47.562473],[10.569876,47.555936],[10.549619,47.536789],[10.536907,47.529865],[10.525125,47.52847],[10.482543,47.532862],[10.466937,47.53772],[10.458772,47.541647],[10.453501,47.546246],[10.451744,47.554825],[10.455465,47.561181],[10.460322,47.565987],[10.461563,47.569914],[10.457118,47.579242],[10.453604,47.581102],[10.445956,47.579061],[10.429213,47.57702],[10.414227,47.573015],[10.415674,47.564385],[10.424356,47.553352],[10.43097,47.542164],[10.42973,47.532914],[10.419601,47.493045],[10.433657,47.487852],[10.442236,47.481392],[10.44761,47.472581],[10.451744,47.460205],[10.451951,47.438759],[10.442856,47.41628],[10.428283,47.396049],[10.411643,47.381037],[10.403065,47.377109],[10.381981,47.372122],[10.371646,47.367394],[10.365651,47.361115],[10.34343,47.330756],[10.325447,47.314322],[10.305913,47.302178],[10.261161,47.283497],[10.239354,47.277735],[10.174951,47.272376],[10.159876,47.271121],[10.155431,47.272878],[10.159462,47.279131],[10.168661,47.290422],[10.172691,47.292308],[10.18592,47.294995],[10.190778,47.298251],[10.193259,47.304917],[10.192742,47.310912],[10.190468,47.317475],[10.208555,47.354475],[10.209278,47.372484],[10.190881,47.379228],[10.146956,47.373802],[10.135071,47.364888],[10.130833,47.362666],[10.125666,47.362692],[10.11533,47.366955],[10.11037,47.367394],[10.097244,47.363131],[10.089596,47.359281],[10.082878,47.359074],[10.073162,47.365482],[10.067788,47.375042],[10.066858,47.385791],[10.064171,47.396178],[10.053215,47.40486],[10.075953,47.416874],[10.080604,47.42739],[10.071819,47.439121],[10.022623,47.487955],[10.011254,47.484441],[10.002366,47.47917],[9.993581,47.476586],[9.982625,47.481031],[9.981075,47.48687],[9.980765,47.489919],[9.980765,47.492942],[9.97167,47.506404],[9.959164,47.514879],[9.948726,47.524232],[9.945935,47.540769],[9.933843,47.534206],[9.918753,47.53219],[9.888988,47.533792],[9.858912,47.541337],[9.853848,47.540407],[9.841549,47.535032],[9.833487,47.534619],[9.813127,47.54175],[9.809303,47.552318],[9.811266,47.564488],[9.807959,47.576322],[9.79628,47.584952],[9.782121,47.588414],[9.767135,47.587277],[9.752665,47.582058],[9.730858,47.564901],[9.718455,47.546711],[9.703986,47.531415],[9.676701,47.52263],[9.612622,47.521881],[9.554144,47.532743],[9.549887,47.533534],[9.547482,47.534547],[9.273211,47.65009],[9.234351,47.656162],[9.196937,47.656136],[9.183398,47.670425],[9.128104,47.670425],[9.016586,47.6789],[8.997673,47.673835],[8.981756,47.662156],[8.945376,47.654302],[8.906205,47.651795],[8.881711,47.656136],[8.852668,47.670786],[8.851935,47.671282],[8.837786,47.680838],[8.837682,47.687788],[8.856079,47.690682],[8.830241,47.707192],[8.797581,47.720034],[8.77071,47.720861],[8.761718,47.70125],[8.769883,47.695074],[8.71707,47.694558],[8.715106,47.701069],[8.712625,47.708691],[8.704667,47.715332],[8.70043,47.723496],[8.703737,47.730033],[8.71707,47.743547],[8.719757,47.747319],[8.713142,47.757422],[8.703324,47.758714],[8.692265,47.757164],[8.68193,47.75874],[8.674488,47.766698],[8.666633,47.778273],[8.657022,47.788118],[8.644102,47.791012],[8.635007,47.784604],[8.62984,47.762796],[8.617437,47.757319],[8.607619,47.762254],[8.604105,47.774398],[8.603175,47.787317],[8.601624,47.794603],[8.583124,47.800236],[8.558216,47.801166],[8.5423,47.795017],[8.551602,47.779255],[8.536512,47.774088],[8.482665,47.766853],[8.471503,47.76706],[8.463648,47.763907],[8.450109,47.750471],[8.445458,47.743185],[8.437913,47.723186],[8.427268,47.716468],[8.401947,47.707089],[8.392128,47.699519],[8.390991,47.692129],[8.395229,47.684817],[8.397709,47.67629],[8.391301,47.665464],[8.407011,47.661562],[8.411972,47.661045],[8.437603,47.647842],[8.458274,47.639884],[8.476051,47.640401],[8.49083,47.645568],[8.504679,47.65226],[8.519666,47.657351],[8.568241,47.662932],[8.582194,47.66133],[8.593589,47.658169],[8.598214,47.656885],[8.607309,47.656291],[8.601624,47.632598],[8.595113,47.63482],[8.594493,47.640969],[8.593563,47.642571],[8.589222,47.642468],[8.583951,47.641124],[8.580334,47.639005],[8.57806,47.633476],[8.579714,47.628929],[8.582091,47.625027],[8.582504,47.62159],[8.581264,47.614769],[8.581781,47.607664],[8.580644,47.600171],[8.576305,47.595023],[8.574133,47.592445],[8.560697,47.589396],[8.551719,47.596863],[8.549638,47.598594],[8.537752,47.612134],[8.522353,47.621901],[8.49238,47.619833],[8.461788,47.606139],[8.450109,47.589034],[8.448869,47.58428],[8.4211,47.581112],[8.41807,47.580766],[8.354094,47.581024],[8.316164,47.587846],[8.306345,47.592187],[8.299317,47.601824],[8.293943,47.611462],[8.288569,47.615803],[8.276993,47.61663],[8.251051,47.622004],[8.232965,47.621952],[8.179015,47.615803],[8.173847,47.613529],[8.168886,47.608646],[8.162065,47.603762],[8.143771,47.600067],[8.122067,47.592135],[8.113902,47.587846],[8.105427,47.581257],[8.101397,47.576193],[8.096952,47.571852],[8.087237,47.567382],[8.042279,47.560561],[7.912157,47.560561],[7.90947,47.564798],[7.907507,47.574177],[7.904303,47.583557],[7.898205,47.587846],[7.833713,47.590481],[7.819657,47.595339],[7.801467,47.576089],[7.78555,47.563196],[7.76674,47.555961],[7.72732,47.550423],[7.683438,47.544257],[7.661423,47.546246],[7.646901,47.551445],[7.609747,47.564746],[7.612337,47.564731],[7.635895,47.564591],[7.646541,47.571542],[7.659666,47.596579],[7.637032,47.594977],[7.586028,47.584619],[7.59011,47.594822],[7.592487,47.598414],[7.590317,47.607948],[7.585046,47.613167],[7.578638,47.61694],[7.572643,47.622004],[7.550112,47.652441],[7.536573,47.665205],[7.521794,47.670425],[7.517866,47.675024],[7.514662,47.685798],[7.511872,47.707322],[7.515386,47.713316],[7.531922,47.725202],[7.537813,47.731816],[7.53833,47.748146],[7.525928,47.783157],[7.528615,47.797032],[7.542878,47.829433],[7.548459,47.834239],[7.561998,47.839226],[7.564168,47.850414],[7.559001,47.869017],[7.559207,47.873461],[7.558381,47.875994],[7.557864,47.878526],[7.559001,47.882711],[7.561998,47.887052],[7.568613,47.891367],[7.572643,47.896302],[7.578948,47.906328],[7.580808,47.910798],[7.579568,47.92705],[7.584942,47.940408],[7.611607,47.959399],[7.621116,47.97144],[7.618945,48.002652],[7.575744,48.053709],[7.572643,48.094972],[7.578948,48.11448],[7.585666,48.129725],[7.5929,48.138665],[7.599722,48.144711],[7.604786,48.152566],[7.60675,48.166984],[7.613364,48.179205],[7.676616,48.2384],[7.687158,48.252921],[7.693463,48.269871],[7.69553,48.29018],[7.702454,48.311187],[7.718578,48.319997],[7.736974,48.326664],[7.75072,48.341366],[7.75196,48.355344],[7.746896,48.368677],[7.740385,48.381441],[7.737181,48.393481],[7.738318,48.406607],[7.745656,48.433014],[7.75072,48.444408],[7.757645,48.453891],[7.764156,48.460351],[7.76922,48.470066],[7.771287,48.489109],[7.776455,48.498178],[7.788444,48.506343],[7.813455,48.519468],[7.813455,48.526341],[7.801673,48.54758],[7.801777,48.582359],[7.810252,48.615018],[7.852419,48.658685],[7.864098,48.664162],[7.880635,48.667728],[7.895931,48.676513],[7.92332,48.698217],[7.935205,48.703333],[7.948434,48.71186],[7.959183,48.721368],[7.963627,48.729275],[7.964867,48.748343],[7.970138,48.757283],[7.981507,48.759764],[8.009619,48.760074],[8.017267,48.761831],[8.022952,48.765087],[8.025122,48.770616],[8.027293,48.780021],[8.031943,48.785344],[8.036594,48.788289],[8.038765,48.79077],[8.04755,48.791028],[8.08424,48.804051],[8.090338,48.807513],[8.10274,48.821311],[8.148112,48.903734],[8.179325,48.942698],[8.199892,48.95825],[8.200305,48.958563],[8.18873,48.965746],[8.090441,48.979182],[7.931898,49.034838],[7.913811,49.036181],[7.856864,49.032254],[7.773665,49.048118],[7.762606,49.046155],[7.739145,49.037731],[7.726949,49.035664],[7.717337,49.036595],[7.69615,49.041555],[7.685091,49.042796],[7.672482,49.041039],[7.660803,49.037731],[7.648814,49.035716],[7.644939,49.036294],[7.634965,49.037783],[7.625663,49.043002],[7.615948,49.055973],[7.60861,49.061968],[7.586389,49.069564],[7.542671,49.074577],[7.520863,49.083672],[7.507738,49.094576],[7.485103,49.118708],[7.471047,49.12832],[7.472804,49.131628],[7.475285,49.133901],[7.482726,49.137054],[7.476112,49.151523],[7.458025,49.155864],[7.414823,49.157776],[7.410483,49.168938],[7.391052,49.170023],[7.371634,49.166174],[7.367591,49.165372],[7.350951,49.159171],[7.3463,49.15421],[7.339066,49.139689],[7.334002,49.13416],[7.326457,49.131834],[7.305993,49.130129],[7.297105,49.128114],[7.2908,49.123101],[7.280258,49.108993],[7.274367,49.105014],[7.268062,49.105634],[7.241191,49.113902],[7.154994,49.114419],[7.139285,49.117933],[7.123575,49.123308],[7.085335,49.141549],[7.079857,49.142014],[7.070762,49.136123],[7.071589,49.130594],[7.074793,49.125375],[7.073242,49.12031],[7.042546,49.107598],[7.020532,49.118967],[7.008957,49.146407],[7.009474,49.181702],[6.987873,49.182425],[6.925448,49.205576],[6.914389,49.206662],[6.885243,49.204801],[6.843489,49.211054],[6.833464,49.209452],[6.827676,49.195551],[6.835221,49.179377],[6.839045,49.162788],[6.821785,49.147751],[6.809072,49.145839],[6.770108,49.155295],[6.725563,49.155554],[6.713781,49.158861],[6.700965,49.172865],[6.703756,49.185113],[6.70882,49.197773],[6.702516,49.213638],[6.698485,49.213586],[6.685049,49.207799],[6.680605,49.207489],[6.677918,49.211054],[6.675954,49.218909],[6.674817,49.221131],[6.671613,49.225317],[6.663758,49.243869],[6.659521,49.246763],[6.645671,49.250018],[6.640297,49.252757],[6.63916,49.256788],[6.641227,49.266916],[6.639677,49.271154],[6.573169,49.313115],[6.556426,49.326396],[6.550122,49.338023],[6.555599,49.34717],[6.573376,49.347738],[6.577717,49.3558],[6.574306,49.361794],[6.52573,49.395487],[6.518806,49.402154],[6.520769,49.402567],[6.520563,49.408148],[6.517876,49.416416],[6.511674,49.424736],[6.494518,49.435537],[6.402741,49.465457],[6.391682,49.466697],[6.383517,49.46463],[6.3645,49.456104],[6.353855,49.45476],[6.345307,49.455349],[6.34538,49.462718],[6.342279,49.493001],[6.348809,49.52529],[6.350754,49.53491],[6.350754,49.566588],[6.356438,49.577595],[6.371528,49.592995],[6.397573,49.613872],[6.407701,49.627411],[6.415246,49.634646],[6.417933,49.639142],[6.417003,49.645756],[6.410905,49.649632],[6.404498,49.652474],[6.402741,49.655782],[6.418243,49.669889],[6.491727,49.700792],[6.489764,49.702962],[6.482942,49.708078],[6.486353,49.712936],[6.491004,49.714434],[6.499686,49.712212],[6.492554,49.718413],[6.4878,49.725596],[6.485526,49.733761],[6.48625,49.742701],[6.495965,49.748231],[6.496378,49.752106],[6.493691,49.756551],[6.493794,49.76363],[6.498549,49.785386],[6.499996,49.786058],[6.500099,49.794481],[6.502269,49.795876],[6.502579,49.79567],[6.497205,49.799442],[6.493278,49.799597],[6.462478,49.805488],[6.414523,49.805488],[6.397056,49.808589],[6.380106,49.815565],[6.351374,49.83329],[6.334424,49.840215],[6.325639,49.84037],[6.310653,49.834479],[6.302592,49.834944],[6.301558,49.838303],[6.295568,49.848616],[6.291533,49.855563],[6.286779,49.86104],[6.272206,49.867138],[6.238306,49.876905],[6.2227,49.887137],[6.189834,49.938297],[6.172677,49.956228],[6.161928,49.942482],[6.15397,49.951216],[6.138777,49.979328],[6.121517,49.996278],[6.117177,50.004391],[6.119967,50.015501],[6.113766,50.036378],[6.107255,50.044595],[6.096403,50.048626],[6.105704,50.060305],[6.109425,50.06356],[6.107151,50.063767],[6.101157,50.063405],[6.0994,50.064129],[6.105704,50.092241],[6.110562,50.105987],[6.117487,50.120456],[6.126582,50.127329],[6.129476,50.134047],[6.125962,50.140196],[6.115833,50.145467],[6.118003,50.150377],[6.121311,50.16159],[6.123171,50.164898],[6.131749,50.168308],[6.151696,50.169342],[6.159138,50.172443],[6.165132,50.181899],[6.165752,50.193165],[6.160171,50.204534],[6.146839,50.214042],[6.157174,50.222724],[6.179808,50.233007],[6.189627,50.242722],[6.210401,50.249027],[6.253396,50.256778],[6.271792,50.267424],[6.267348,50.276416],[6.269415,50.286492],[6.27603,50.296104],[6.285952,50.303856],[6.299491,50.308868],[6.310653,50.308248],[6.322022,50.305406],[6.335458,50.303856],[6.362019,50.306956],[6.374525,50.315483],[6.3734,50.32308],[6.372458,50.329436],[6.337732,50.368089],[6.336388,50.379923],[6.343313,50.393308],[6.350444,50.416872],[6.351167,50.433564],[6.347343,50.436974],[6.340212,50.437853],[6.331634,50.446896],[6.326156,50.457025],[6.323262,50.466016],[6.325743,50.474026],[6.336905,50.481003],[6.318715,50.481674],[6.27541,50.48803],[6.260114,50.492681],[6.25784,50.494077],[6.255566,50.494593],[6.253086,50.494077],[6.250915,50.492681],[6.217119,50.486015],[6.207197,50.486325],[6.199239,50.490408],[6.19066,50.501828],[6.182599,50.506582],[6.190557,50.515212],[6.178878,50.515781],[6.170817,50.517951],[6.169473,50.522499],[6.177328,50.530198],[6.160688,50.543583],[6.179085,50.561979],[6.210608,50.578671],[6.232932,50.587146],[6.232932,50.590763],[6.244301,50.599548],[6.251329,50.608437],[6.249055,50.614431],[6.180015,50.615516],[6.159448,50.622389],[6.147769,50.636755],[6.161102,50.642181],[6.100227,50.701299],[6.081003,50.713495],[6.064363,50.714477],[6.024779,50.707552],[6.01155,50.708534],[6.007623,50.716905],[6.011343,50.727447],[6.010826,50.737059],[5.994187,50.742589],[5.99274,50.744449],[5.992636,50.746258],[5.993256,50.748066],[5.99491,50.749927],[5.997081,50.762949],[5.990569,50.769047],[5.980647,50.773439],[5.972999,50.781811],[5.968762,50.794627],[5.983955,50.792198],[5.998321,50.800725],[6.003592,50.81261],[6.001421,50.821809],[6.000491,50.830439],[6.009276,50.840464],[6.023022,50.845425],[6.045553,50.844184],[6.056715,50.852659],[6.062813,50.862943],[6.063123,50.870901],[6.054648,50.891468],[6.056508,50.898083],[6.061779,50.903509],[6.063743,50.90754],[6.031084,50.914723],[6.007519,50.924076],[5.999871,50.929399],[5.997287,50.937357],[5.99584,50.951775],[5.999664,50.960095],[6.005762,50.968518],[6.003695,50.973737],[5.967832,50.970998],[5.94158,50.976476],[5.927731,50.977665],[5.914192,50.975236],[5.88825,50.967123],[5.874607,50.965366],[5.873574,50.990584],[5.858174,51.019342],[5.85249,51.042751],[5.880498,51.052053],[5.894348,51.047144],[5.906233,51.037403],[5.919566,51.029703],[5.937963,51.030943],[5.950262,51.03947],[5.969485,51.06492],[5.982921,51.074687],[6.075422,51.120369],[6.132369,51.139825],[6.147252,51.152254],[6.126272,51.164578],[6.149113,51.176335],[6.157071,51.179254],[6.134126,51.184215],[6.08431,51.162692],[6.060849,51.170909],[6.053718,51.189383],[6.056612,51.211707],[6.06519,51.231629],[6.075422,51.242661],[6.096506,51.25881],[6.147769,51.318161],[6.158208,51.324594],[6.183632,51.335705],[6.193554,51.344516],[6.198929,51.35697],[6.202029,51.378881],[6.207817,51.387666],[6.192727,51.398957],[6.194071,51.417379],[6.201719,51.438644],[6.205337,51.458436],[6.200479,51.476575],[6.193348,51.509338],[6.15304,51.538431],[6.086481,51.595534],[6.08214,51.607807],[6.087514,51.622096],[6.099193,51.644472],[6.031497,51.662998],[6.008553,51.681188],[6.021989,51.709506],[6.012067,51.715863],[5.989742,51.726379],[5.97827,51.729789],[5.949228,51.729376],[5.939306,51.731882],[5.940133,51.742631],[5.946056,51.746288],[5.962354,51.756351],[5.964111,51.776556],[5.950778,51.795909],[5.928041,51.806736],[5.931451,51.81565],[5.948091,51.822962],[5.988916,51.827458],[6.008243,51.832574],[6.028913,51.842108],[6.043279,51.846862],[6.084,51.853658],[6.116453,51.848283],[6.140018,51.844537],[6.156141,51.842056],[6.142705,51.855182],[6.105394,51.87947],[6.092992,51.88531],[6.126995,51.89673],[6.159241,51.887299],[6.191384,51.87115],[6.22518,51.862546],[6.256393,51.866809],[6.264661,51.866189],[6.271792,51.8619],[6.282851,51.849601],[6.287399,51.846165],[6.325743,51.842547],[6.341969,51.836682],[6.344966,51.821102],[6.382483,51.827587],[6.386617,51.837561],[6.378453,51.860117],[6.442531,51.848361],[6.462892,51.848361],[6.479428,51.853012],[6.528624,51.876421],[6.628153,51.897505],[6.716675,51.899262],[6.743753,51.908331],[6.767008,51.925514],[6.789849,51.951145],[6.798014,51.956701],[6.805662,51.957527],[6.810726,51.960576],[6.811656,51.972798],[6.809176,51.979542],[6.804008,51.984373],[6.77817,52.001271],[6.712851,52.023854],[6.69094,52.027859],[6.675024,52.034809],[6.672957,52.050054],[6.679881,52.060467],[6.688873,52.063102],[6.699415,52.063567],[6.711404,52.067288],[6.719465,52.073567],[6.72763,52.086305],[6.732901,52.091989],[6.749851,52.102867],[6.765871,52.108397],[6.771576,52.108793],[6.830673,52.112893],[6.843282,52.119998],[6.8654,52.1478],[6.88483,52.160332],[6.927721,52.171907],[6.947668,52.182811],[6.97113,52.206272],[6.981878,52.213997],[7.02632,52.230637],[7.029111,52.235779],[7.0266,52.238623],[7.020739,52.245262],[7.011851,52.26663],[7.012471,52.284949],[7.019705,52.300039],[7.039756,52.328616],[7.048231,52.365074],[7.034175,52.390783],[6.9733,52.451373],[6.966995,52.449565],[6.960794,52.442847],[6.951493,52.437472],[6.926481,52.432976],[6.90023,52.431917],[6.872014,52.434733],[6.820338,52.446826],[6.741169,52.453673],[6.714814,52.461553],[6.695074,52.475609],[6.688976,52.490518],[6.687529,52.50814],[6.684015,52.525994],[6.671716,52.541678],[6.688253,52.542582],[6.743753,52.559713],[6.71099,52.576637],[6.703962,52.583071],[6.703652,52.59139],[6.7082,52.599685],[6.710164,52.60865],[6.701792,52.619115],[6.719083,52.626759],[6.737035,52.634695],[6.770522,52.641026],[6.8654,52.641956],[6.91842,52.632189],[6.967719,52.636659],[6.982808,52.632783],[7.018465,52.625988],[7.036655,52.647382],[7.043993,52.682625],[7.053295,52.790577],[7.061977,52.824012],[7.072151,52.841317],[7.079857,52.854424],[7.161919,52.932636],[7.183623,52.966122],[7.192821,52.998006],[7.194372,53.033844],[7.18507,53.105442],[7.181349,53.114175],[7.176492,53.119394],[7.172668,53.125751],[7.171944,53.137714],[7.174425,53.145775],[7.188584,53.167789],[7.195405,53.184998],[7.198506,53.200578],[7.197472,53.216624],[7.194591,53.245022],[7.204438,53.248277],[7.215831,53.255601],[7.22462,53.262926],[7.233572,53.273627],[7.23699,53.285549],[7.229503,53.296576],[7.254731,53.319525],[7.268321,53.323676],[7.291515,53.32392],[7.313162,53.320502],[7.347667,53.307359],[7.366547,53.302802],[7.34254,53.324042],[7.302908,53.33275],[7.075206,53.337592],[7.038259,53.348578],[7.023611,53.37641],[7.023285,53.450507],[7.02768,53.467353],[7.047048,53.497707],[7.051443,53.5126],[7.059744,53.521715],[7.079356,53.521552],[7.11964,53.516303],[7.125011,53.524359],[7.134532,53.527411],[7.141775,53.537177],[7.139985,53.549791],[7.131114,53.556952],[7.101899,53.565741],[7.088878,53.573717],[7.086762,53.586859],[7.100922,53.597886],[7.133149,53.611274],[7.169444,53.635484],[7.188975,53.6435],[7.226085,53.66649],[7.305024,53.684801],[7.458832,53.695136],[7.469574,53.690741],[7.480235,53.682034],[7.503917,53.678656],[7.651378,53.696967],[7.951427,53.72191],[8.031423,53.708075],[8.031423,53.700629],[8.024913,53.672553],[8.052908,53.636298],[8.094086,53.604722],[8.127615,53.590766],[8.127615,53.584621],[8.119151,53.571926],[8.134613,53.56745],[8.156749,53.563666],[8.167979,53.553209],[8.164887,53.535224],[8.155447,53.526028],[8.1338,53.516303],[8.115733,53.510728],[8.076345,53.508612],[8.058767,53.502021],[8.076996,53.468695],[8.086192,53.456122],[8.099783,53.447414],[8.112478,53.451077],[8.123871,53.454006],[8.140636,53.453599],[8.152354,53.449774],[8.171397,53.436591],[8.178559,53.433743],[8.186697,53.429511],[8.194835,53.420111],[8.205333,53.410712],[8.219737,53.40644],[8.236501,53.406724],[8.248709,53.408393],[8.259451,53.412299],[8.271739,53.419501],[8.292817,53.440497],[8.315115,53.474921],[8.320486,53.509223],[8.291515,53.529364],[8.252208,53.523098],[8.231212,53.525214],[8.233165,53.539862],[8.24171,53.556301],[8.248871,53.590277],[8.257335,53.604438],[8.270681,53.61286],[8.287608,53.616889],[8.329356,53.618109],[8.348481,53.61286],[8.363292,53.600572],[8.375499,53.5869],[8.387706,53.577135],[8.428071,53.564765],[8.513438,53.554755],[8.552094,53.543606],[8.552094,53.5362],[8.528168,53.523912],[8.506196,53.507961],[8.490001,53.486396],[8.483897,53.457343],[8.485037,53.40119],[8.490896,53.376451],[8.504405,53.358059],[8.507335,53.382799],[8.496755,53.445258],[8.497569,53.474758],[8.512869,53.496487],[8.535818,53.506171],[8.556651,53.518215],[8.565766,53.546698],[8.560802,53.551703],[8.535167,53.590766],[8.527517,53.596625],[8.5171,53.610175],[8.508311,53.625149],[8.501231,53.644192],[8.487071,53.666938],[8.483897,53.68358],[8.486095,53.700426],[8.492198,53.715155],[8.529633,53.770697],[8.556163,53.830959],[8.573253,53.857652],[8.587576,53.870429],[8.607107,53.881537],[8.629242,53.88939],[8.651866,53.892483],[8.672699,53.891588],[8.684581,53.888495],[8.709158,53.871975],[8.74464,53.854153],[8.782481,53.842475],[8.860688,53.831],[8.903575,53.831732],[8.976248,53.842434],[9.016287,53.840522],[9.035004,53.853583],[9.114513,53.865139],[9.193614,53.864691],[9.210704,53.871975],[9.224294,53.865912],[9.240733,53.864163],[9.274669,53.865139],[9.283376,53.86164],[9.305349,53.84455],[9.40268,53.742418],[9.442882,53.714301],[9.470958,53.700629],[9.484711,53.69009],[9.498383,53.659857],[9.567068,53.599595],[9.582367,53.591295],[9.600922,53.58633],[9.624766,53.584621],[9.637218,53.581],[9.696625,53.556627],[9.764008,53.547675],[9.819021,53.540351],[9.832042,53.543606],[9.819591,53.556627],[9.782074,53.569729],[9.692393,53.575914],[9.655772,53.584621],[9.583669,53.612454],[9.550792,53.634589],[9.539073,53.66649],[9.536143,53.693752],[9.532237,53.711168],[9.522227,53.71662],[9.475271,53.732164],[9.460216,53.735419],[9.435802,53.748684],[9.412446,53.778754],[9.396658,53.811021],[9.395193,53.831],[9.358735,53.839545],[9.295584,53.871894],[9.257823,53.885565],[9.22047,53.890774],[9.093435,53.892483],[9.055431,53.902899],[9.029959,53.907131],[9.018321,53.902737],[9.007823,53.892483],[8.98463,53.89704],[8.949474,53.912909],[8.916026,53.937405],[8.833344,54.036444],[8.871837,54.046942],[8.890636,54.047797],[8.914561,54.043891],[8.953868,54.028306],[8.975352,54.024075],[8.997244,54.030219],[9.004893,54.041164],[9.013031,54.060981],[9.018565,54.082424],[9.018321,54.097886],[9.006684,54.10814],[8.988129,54.117865],[8.974457,54.128079],[8.977306,54.139472],[8.977306,54.145697],[8.952891,54.150092],[8.917979,54.146308],[8.885427,54.13703],[8.867442,54.12519],[8.860688,54.12519],[8.833344,54.153144],[8.815684,54.175605],[8.812836,54.180487],[8.820974,54.200507],[8.836274,54.21776],[8.84669,54.233547],[8.83961,54.248725],[8.83961,54.255561],[8.851899,54.261054],[8.894216,54.268215],[8.911469,54.269192],[8.922048,54.274237],[8.937511,54.286689],[8.953136,54.302558],[8.963145,54.317613],[8.940278,54.315009],[8.902599,54.295844],[8.881114,54.290269],[8.883067,54.293606],[8.885916,54.300727],[8.88795,54.303941],[8.857595,54.301825],[8.805431,54.292426],[8.774669,54.290269],[8.738943,54.293891],[8.723481,54.290269],[8.690196,54.27147],[8.678477,54.269192],[8.651866,54.274848],[8.623383,54.290107],[8.602712,54.312079],[8.599864,54.33808],[8.614024,54.348375],[8.641368,54.355658],[8.672048,54.35928],[8.695567,54.358588],[8.695567,54.365424],[8.677582,54.367906],[8.663829,54.375556],[8.650645,54.377997],[8.634776,54.365424],[8.626231,54.37641],[8.629161,54.387681],[8.638438,54.398139],[8.648448,54.406399],[8.66977,54.400824],[8.750824,54.413804],[8.860688,54.413804],[8.886078,54.417792],[8.907237,54.425523],[8.949474,54.447333],[8.988048,54.458441],[9.004731,54.465888],[9.011485,54.482123],[9.011567,54.506334],[8.986095,54.529283],[8.90447,54.580634],[8.892833,54.591254],[8.88795,54.601874],[8.878754,54.606513],[8.858165,54.606147],[8.837087,54.602688],[8.825857,54.598131],[8.819021,54.605618],[8.853282,54.619289],[8.81837,54.673651],[8.805431,54.687567],[8.776703,54.697984],[8.722667,54.725531],[8.688731,54.735297],[8.688731,54.742174],[8.694347,54.76024],[8.681326,54.780585],[8.661876,54.800605],[8.648448,54.817857],[8.642751,54.844184],[8.647227,54.867377],[8.660776,54.896311],[8.695882,54.889984],[8.732779,54.889054],[8.800889,54.903833],[8.824246,54.9059],[8.904138,54.897942],[8.982686,54.879339],[9.194766,54.8504],[9.21151,54.841822],[9.216057,54.831745],[9.219054,54.817792],[9.226392,54.805906],[9.244066,54.801772],[9.317033,54.801617],[9.332019,54.803219],[9.341734,54.809059],[9.355997,54.811332],[9.366952,54.817017],[9.385039,54.819394],[9.405193,54.808387],[9.422143,54.80725],[9.436922,54.810144],[9.437503,54.810411],[9.451427,54.81037],[9.510997,54.827826],[9.529959,54.841498],[9.554373,54.847113],[9.566905,54.860175],[9.579926,54.866278],[9.583181,54.830268],[9.631602,54.819892],[9.693044,54.81802],[9.73463,54.807318],[9.752126,54.799628],[9.778087,54.793158],[9.801768,54.783393],[9.812185,54.766059],[9.823741,54.756741],[9.849864,54.759345],[9.895356,54.769477],[9.891449,54.790269],[9.91505,54.791205],[9.94752,54.779527],[9.97047,54.762641],[9.984141,54.728502],[9.990489,54.720526],[9.999522,54.712958],[10.01824,54.701239],[10.005382,54.695502],[9.992198,54.696479],[9.979828,54.699774],[9.97047,54.701239],[9.971039,54.699042],[9.9463,54.687649],[9.943126,54.687567],[9.936697,54.685004],[9.932384,54.685248],[9.929942,54.683092],[9.929454,54.673896],[9.944102,54.673326],[9.970225,54.677924],[9.996349,54.678778],[10.011404,54.66706],[10.022146,54.672431],[10.033539,54.672919],[10.039073,54.666815],[10.031912,54.652777],[10.036957,54.638902],[10.037608,54.619086],[10.031912,54.577704],[10.026866,54.559963],[10.02003,54.545844],[10.010427,54.534329],[9.997813,54.523668],[9.965587,54.506171],[9.925304,54.493109],[9.882009,54.484849],[9.840099,54.482123],[9.840099,54.475287],[9.883311,54.462104],[10.124685,54.495754],[10.143403,54.491848],[10.203868,54.461005],[10.18393,54.449368],[10.183849,54.438422],[10.191742,54.426174],[10.197032,54.410102],[10.191254,54.396715],[10.177094,54.384263],[10.159028,54.375312],[10.141775,54.37226],[10.144379,54.370022],[10.147797,54.368313],[10.148285,54.36518],[10.141775,54.358588],[10.152517,54.351793],[10.155528,54.343411],[10.151622,54.33397],[10.141775,54.324408],[10.163748,54.329169],[10.180349,54.341132],[10.203868,54.37226],[10.217133,54.405422],[10.224376,54.413804],[10.234386,54.417711],[10.272146,54.420071],[10.285818,54.42475],[10.292491,54.430162],[10.297618,54.435736],[10.306895,54.441107],[10.31837,54.443305],[10.36085,54.441107],[10.382823,54.43476],[10.44337,54.406399],[10.601085,54.365424],[10.690196,54.31623],[10.731293,54.310207],[10.77711,54.315131],[10.810802,54.327379],[10.867931,54.358588],[10.90089,54.371039],[10.935313,54.379543],[11.018809,54.385891],[11.018809,54.379096],[11.000824,54.378567],[10.975841,54.378404],[10.993175,54.373847],[11.010509,54.377183],[11.033946,54.367621],[11.104177,54.39289],[11.135509,54.385891],[11.098399,54.361518],[11.087738,54.351752],[11.081798,54.354641],[11.06658,54.358588],[11.077403,54.342231],[11.086599,54.302436],[11.094493,54.283515],[11.087087,54.270901],[11.087738,54.253892],[11.094493,54.225084],[11.09018,54.207994],[11.080577,54.198879],[11.070974,54.192572],[11.06658,54.183905],[10.95045,54.139472],[10.91033,54.109198],[10.892833,54.102525],[10.852387,54.094306],[10.844574,54.094468],[10.836111,54.089993],[10.829356,54.092841],[10.822276,54.097357],[10.813324,54.097886],[10.805431,54.094875],[10.801443,54.092231],[10.762869,54.05683],[10.752615,54.050116],[10.752615,54.043891],[10.76588,54.024359],[10.780447,54.009955],[10.799653,54.000556],[10.826915,53.995429],[10.865571,53.997789],[10.875499,53.995429],[10.882579,53.985053],[10.883556,53.973131],[10.88738,53.963935],[10.90211,53.961371],[10.906016,53.961208],[10.917654,53.960761],[10.922618,53.961371],[10.935395,53.967271],[10.964692,53.985419],[10.981212,53.989244],[11.000255,53.991604],[11.053477,54.00849],[11.175059,54.018012],[11.183849,54.016018],[11.190766,54.010321],[11.197276,53.996243],[11.204356,53.989244],[11.239919,53.983466],[11.245372,53.97842],[11.240733,53.955634],[11.242931,53.945217],[11.255626,53.940863],[11.285411,53.939683],[11.293712,53.940863],[11.334158,53.961371],[11.341807,53.958319],[11.352061,53.944159],[11.358246,53.940863],[11.399913,53.940863],[11.400401,53.93773],[11.438731,53.909125],[11.4463,53.906155],[11.457693,53.906155],[11.458995,53.916693],[11.469086,53.932766],[11.476817,53.952704],[11.472423,53.968817],[11.479828,53.976142],[11.489513,53.980618],[11.497895,53.981838],[11.495942,53.986314],[11.4935,53.997626],[11.49171,54.002346],[11.52589,54.022773],[11.52589,54.030219],[11.519054,54.030219],[11.519054,54.036444],[11.544607,54.030178],[11.553233,54.030219],[11.573497,54.039049],[11.591319,54.065619],[11.604747,54.071234],[11.612804,54.072903],[11.619395,54.077297],[11.624522,54.083645],[11.628917,54.091051],[11.629568,54.096015],[11.622081,54.099555],[11.622081,54.104682],[11.625255,54.109809],[11.629405,54.113227],[11.633149,54.115912],[11.657888,54.142239],[11.689708,54.155219],[11.72877,54.158515],[11.812266,54.149807],[12.050629,54.179918],[12.088145,54.194078],[12.093272,54.165432],[12.089529,54.137641],[12.091645,54.114],[12.115001,54.097886],[12.105317,54.110012],[12.100352,54.135972],[12.095063,54.145697],[12.105479,54.157375],[12.134288,54.166978],[12.142833,54.180487],[12.131602,54.181138],[12.12086,54.179999],[12.110606,54.177436],[12.101329,54.173651],[12.108897,54.18301],[12.142833,54.209174],[12.163097,54.219916],[12.18686,54.243354],[12.200938,54.248725],[12.214041,54.250963],[12.289399,54.275092],[12.327322,54.293769],[12.342133,54.303941],[12.378184,54.344916],[12.438324,54.395819],[12.444835,54.405463],[12.486095,54.447333],[12.501964,54.473578],[12.513438,54.482245],[12.533865,54.488267],[12.533865,54.482123],[12.527029,54.482123],[12.54835,54.462063],[12.591482,54.451728],[12.819102,54.451728],[12.856619,54.441107],[12.879649,54.448798],[12.908376,54.444648],[12.921153,54.433498],[12.896332,54.420071],[12.870779,54.416815],[12.763682,54.422187],[12.720958,54.431586],[12.694591,54.433661],[12.686778,54.431627],[12.676117,54.422553],[12.670421,54.420071],[12.650076,54.420071],[12.624197,54.422919],[12.614513,54.419745],[12.608409,54.406399],[12.602224,54.413804],[12.596934,54.411933],[12.588064,54.407457],[12.581716,54.406399],[12.583507,54.397854],[12.587657,54.394029],[12.594005,54.392768],[12.602224,54.392076],[12.598643,54.391547],[12.595876,54.391506],[12.594412,54.390204],[12.594737,54.385891],[12.575531,54.391995],[12.554047,54.390815],[12.535981,54.383734],[12.527029,54.37226],[12.510753,54.384263],[12.490977,54.390082],[12.454763,54.392076],[12.438487,54.387519],[12.424978,54.375922],[12.418468,54.360663],[12.424001,54.344916],[12.409679,54.346625],[12.403819,54.34809],[12.396739,54.351752],[12.389903,54.344916],[12.396495,54.332953],[12.391612,54.321112],[12.37908,54.312445],[12.362559,54.310207],[12.36964,54.296576],[12.37794,54.285875],[12.380138,54.277086],[12.368826,54.269192],[12.412446,54.25141],[12.436778,54.247707],[12.458181,54.255561],[12.442638,54.255194],[12.430837,54.258612],[12.41033,54.269192],[12.41684,54.280951],[12.42628,54.289618],[12.451427,54.303941],[12.457286,54.306301],[12.468272,54.308336],[12.472423,54.310207],[12.475597,54.315131],[12.476573,54.327786],[12.478689,54.331855],[12.495616,54.340277],[12.560557,54.358588],[12.547048,54.364488],[12.540782,54.365424],[12.540782,54.37226],[12.559337,54.376288],[12.566091,54.375922],[12.574229,54.37226],[12.574229,54.379096],[12.592947,54.36933],[12.622732,54.373928],[12.677257,54.392076],[12.675059,54.395413],[12.672374,54.402981],[12.670421,54.406399],[12.680837,54.410875],[12.692556,54.413642],[12.704845,54.414618],[12.71754,54.413804],[12.71754,54.406399],[12.702485,54.40412],[12.692393,54.396186],[12.686534,54.384752],[12.684093,54.37226],[12.696625,54.384955],[12.701182,54.391669],[12.7046,54.399604],[12.713552,54.390082],[12.723806,54.381252],[12.735037,54.37816],[12.746104,54.385891],[12.757823,54.379788],[12.768565,54.380072],[12.778331,54.384752],[12.78712,54.392076],[12.789887,54.384345],[12.794688,54.377143],[12.800955,54.370754],[12.818044,54.357978],[12.821788,54.356147],[12.825369,54.357245],[12.83546,54.358588],[12.854666,54.357856],[12.864757,54.359565],[12.875987,54.365424],[12.884532,54.373481],[12.894867,54.389716],[12.903819,54.399604],[12.929373,54.414374],[12.969086,54.429389],[13.0088,54.438056],[13.03419,54.433661],[13.021495,54.426459],[13.021007,54.414537],[13.028575,54.401842],[13.040375,54.392076],[13.083669,54.378974],[13.095551,54.37226],[13.076671,54.352525],[13.08074,54.337144],[13.109223,54.310207],[13.112071,54.299302],[13.112071,54.288479],[13.114919,54.280015],[13.125987,54.276597],[13.170665,54.276597],[13.170665,54.269192],[13.161306,54.269029],[13.154633,54.26732],[13.143403,54.263007],[13.176117,54.264838],[13.228363,54.247382],[13.263194,54.242499],[13.288829,54.23428],[13.321788,54.194525],[13.348888,54.180487],[13.333344,54.174018],[13.321544,54.166815],[13.346528,54.166938],[13.3838,54.178127],[13.403494,54.173651],[13.395681,54.161933],[13.39088,54.157294],[13.382986,54.153144],[13.394786,54.148912],[13.40211,54.151313],[13.408702,54.154608],[13.417735,54.153144],[13.423188,54.148098],[13.437673,54.12519],[13.450369,54.110419],[13.465099,54.098456],[13.483572,54.091295],[13.507091,54.091051],[13.507091,54.097886],[13.498871,54.102484],[13.487478,54.113918],[13.479259,54.118354],[13.479259,54.12519],[13.602712,54.139472],[13.632335,54.147528],[13.683442,54.168036],[13.711925,54.173651],[13.716482,54.168443],[13.714692,54.164049],[13.708263,54.160875],[13.698253,54.159329],[13.698253,54.153144],[13.72877,54.143866],[13.808116,54.104682],[13.808116,54.097886],[13.793712,54.083197],[13.785492,54.06391],[13.773204,54.046332],[13.746104,54.036444],[13.758149,54.030992],[13.78712,54.009101],[13.797618,53.998928],[13.803477,53.996324],[13.831798,53.989244],[13.838634,53.986314],[13.84311,53.97956],[13.846202,53.972235],[13.849132,53.967597],[13.850271,53.964016],[13.848969,53.959459],[13.848643,53.955552],[13.85255,53.953843],[13.866873,53.954657],[13.870128,53.953843],[13.875499,53.951239],[13.881602,53.949042],[13.88795,53.947577],[13.893565,53.947089],[13.906016,53.943061],[13.907563,53.933539],[13.901378,53.922309],[13.890147,53.912909],[13.818533,53.877997],[13.808116,53.865139],[13.817068,53.852932],[13.835785,53.84748],[13.85434,53.844916],[13.862804,53.841254],[13.869151,53.830308],[13.8838,53.817694],[13.899913,53.809149],[13.910655,53.810492],[13.984223,53.773993],[14.017345,53.769517],[14.033539,53.757514],[14.037446,53.755276],[14.061534,53.756415],[14.068858,53.755276],[14.094005,53.746324],[14.10613,53.743354],[14.186534,53.739814],[14.214692,53.744859],[14.226573,53.758694],[14.234141,53.761786],[14.250173,53.759955],[14.264496,53.751614],[14.267426,53.735419],[14.259532,53.727973],[14.212738,53.708075],[14.225352,53.703762],[14.240001,53.700751],[14.256196,53.699449],[14.263901,53.699976],[14.263863,53.699876],[14.265103,53.671764],[14.260969,53.656209],[14.276058,53.636624],[14.297039,53.597763],[14.298899,53.587893],[14.296212,53.551306],[14.296936,53.529137],[14.30417,53.508518],[14.328458,53.48609],[14.338897,53.465213],[14.359878,53.444077],[14.370316,53.392298],[14.391261,53.334017],[14.398015,53.315222],[14.399565,53.306747],[14.400185,53.288609],[14.403286,53.27879],[14.409384,53.272434],[14.42468,53.264657],[14.428607,53.259076],[14.44163,53.251841],[14.415585,53.22099],[14.408247,53.214402],[14.397705,53.210991],[14.387783,53.202077],[14.380651,53.189855],[14.377861,53.176549],[14.381478,53.160296],[14.387473,53.146137],[14.38954,53.131668],[14.359568,53.075056],[14.356777,53.066684],[14.343341,53.048624],[14.312645,53.029219],[14.253734,53.000875],[14.192859,52.981651],[14.14449,52.959921],[14.14449,52.953694],[14.150485,52.943643],[14.16268,52.908167],[14.164954,52.895661],[14.16082,52.876748],[14.150485,52.86463],[14.123923,52.850651],[14.135395,52.836595],[14.152758,52.828327],[14.173739,52.824348],[14.19596,52.823366],[14.21601,52.817992],[14.24867,52.794582],[14.275955,52.78572],[14.382202,52.738152],[14.397705,52.727119],[14.431915,52.686088],[14.442353,52.679964],[14.46137,52.674564],[14.490102,52.650638],[14.549943,52.636194],[14.607965,52.596463],[14.613712,52.592527],[14.644821,52.576921],[14.616813,52.541032],[14.609061,52.517803],[14.627665,52.507416],[14.632316,52.496745],[14.615779,52.473284],[14.591595,52.449797],[14.539815,52.421866],[14.545396,52.382153],[14.569167,52.338512],[14.590148,52.309418],[14.584153,52.291228],[14.606581,52.275751],[14.640481,52.265054],[14.668903,52.260997],[14.696911,52.253478],[14.712414,52.235908],[14.712104,52.215444],[14.69257,52.19958],[14.69257,52.193379],[14.70704,52.179452],[14.703216,52.165163],[14.692467,52.146973],[14.686369,52.121032],[14.696394,52.106691],[14.761403,52.076667],[14.743007,52.062534],[14.735359,52.054033],[14.732155,52.045067],[14.730294,52.035895],[14.726057,52.026438],[14.704456,52.002227],[14.699082,51.992512],[14.695568,51.931457],[14.687093,51.911897],[14.671693,51.893888],[14.653296,51.878617],[14.595936,51.842418],[14.58281,51.825081],[14.585807,51.803893],[14.60224,51.788313],[14.620327,51.780536],[14.634176,51.769012],[14.638103,51.742631],[14.648439,51.717206],[14.67097,51.700773],[14.719546,51.675632],[14.732465,51.658347],[14.742283,51.632974],[14.743937,51.606644],[14.732155,51.58662],[14.712724,51.567422],[14.704559,51.547992],[14.70677,51.540828],[14.710037,51.530241],[14.732155,51.515823],[14.797474,51.502103],[14.818558,51.492698],[14.818558,51.492595],[14.841399,51.48443],[14.888321,51.475748],[14.910955,51.468978],[14.926561,51.46133],[14.945061,51.449186],[14.955397,51.435415],[14.946922,51.422909],[14.950648,51.396539],[14.956637,51.354153],[14.956637,51.353223],[14.960978,51.335291],[14.963768,51.328393],[14.982269,51.308006],[15.004903,51.291289],[15.019476,51.271678],[15.014308,51.242661],[15.017925,51.239561],[15.022059,51.23677],[15.004903,51.215609],[14.991364,51.18897],[14.983199,51.160909],[14.982062,51.13564],[14.979995,51.122798],[14.97338,51.116132],[14.965629,51.111507],[14.960254,51.104582],[14.958497,51.094738],[14.958291,51.075514],[14.955293,51.064042],[14.910645,50.992651],[14.860209,50.916842],[14.824655,50.89183],[14.810496,50.877051],[14.810393,50.858447],[14.79458,50.831627],[14.785071,50.820052],[14.775356,50.812972],[14.759233,50.810181],[14.737529,50.810698],[14.700425,50.815969],[14.662185,50.834366],[14.647922,50.839379],[14.613195,50.84558],[14.608338,50.853073],[14.611852,50.870953],[14.628802,50.896119],[14.634589,50.9094],[14.629215,50.920717],[14.617123,50.920872],[14.561829,50.906351],[14.550357,50.912087],[14.555835,50.924283],[14.567824,50.938649],[14.575575,50.95069],[14.577435,50.965727],[14.574335,50.975494],[14.566687,50.983401],[14.554594,50.992651],[14.542295,50.998749],[14.51532,51.003038],[14.502918,51.008516],[14.493513,51.016706],[14.490102,51.022701],[14.487932,51.028721],[14.482144,51.037196],[14.473462,51.023372],[14.462094,51.019652],[14.425817,51.020944],[14.397808,51.013115],[14.386749,51.01327],[14.375897,51.01699],[14.369386,51.022442],[14.364115,51.027998],[14.35657,51.032338],[14.319363,51.040012],[14.287531,51.036834],[14.263553,51.021435],[14.249497,50.992651],[14.238335,50.982471],[14.250013,50.977613],[14.28381,50.974822],[14.303757,50.969707],[14.302207,50.967691],[14.293732,50.96397],[14.292802,50.95348],[14.31833,50.937512],[14.355227,50.930639],[14.381892,50.920872],[14.375897,50.895964],[14.346545,50.880203],[14.2681,50.88413],[14.232133,50.879376],[14.221281,50.872607],[14.202988,50.85514],[14.190792,50.847905],[14.034936,50.802585],[14.015713,50.801758],[13.979126,50.804755],[13.959592,50.802068],[13.948843,50.797211],[13.933547,50.784808],[13.923315,50.779951],[13.910706,50.778762],[13.900991,50.780622],[13.892516,50.780416],[13.883318,50.773233],[13.87908,50.763518],[13.88032,50.755043],[13.882697,50.748015],[13.882181,50.742744],[13.875359,50.736542],[13.869572,50.735251],[13.863474,50.735147],[13.834535,50.723675],[13.816552,50.72135],[13.770663,50.724605],[13.749062,50.72321],[13.711028,50.71427],[13.691753,50.711841],[13.601939,50.712151],[13.556567,50.706725],[13.51564,50.691016],[13.527215,50.675668],[13.523288,50.66218],[13.509955,50.651225],[13.493315,50.643215],[13.499103,50.635205],[13.498173,50.629159],[13.492179,50.624456],[13.482257,50.620891],[13.464893,50.607093],[13.447944,50.597274],[13.42934,50.594329],[13.407016,50.601305],[13.400401,50.606576],[13.386345,50.621614],[13.380971,50.62549],[13.368775,50.628332],[13.365985,50.627092],[13.365365,50.623474],[13.35937,50.61934],[13.321853,50.60239],[13.316272,50.596034],[13.305627,50.575777],[13.284646,50.568956],[13.268006,50.573658],[13.25178,50.580893],[13.232349,50.58203],[13.19907,50.525341],[13.184704,50.508753],[13.160106,50.497022],[13.107396,50.498986],[13.079181,50.492785],[13.078974,50.492681],[13.07887,50.492681],[13.069775,50.491079],[13.06037,50.490614],[13.051069,50.491131],[13.042284,50.492785],[13.034532,50.496505],[13.026264,50.497642],[13.017892,50.49635],[13.009624,50.492681],[13.003113,50.451909],[12.996602,50.433667],[12.982442,50.42297],[12.960631,50.409234],[12.952573,50.40416],[12.918363,50.4054],[12.825759,50.441418],[12.817388,50.44302],[12.808396,50.441832],[12.79434,50.435889],[12.788139,50.434339],[12.770259,50.435941],[12.754239,50.435321],[12.737909,50.431548],[12.725094,50.423435],[12.702976,50.401524],[12.691814,50.394651],[12.678792,50.393721],[12.625358,50.399922],[12.550531,50.396357],[12.510223,50.38876],[12.482524,50.373567],[12.475083,50.369433],[12.471569,50.364472],[12.469502,50.359408],[12.466815,50.354912],[12.467022,50.352845],[12.468365,50.349486],[12.468985,50.345559],[12.466815,50.34189],[12.462784,50.340494],[12.453792,50.340701],[12.450175,50.339357],[12.438289,50.332536],[12.408937,50.321994],[12.398189,50.315173],[12.367183,50.279051],[12.355814,50.271403],[12.344652,50.26639],[12.336487,50.258587],[12.3338,50.242722],[12.314059,50.226496],[12.308685,50.217091],[12.305584,50.199314],[12.308582,50.186912],[12.314369,50.176215],[12.314369,50.167327],[12.300417,50.160815],[12.283363,50.162211],[12.273235,50.172339],[12.261246,50.199883],[12.260212,50.20505],[12.258455,50.21089],[12.254321,50.217401],[12.249981,50.221173],[12.232514,50.232491],[12.22993,50.234816],[12.228897,50.237038],[12.229827,50.239053],[12.232514,50.240965],[12.233754,50.241689],[12.235098,50.242257],[12.236441,50.242567],[12.237992,50.242722],[12.242436,50.248355],[12.242953,50.252954],[12.239645,50.256572],[12.232514,50.259104],[12.203782,50.259569],[12.189209,50.262463],[12.178047,50.268767],[12.17412,50.276571],[12.17443,50.293727],[12.168538,50.302977],[12.149315,50.311711],[12.101344,50.31398],[12.076141,50.315173],[12.099189,50.299773],[12.10725,50.290885],[12.110971,50.276622],[12.109111,50.263806],[12.102393,50.259156],[12.092057,50.254815],[12.079552,50.242722],[12.089887,50.230837],[12.13929,50.211045],[12.163784,50.193785],[12.17505,50.182623],[12.182698,50.170737],[12.185592,50.155699],[12.178564,50.132962],[12.179184,50.117976],[12.187865,50.102834],[12.202025,50.094514],[12.218044,50.088572],[12.232514,50.08051],[12.241402,50.07064],[12.243469,50.060408],[12.243676,50.051313],[12.24688,50.044957],[12.398189,49.992764],[12.399222,49.992764],[12.414518,49.983048],[12.451312,49.980568],[12.468158,49.970233],[12.470742,49.955608],[12.463818,49.942121],[12.462681,49.931269],[12.503608,49.915766],[12.517871,49.9122],[12.524072,49.904965],[12.520972,49.885535],[12.51291,49.870239],[12.489863,49.842695],[12.482524,49.827244],[12.462474,49.831223],[12.456376,49.817115],[12.455859,49.796135],[12.452655,49.779702],[12.436739,49.769263],[12.395398,49.757894],[12.383616,49.742856],[12.388577,49.732314],[12.398912,49.719499],[12.419583,49.700223],[12.433949,49.6918],[12.449245,49.68503],[12.482524,49.674695],[12.496374,49.669993],[12.504642,49.659399],[12.505365,49.646118],[12.496891,49.633871],[12.499474,49.632527],[12.507432,49.629995],[12.502678,49.62214],[12.501955,49.619711],[12.512187,49.61165],[12.536061,49.603123],[12.546603,49.595579],[12.553631,49.584726],[12.558282,49.562557],[12.562313,49.550827],[12.568721,49.538838],[12.575025,49.529898],[12.58288,49.522405],[12.593732,49.515015],[12.604998,49.512793],[12.61554,49.513775],[12.622981,49.509847],[12.624325,49.493001],[12.627218,49.460186],[12.632179,49.44396],[12.643548,49.42949],[12.663082,49.418897],[12.709177,49.404737],[12.729331,49.391147],[12.762094,49.343242],[12.777907,49.332545],[12.797751,49.327843],[12.856662,49.32221],[12.875369,49.323864],[12.870925,49.336731],[12.88467,49.339573],[12.922911,49.332701],[12.939861,49.326758],[12.95433,49.31911],[12.982442,49.299628],[12.999806,49.294925],[13.005387,49.28676],[13.00673,49.277097],[13.011278,49.267795],[13.043214,49.242887],[13.04342,49.242784],[13.055823,49.238184],[13.14946,49.15483],[13.162586,49.135142],[13.178503,49.118347],[13.206821,49.107495],[13.267283,49.105634],[13.287333,49.10057],[13.299529,49.093645],[13.329915,49.066929],[13.372393,49.038507],[13.383555,49.021092],[13.384175,48.993031],[13.398541,48.977683],[13.427273,48.959958],[13.458899,48.945024],[13.482257,48.937634],[13.492592,48.955049],[13.5021,48.966056],[13.51595,48.970242],[13.522395,48.969342],[13.538894,48.967038],[13.556464,48.959958],[13.573414,48.951018],[13.590467,48.944817],[13.608657,48.946161],[13.611138,48.927247],[13.621783,48.909057],[13.637389,48.893451],[13.654443,48.882237],[13.673356,48.876346],[13.710615,48.87247],[13.724671,48.867303],[13.747925,48.843376],[13.796191,48.779814],[13.815725,48.76643]]],[[[14.210053,53.938463],[14.193066,53.911491],[14.184798,53.908132],[14.175289,53.906478],[14.192756,53.893766],[14.200819,53.878157],[14.087413,53.870429],[14.065115,53.872382],[14.04835,53.879381],[14.025076,53.863837],[13.99586,53.853746],[13.938487,53.844672],[13.875255,53.844062],[13.840099,53.850287],[13.821788,53.865139],[13.834727,53.867987],[13.855479,53.877387],[13.887706,53.881537],[13.922374,53.893378],[13.931651,53.899319],[13.938975,53.928209],[13.901866,53.969794],[13.90447,53.995429],[13.954845,53.993598],[13.972667,53.989244],[13.965831,53.981838],[13.968272,53.976264],[13.960297,53.956732],[13.958995,53.940863],[13.97462,53.957343],[13.987478,53.961412],[14.027843,53.961371],[14.022634,53.95897],[14.018565,53.956366],[14.01588,53.952704],[14.014334,53.947089],[14.04835,53.940863],[14.040294,53.953843],[14.053071,53.97842],[14.05128,54.005072],[14.037446,54.021715],[14.014334,54.016018],[14.006196,54.032294],[13.995291,54.045722],[13.9817,54.056342],[13.965831,54.063788],[13.946056,54.066596],[13.926117,54.064032],[13.915863,54.056383],[13.924815,54.043891],[13.924815,54.036444],[13.91627,54.033637],[13.907237,54.027493],[13.899913,54.019721],[13.896983,54.012274],[13.89088,54.010159],[13.855968,54.002346],[13.858084,54.015774],[13.865571,54.024075],[13.873546,54.029975],[13.876313,54.036444],[13.871104,54.048651],[13.863617,54.049994],[13.854991,54.046332],[13.823009,54.037909],[13.808279,54.026313],[13.7942,54.018134],[13.774099,54.022773],[13.782074,54.042141],[13.809255,54.0751],[13.814952,54.101264],[13.806163,54.116645],[13.76531,54.141913],[13.75294,54.153144],[13.762218,54.164455],[13.777599,54.174018],[13.796153,54.17829],[13.814952,54.173651],[13.823741,54.163967],[13.844086,54.131293],[13.855968,54.118354],[13.882498,54.102444],[13.948416,54.079779],[13.986176,54.071234],[14.016612,54.060004],[14.192393,53.946112],[14.209483,53.938625],[14.210053,53.938463]]],[[[6.798106,53.604438],[6.775645,53.602484],[6.740896,53.593451],[6.722423,53.590766],[6.722423,53.584621],[6.733572,53.582017],[6.742198,53.578355],[6.749522,53.572414],[6.756521,53.562893],[6.747569,53.565985],[6.73463,53.575181],[6.726085,53.577135],[6.715994,53.576077],[6.701182,53.571438],[6.695079,53.570299],[6.677094,53.575629],[6.663341,53.587348],[6.659516,53.599107],[6.671153,53.604438],[6.747325,53.618354],[6.784679,53.620063],[6.798106,53.604438]]],[[[6.87379,53.672756],[6.910818,53.683661],[7.047048,53.694159],[7.08546,53.686998],[6.87379,53.672756]]],[[[7.133149,53.708075],[7.178966,53.724066],[7.232921,53.729438],[7.346202,53.727973],[7.34669,53.723212],[7.345063,53.722073],[7.342296,53.722113],[7.295746,53.711005],[7.173595,53.701402],[7.133149,53.708075]]],[[[7.366547,53.727973],[7.383067,53.734849],[7.403494,53.736721],[7.422618,53.734198],[7.435557,53.727973],[7.432384,53.724066],[7.429047,53.72248],[7.421235,53.721137],[7.381196,53.728502],[7.366547,53.727973]]],[[[8.120128,53.721137],[8.13266,53.734036],[8.152354,53.739163],[8.174815,53.737006],[8.195974,53.727973],[8.181651,53.727973],[8.171723,53.725572],[8.155772,53.716376],[8.15089,53.714301],[8.142263,53.715644],[8.136729,53.717963],[8.130707,53.718451],[8.120128,53.714301],[8.120128,53.721137]]],[[[7.517426,53.762112],[7.606619,53.7626],[7.62672,53.755276],[7.627208,53.750922],[7.625743,53.749945],[7.623302,53.749986],[7.620616,53.749091],[7.547699,53.750434],[7.513927,53.74551],[7.511241,53.727973],[7.481944,53.727118],[7.472992,53.731879],[7.469574,53.745347],[7.47462,53.756822],[7.48699,53.76142],[7.517426,53.762112]]],[[[7.660899,53.762112],[7.68629,53.780992],[7.728282,53.786566],[7.812836,53.783149],[7.812836,53.776353],[7.798595,53.776353],[7.776215,53.767971],[7.74822,53.760932],[7.719493,53.759914],[7.694998,53.769517],[7.685883,53.761786],[7.677094,53.757799],[7.66863,53.75788],[7.660899,53.762112]]],[[[7.87379,53.776353],[7.854503,53.784573],[7.858897,53.79092],[7.87672,53.794867],[7.897634,53.796291],[7.914073,53.795356],[7.928966,53.792548],[7.955577,53.782904],[7.946056,53.784003],[7.935313,53.783149],[7.89324,53.788967],[7.875255,53.788398],[7.87379,53.776353]]],[[[11.375662,53.981838],[11.390391,54.004584],[11.426606,54.022935],[11.468028,54.030951],[11.497895,54.022773],[11.468272,53.970689],[11.457693,53.961371],[11.445323,53.961127],[11.444509,53.968085],[11.451427,53.985541],[11.447032,53.997138],[11.438731,53.99726],[11.433279,53.988756],[11.437755,53.975002],[11.423106,53.967719],[11.407074,53.968207],[11.390961,53.973944],[11.375662,53.981838]]],[[[11.528494,54.0751],[11.528575,54.07746],[11.533946,54.084866],[11.601899,54.104153],[11.615896,54.112128],[11.598969,54.098049],[11.552745,54.073065],[11.539561,54.056952],[11.533946,54.056952],[11.528494,54.0751]]],[[[8.963145,54.523668],[8.958507,54.522447],[8.956309,54.519436],[8.955821,54.51496],[8.956879,54.509426],[8.938487,54.499091],[8.925792,54.486762],[8.911306,54.475491],[8.88795,54.468451],[8.844493,54.466498],[8.823904,54.470852],[8.812836,54.482123],[8.823741,54.485541],[8.825531,54.491197],[8.820974,54.49726],[8.812836,54.501939],[8.844493,54.519721],[8.879649,54.52912],[8.9192,54.530463],[8.963145,54.523668]]],[[[11.255626,54.478705],[11.31422,54.413804],[11.188487,54.426174],[11.170177,54.420071],[11.174653,54.416002],[11.179047,54.414211],[11.138845,54.412665],[11.112641,54.415229],[11.101329,54.423489],[11.103282,54.443834],[11.098643,54.451646],[11.084321,54.454779],[11.058116,54.455268],[11.047374,54.453274],[11.039887,54.447333],[11.032481,54.447333],[11.029145,54.454657],[11.025727,54.458808],[11.020356,54.45897],[11.008474,54.454657],[11.005707,54.468451],[11.033702,54.508857],[11.072927,54.531195],[11.121267,54.535956],[11.206554,54.514472],[11.232107,54.501654],[11.240001,54.495551],[11.255626,54.478705]]],[[[13.143403,54.598131],[13.118907,54.586412],[13.113129,54.570054],[13.112153,54.550686],[13.10255,54.529934],[13.095225,54.524359],[13.081065,54.517157],[13.075043,54.509426],[13.071462,54.499661],[13.069591,54.489651],[13.068207,54.468451],[13.061371,54.468451],[13.061371,54.482123],[13.06422,54.505113],[13.095551,54.570787],[13.102306,54.596096],[13.10963,54.603095],[13.125987,54.605618],[13.139822,54.606024],[13.151052,54.604926],[13.157237,54.599066],[13.157074,54.587958],[13.156505,54.589057],[13.153656,54.591132],[13.149669,54.591376],[13.149669,54.577704],[13.143403,54.577704],[13.143403,54.598131]]],[[[13.698253,54.392076],[13.724864,54.363593],[13.741954,54.350491],[13.766449,54.344916],[13.753103,54.339301],[13.740082,54.32982],[13.730154,54.31684],[13.726248,54.300523],[13.726248,54.284654],[13.723155,54.278388],[13.712738,54.278998],[13.690929,54.283515],[13.702647,54.283515],[13.711925,54.286566],[13.715994,54.29328],[13.711925,54.303941],[13.705089,54.303941],[13.694835,54.297431],[13.679454,54.294013],[13.663341,54.293891],[13.651134,54.297187],[13.651134,54.303941],[13.688243,54.3133],[13.703624,54.320461],[13.711925,54.331855],[13.659923,54.329779],[13.636729,54.325507],[13.616954,54.317613],[13.67213,54.340318],[13.690929,54.344916],[13.690929,54.351752],[13.664073,54.353258],[13.650076,54.352444],[13.64031,54.348334],[13.626801,54.339097],[13.618337,54.341376],[13.610606,54.347968],[13.599294,54.351752],[13.499685,54.344916],[13.481781,54.338284],[13.428884,54.31094],[13.417735,54.300523],[13.406098,54.285224],[13.381602,54.282213],[13.35963,54.275458],[13.355724,54.248725],[13.369395,54.255561],[13.36964,54.260647],[13.367524,54.261949],[13.364757,54.26203],[13.363129,54.263007],[13.410899,54.26789],[13.417735,54.266059],[13.425059,54.243232],[13.423025,54.232733],[13.407237,54.228217],[13.378673,54.230862],[13.347016,54.237454],[13.311534,54.251125],[13.319509,54.256415],[13.32488,54.268215],[13.335216,54.283515],[13.320567,54.278388],[13.313975,54.2744],[13.307872,54.269192],[13.31186,54.266425],[13.314708,54.263007],[13.294688,54.264106],[13.28419,54.262844],[13.276866,54.259263],[13.267914,54.256496],[13.257986,54.260443],[13.24879,54.266262],[13.242442,54.269192],[13.227794,54.270819],[13.210134,54.275824],[13.199229,54.28441],[13.204845,54.297187],[13.190278,54.29975],[13.159679,54.290961],[13.149669,54.290269],[13.142833,54.298],[13.148936,54.304755],[13.162283,54.307685],[13.177501,54.303941],[13.177501,54.310207],[13.115489,54.33808],[13.129242,54.359565],[13.148936,54.377265],[13.174327,54.383979],[13.204845,54.37226],[13.211681,54.379096],[13.223318,54.372504],[13.237153,54.373969],[13.266856,54.385891],[13.25115,54.386908],[13.239268,54.393622],[13.234386,54.403388],[13.239024,54.413804],[13.239024,54.420071],[13.225352,54.420844],[13.217947,54.425686],[13.211599,54.431098],[13.201427,54.433661],[13.156993,54.426825],[13.174327,54.447659],[13.181814,54.45303],[13.208832,54.456936],[13.239024,54.466254],[13.259532,54.468451],[13.259532,54.475287],[13.260753,54.475491],[13.266856,54.477484],[13.273123,54.482123],[13.245372,54.488349],[13.233246,54.493069],[13.225352,54.501939],[13.22877,54.504299],[13.231944,54.506008],[13.233653,54.509223],[13.232758,54.516262],[13.203298,54.509467],[13.185395,54.508287],[13.177501,54.512844],[13.175304,54.516018],[13.170665,54.516791],[13.166026,54.51911],[13.163829,54.526801],[13.162608,54.535468],[13.158865,54.540676],[13.152354,54.542955],[13.143403,54.542914],[13.166352,54.549384],[13.242931,54.555976],[13.259532,54.553778],[13.264903,54.547797],[13.276541,54.545071],[13.288259,54.539944],[13.29363,54.526801],[13.297862,54.51968],[13.305512,54.523424],[13.309255,54.534817],[13.301036,54.55036],[13.31544,54.561957],[13.333669,54.573065],[13.35255,54.581448],[13.369395,54.58515],[13.358246,54.564765],[13.350759,54.555976],[13.342052,54.55036],[13.348399,54.550482],[13.353852,54.549872],[13.358653,54.547553],[13.363129,54.542914],[13.358084,54.538153],[13.348888,54.523668],[13.363292,54.523139],[13.374848,54.52558],[13.3838,54.531887],[13.389822,54.542914],[13.381358,54.544379],[13.371837,54.548896],[13.363129,54.55036],[13.363129,54.557196],[13.37672,54.564643],[13.387869,54.551256],[13.405528,54.538235],[13.417328,54.524563],[13.410899,54.509426],[13.430675,54.492743],[13.455577,54.487494],[13.507091,54.488267],[13.499685,54.495754],[13.509288,54.508979],[13.514171,54.513129],[13.520763,54.516262],[13.520763,54.523668],[13.51295,54.537543],[13.507498,54.544664],[13.499685,54.55036],[13.499685,54.557196],[13.505544,54.559719],[13.5088,54.561835],[13.512869,54.563544],[13.520763,54.564643],[13.520763,54.570787],[13.508311,54.57038],[13.500255,54.566067],[13.493907,54.560736],[13.486583,54.557196],[13.475759,54.556098],[13.441417,54.557196],[13.436046,54.56037],[13.430675,54.56745],[13.423839,54.57453],[13.414317,54.577704],[13.399262,54.579576],[13.393077,54.58454],[13.389659,54.591051],[13.382986,54.598131],[13.371349,54.6081],[13.369151,54.612128],[13.355724,54.605618],[13.347911,54.600816],[13.331798,54.587836],[13.30836,54.579576],[13.291352,54.568793],[13.273285,54.56094],[13.253266,54.564643],[13.249766,54.576483],[13.256847,54.594916],[13.269867,54.611802],[13.283946,54.619289],[13.286957,54.623521],[13.29127,54.632961],[13.293468,54.642279],[13.290538,54.646552],[13.24586,54.639797],[13.231212,54.633857],[13.224783,54.634955],[13.225352,54.646552],[13.230968,54.653306],[13.241547,54.65998],[13.253591,54.665025],[13.390798,54.688178],[13.418712,54.688422],[13.445079,54.68008],[13.445079,54.673896],[13.429698,54.666734],[13.409028,54.659817],[13.39088,54.650539],[13.382986,54.636379],[13.385997,54.618638],[13.394542,54.604438],[13.407725,54.593411],[13.424571,54.58515],[13.466319,54.57689],[13.595958,54.591376],[13.640473,54.585679],[13.670665,54.56623],[13.677257,54.540473],[13.651134,54.516262],[13.606781,54.498969],[13.584809,54.486518],[13.57545,54.471869],[13.579112,54.455064],[13.587901,54.437567],[13.599132,54.422675],[13.609548,54.413804],[13.630056,54.407538],[13.677419,54.400824],[13.698253,54.392076]]],[[[8.332367,54.693793],[8.382335,54.639146],[8.401378,54.632961],[8.387706,54.626125],[8.353689,54.618964],[8.330251,54.631415],[8.311371,54.651353],[8.291515,54.66706],[8.320486,54.698717],[8.33839,54.71015],[8.360362,54.71483],[8.360688,54.710028],[8.359141,54.70893],[8.356293,54.709174],[8.353526,54.707994],[8.342459,54.701402],[8.332367,54.693793]]],[[[8.497569,54.756415],[8.553233,54.754462],[8.575938,54.746405],[8.593761,54.728502],[8.593761,54.721666],[8.58546,54.713609],[8.574067,54.694403],[8.565766,54.687567],[8.552094,54.685004],[8.535167,54.686184],[8.519867,54.689602],[8.511241,54.693793],[8.485199,54.688056],[8.45281,54.693834],[8.394542,54.71483],[8.414236,54.735785],[8.436778,54.748481],[8.464122,54.754788],[8.497569,54.756415]]],[[[8.360362,54.948188],[8.354503,54.912746],[8.388357,54.894232],[8.436534,54.887274],[8.65447,54.893622],[8.629405,54.882148],[8.504405,54.886176],[8.48878,54.881293],[8.461192,54.868801],[8.446056,54.866278],[8.377126,54.866278],[8.370616,54.868232],[8.36199,54.876939],[8.353526,54.87934],[8.343923,54.879096],[8.337413,54.87759],[8.30714,54.865383],[8.302013,54.862616],[8.299327,54.855292],[8.297862,54.835598],[8.294932,54.831529],[8.29835,54.776923],[8.295746,54.759101],[8.290701,54.745307],[8.284434,54.742377],[8.277843,54.756415],[8.277029,54.782782],[8.288585,54.891303],[8.298025,54.912543],[8.373709,55.03498],[8.415782,55.065334],[8.46339,55.050686],[8.402354,55.048774],[8.394542,55.04385],[8.422211,55.042182],[8.430431,55.030015],[8.42156,55.016262],[8.38087,55.003079],[8.36199,54.986802],[8.351573,54.966742],[8.360362,54.948188]]],[[[8.634532,54.542629],[8.698904,54.55858],[8.700938,54.547756],[8.692882,54.523261],[8.66977,54.501899],[8.641287,54.492377],[8.618826,54.492621],[8.60613,54.499213],[8.595876,54.513658],[8.602061,54.529771],[8.620128,54.537909],[8.627452,54.539944],[8.634532,54.542629]]],[[[7.904145,54.180406],[7.899181,54.178168],[7.897716,54.182318],[7.893565,54.183092],[7.890391,54.187567],[7.885916,54.19066],[7.879893,54.193915],[7.894542,54.194648],[7.900645,54.19066],[7.904145,54.180406]]],[[[7.912364,54.192288],[7.929861,54.195299],[7.933442,54.189887],[7.917654,54.186998],[7.912364,54.192288]]]]}},{"type":"Feature","properties":{"featurecla":"Admin-0 country","scalerank":0,"LABELRANK":2,"SOVEREIGNT":"United Kingdom","SOV_A3":"GB1","ADM0_DIF":1,"LEVEL":2,"TYPE":"Country","TLC":"1","ADMIN":"United Kingdom","ADM0_A3":"GBR","GEOU_DIF":0,"GEOUNIT":"United Kingdom","GU_A3":"GBR","SU_DIF":0,"SUBUNIT":"United Kingdom","SU_A3":"GBR","BRK_DIFF":0,"NAME":"United Kingdom","NAME_LONG":"United Kingdom","BRK_A3":"GBR","BRK_NAME":"United Kingdom","BRK_GROUP":null,"ABBREV":"U.K.","POSTAL":"GB","FORMAL_EN":"United Kingdom of Great Britain and Northern Ireland","FORMAL_FR":null,"NAME_CIAWF":"United Kingdom","NOTE_ADM0":null,"NOTE_BRK":null,"NAME_SORT":"United Kingdom","NAME_ALT":null,"MAPCOLOR7":6,"MAPCOLOR8":6,"MAPCOLOR9":6,"MAPCOLOR13":3,"POP_EST":66834405,"POP_RANK":16,"POP_YEAR":2019,"GDP_MD":2829108,"GDP_YEAR":2019,"ECONOMY":"1. Developed region: G7","INCOME_GRP":"1. High income: OECD","FIPS_10":"UK","ISO_A2":"GB","ISO_A2_EH":"GB","ISO_A3":"GBR","ISO_A3_EH":"GBR","ISO_N3":"826","ISO_N3_EH":"826","UN_A3":"826","WB_A2":"GB","WB_A3":"GBR","WOE_ID":-90,"WOE_ID_EH":23424975,"WOE_NOTE":"Eh ID includes Channel Islands and Isle of Man. UK constituent countries of England (24554868), Wales (12578049), Scotland (12578048), and Northern Ireland (20070563).","ADM0_ISO":"GBR","ADM0_DIFF":null,"ADM0_TLC":"GBR","ADM0_A3_US":"GBR","ADM0_A3_FR":"GBR","ADM0_A3_RU":"GBR","ADM0_A3_ES":"GBR","ADM0_A3_CN":"GBR","ADM0_A3_TW":"GBR","ADM0_A3_IN":"GBR","ADM0_A3_NP":"GBR","ADM0_A3_PK":"GBR","ADM0_A3_DE":"GBR","ADM0_A3_GB":"GBR","ADM0_A3_BR":"GBR","ADM0_A3_IL":"GBR","ADM0_A3_PS":"GBR","ADM0_A3_SA":"GBR","ADM0_A3_EG":"GBR","ADM0_A3_MA":"GBR","ADM0_A3_PT":"GBR","ADM0_A3_AR":"GBR","ADM0_A3_JP":"GBR","ADM0_A3_KO":"GBR","ADM0_A3_VN":"GBR","ADM0_A3_TR":"GBR","ADM0_A3_ID":"GBR","ADM0_A3_PL":"GBR","ADM0_A3_GR":"GBR","ADM0_A3_IT":"GBR","ADM0_A3_NL":"GBR","ADM0_A3_SE":"GBR","ADM0_A3_BD":"GBR","ADM0_A3_UA":"GBR","ADM0_A3_UN":-99,"ADM0_A3_WB":-99,"CONTINENT":"Europe","REGION_UN":"Europe","SUBREGION":"Northern Europe","REGION_WB":"Europe & Central Asia","NAME_LEN":14,"LONG_LEN":14,"ABBREV_LEN":4,"TINY":-99,"HOMEPART":1,"MIN_ZOOM":0,"MIN_LABEL":1.7,"MAX_LABEL":6.7,"LABEL_X":-2.116346,"LABEL_Y":54.402739,"NE_ID":1159320713,"WIKIDATAID":"Q145","NAME_AR":"المملكة المتحدة","NAME_BN":"যুক্তরাজ্য","NAME_DE":"Vereinigtes Königreich","NAME_EN":"United Kingdom","NAME_ES":"Reino Unido","NAME_FA":"بریتانیا","NAME_FR":"Royaume-Uni","NAME_EL":"Ηνωμένο Βασίλειο","NAME_HE":"הממלכה המאוחדת","NAME_HI":"यूनाइटेड किंगडम","NAME_HU":"Egyesült Királyság","NAME_ID":"Britania Raya","NAME_IT":"Regno Unito","NAME_JA":"イギリス","NAME_KO":"영국","NAME_NL":"Verenigd Koninkrijk","NAME_PL":"Wielka Brytania","NAME_PT":"Reino Unido","NAME_RU":"Великобритания","NAME_SV":"Storbritannien","NAME_TR":"Birleşik Krallık","NAME_UK":"Велика Британія","NAME_UR":"مملکت متحدہ","NAME_VI":"Vương quốc Liên hiệp Anh và Bắc Ireland","NAME_ZH":"英国","NAME_ZHT":"英國","FCLASS_ISO":"Admin-0 country","TLC_DIFF":null,"FCLASS_TLC":"Admin-0 country","FCLASS_US":null,"FCLASS_FR":null,"FCLASS_RU":null,"FCLASS_ES":null,"FCLASS_CN":null,"FCLASS_TW":null,"FCLASS_IN":null,"FCLASS_NP":null,"FCLASS_PK":null,"FCLASS_DE":null,"FCLASS_GB":null,"FCLASS_BR":null,"FCLASS_IL":null,"FCLASS_PS":null,"FCLASS_SA":null,"FCLASS_EG":null,"FCLASS_MA":null,"FCLASS_PT":null,"FCLASS_AR":null,"FCLASS_JP":null,"FCLASS_KO":null,"FCLASS_VN":null,"FCLASS_TR":null,"FCLASS_ID":null,"FCLASS_PL":null,"FCLASS_GR":null,"FCLASS_IT":null,"FCLASS_NL":null,"FCLASS_SE":null,"FCLASS_BD":null,"FCLASS_UA":null},"bbox":[-13.691314,49.909613,1.771169,60.847886],"geometry":{"type":"MultiPolygon","coordinates":[[[[-7.2471,55.069322],[-7.256744,55.050686],[-7.240956,55.050279],[-7.195424,55.058051],[-7.17748,55.056952],[-7.133901,55.04385],[-7.099477,55.040961],[-7.065053,55.04385],[-7.0537,55.048733],[-7.03189,55.064927],[-7.017201,55.071112],[-7.017812,55.08397],[-7.009918,55.10224],[-6.997955,55.118638],[-6.98648,55.125718],[-6.974924,55.135443],[-6.968658,55.18065],[-6.962554,55.194648],[-6.946685,55.19538],[-6.903554,55.178656],[-6.883778,55.17414],[-6.754506,55.177802],[-6.640452,55.208319],[-6.571278,55.211249],[-6.554514,55.218573],[-6.539174,55.230658],[-6.519846,55.240668],[-6.498118,55.247138],[-6.475942,55.248684],[-6.440012,55.236029],[-6.415924,55.231879],[-6.378163,55.246243],[-6.352895,55.242621],[-6.255849,55.210883],[-6.239817,55.208319],[-6.217641,55.210395],[-6.179555,55.219713],[-6.160024,55.22191],[-6.120839,55.217841],[-6.100982,55.212388],[-6.092397,55.204901],[-6.084218,55.202216],[-6.047231,55.178534],[-6.037099,55.167914],[-6.040639,55.112047],[-6.047434,55.095649],[-6.062082,55.074123],[-6.054351,55.065131],[-6.03539,55.063625],[-6.016672,55.064276],[-6.003529,55.063178],[-5.988678,55.059475],[-5.975738,55.053046],[-5.968251,55.04385],[-5.970204,55.025824],[-5.988271,54.988674],[-5.986236,54.981757],[-5.957143,54.978949],[-5.930328,54.970893],[-5.906606,54.957953],[-5.886342,54.940823],[-5.881988,54.934027],[-5.875234,54.917914],[-5.869252,54.910386],[-5.862782,54.905951],[-5.847035,54.898139],[-5.839182,54.893012],[-5.829986,54.885159],[-5.820953,54.875067],[-5.813954,54.862779],[-5.811187,54.848334],[-5.800526,54.820746],[-5.775258,54.81151],[-5.745595,54.804592],[-5.721832,54.783759],[-5.715647,54.783759],[-5.733754,54.805243],[-5.797597,54.84455],[-5.781728,54.861721],[-5.751617,54.856879],[-5.720611,54.84101],[-5.701975,54.824693],[-5.689849,54.793118],[-5.692616,54.765204],[-5.706899,54.742987],[-5.729319,54.728502],[-5.758901,54.719916],[-5.81843,54.709621],[-5.845367,54.701239],[-5.87149,54.687323],[-5.890736,54.672309],[-5.914337,54.646837],[-5.927235,54.632961],[-5.915151,54.628241],[-5.910959,54.619452],[-5.909983,54.610541],[-5.907379,54.605618],[-5.894887,54.604804],[-5.887278,54.609809],[-5.881988,54.616156],[-5.871002,54.622301],[-5.848785,54.643215],[-5.839019,54.649726],[-5.803822,54.659613],[-5.769521,54.674628],[-5.747955,54.680406],[-5.732411,54.676988],[-5.716624,54.669867],[-5.694692,54.668687],[-5.574696,54.68008],[-5.569,54.676947],[-5.556711,54.662787],[-5.547109,54.659613],[-5.53661,54.657457],[-5.533274,54.651679],[-5.532786,54.643215],[-5.5301,54.632961],[-5.514394,54.597886],[-5.502553,54.583482],[-5.485707,54.577704],[-5.478912,54.569485],[-5.47289,54.530097],[-5.468617,54.516262],[-5.437082,54.48786],[-5.430776,54.485175],[-5.437571,54.475653],[-5.436513,54.470201],[-5.433461,54.466254],[-5.433827,54.461005],[-5.438832,54.454901],[-5.458119,54.437405],[-5.464263,54.425238],[-5.457387,54.408677],[-5.461171,54.392076],[-5.470855,54.384345],[-5.483998,54.37759],[-5.489125,54.369574],[-5.474843,54.358588],[-5.489573,54.353705],[-5.502024,54.339667],[-5.515777,54.33808],[-5.527659,54.345282],[-5.536977,54.35928],[-5.547109,54.379096],[-5.55899,54.382636],[-5.569488,54.391506],[-5.57665,54.402777],[-5.57844,54.413804],[-5.571685,54.425605],[-5.548695,54.442816],[-5.543691,54.457831],[-5.547353,54.489081],[-5.558013,54.511908],[-5.575307,54.528998],[-5.644887,54.567776],[-5.671864,54.576809],[-5.701975,54.577704],[-5.701975,54.570787],[-5.694651,54.561103],[-5.697418,54.551215],[-5.706044,54.54267],[-5.715647,54.536689],[-5.701527,54.536322],[-5.690419,54.53205],[-5.681508,54.526842],[-5.674062,54.523668],[-5.636952,54.52204],[-5.6256,54.516262],[-5.641916,54.512641],[-5.66393,54.510199],[-5.670318,54.505683],[-5.639963,54.495754],[-5.644765,54.48371],[-5.644602,54.472113],[-5.638499,54.463568],[-5.6256,54.461005],[-5.626698,54.456692],[-5.628,54.453803],[-5.633127,54.447333],[-5.6256,54.441107],[-5.653554,54.388983],[-5.661448,54.379584],[-5.697906,54.362291],[-5.708852,54.351752],[-5.668324,54.360663],[-5.622141,54.376654],[-5.579701,54.383694],[-5.550526,54.365424],[-5.540679,54.327338],[-5.553049,54.298529],[-5.579498,54.275702],[-5.61262,54.255561],[-5.617177,54.254788],[-5.628529,54.256537],[-5.633127,54.255561],[-5.639963,54.235053],[-5.64684,54.232164],[-5.655751,54.229682],[-5.663401,54.230862],[-5.666656,54.238837],[-5.678822,54.246161],[-5.736887,54.249091],[-5.779449,54.246527],[-5.822662,54.237209],[-5.842275,54.235053],[-5.86205,54.230536],[-5.868031,54.218492],[-5.866038,54.184149],[-5.865834,54.180487],[-5.86852,54.161322],[-5.874623,54.14053],[-5.883209,54.120754],[-5.893788,54.104682],[-5.911977,54.091295],[-5.953847,54.078681],[-5.984731,54.059312],[-6.027252,54.040229],[-6.040517,54.036444],[-6.079579,54.034573],[-6.095448,54.036363],[-6.112904,54.043891],[-6.112904,54.050116],[-6.093007,54.055894],[-6.08495,54.056952],[-6.161529,54.073717],[-6.174306,54.074286],[-6.185862,54.092678],[-6.212554,54.098456],[-6.242502,54.099758],[-6.263661,54.104682],[-6.269887,54.097927],[-6.28465,54.105226],[-6.299585,54.104037],[-6.313796,54.099696],[-6.327128,54.097888],[-6.338962,54.102952],[-6.346662,54.109877],[-6.354827,54.110652],[-6.368108,54.097319],[-6.369348,54.091118],[-6.367643,54.083418],[-6.366919,54.075098],[-6.371157,54.066778],[-6.377513,54.063264],[-6.401026,54.060887],[-6.426761,54.05541],[-6.433892,54.055306],[-6.4403,54.057993],[-6.446243,54.062438],[-6.450222,54.066675],[-6.450894,54.068432],[-6.47854,54.067709],[-6.564013,54.04895],[-6.571868,54.049519],[-6.587164,54.053343],[-6.595071,54.052412],[-6.60029,54.04895],[-6.605217,54.044475],[-6.610987,54.039235],[-6.616465,54.037271],[-6.630624,54.041819],[-6.657289,54.061146],[-6.672534,54.068432],[-6.657082,54.091945],[-6.655791,54.103314],[-6.666436,54.114786],[-6.643957,54.131839],[-6.634552,54.150133],[-6.640339,54.168013],[-6.648448,54.173665],[-6.663025,54.183826],[-6.683954,54.194368],[-6.694651,54.197985],[-6.706537,54.198915],[-6.717234,54.195143],[-6.724779,54.188631],[-6.73284,54.183567],[-6.744777,54.184187],[-6.766481,54.192352],[-6.787824,54.202998],[-6.807358,54.21633],[-6.823946,54.23235],[-6.829733,54.242375],[-6.833196,54.25209],[-6.837743,54.260513],[-6.846683,54.266456],[-6.882185,54.277257],[-6.864667,54.282734],[-6.856657,54.292811],[-6.858414,54.307332],[-6.870015,54.326001],[-6.879705,54.341594],[-6.885957,54.345624],[-6.897895,54.346193],[-6.905956,54.349035],[-6.915051,54.365933],[-6.922028,54.372703],[-6.984091,54.403089],[-7.017836,54.413166],[-7.049255,54.411512],[-7.078504,54.394717],[-7.127028,54.349759],[-7.159894,54.335186],[-7.168059,54.335031],[-7.185629,54.336943],[-7.18947,54.335692],[-7.19245,54.334721],[-7.193949,54.329967],[-7.191468,54.323869],[-7.187644,54.318804],[-7.185009,54.317254],[-7.184647,54.316634],[-7.192399,54.307384],[-7.193691,54.307539],[-7.199168,54.303457],[-7.206661,54.304903],[-7.211467,54.30418],[-7.209038,54.293431],[-7.1755,54.283664],[-7.181495,54.269763],[-7.14589,54.25209],[-7.159739,54.24067],[-7.153331,54.224237],[-7.174725,54.216072],[-7.229502,54.207545],[-7.240871,54.202326],[-7.249088,54.197416],[-7.255496,54.190854],[-7.261128,54.18088],[-7.256322,54.176901],[-7.247021,54.17225],[-7.24578,54.166979],[-7.265366,54.16114],[-7.26087,54.151166],[-7.263505,54.140986],[-7.27074,54.132253],[-7.280042,54.126155],[-7.293788,54.122021],[-7.297353,54.125896],[-7.29632,54.134991],[-7.296423,54.146515],[-7.295028,54.155404],[-7.292134,54.162638],[-7.295545,54.165119],[-7.325982,54.154577],[-7.333165,54.149409],[-7.333165,54.142743],[-7.310324,54.114683],[-7.316489,54.11428],[-7.326964,54.113597],[-7.375488,54.123312],[-7.390216,54.121194],[-7.39466,54.121917],[-7.396624,54.126258],[-7.403962,54.135043],[-7.41223,54.136438],[-7.422255,54.135456],[-7.425769,54.136955],[-7.414659,54.145688],[-7.439619,54.146929],[-7.480753,54.127653],[-7.502302,54.125121],[-7.609014,54.139901],[-7.620796,54.144965],[-7.624052,54.153336],[-7.625706,54.162173],[-7.632682,54.168529],[-7.70477,54.200362],[-7.722599,54.202326],[-7.782078,54.2],[-7.836959,54.204341],[-7.856441,54.211421],[-7.86967,54.226872],[-7.873649,54.271055],[-7.880264,54.287023],[-7.894966,54.293586],[-7.93411,54.297049],[-7.942075,54.298873],[-7.950802,54.300873],[-7.96801,54.31219],[-7.981033,54.326556],[-8.002194,54.357923],[-8.03134,54.358027],[-8.05648,54.365882],[-8.079941,54.380196],[-8.122419,54.415233],[-8.146346,54.430736],[-8.156035,54.439055],[-8.158128,54.447117],[-8.161177,54.454817],[-8.173837,54.461741],[-8.168467,54.463477],[-8.15017,54.46939],[-8.097046,54.478588],[-8.072448,54.487063],[-8.060976,54.493316],[-8.05586,54.497553],[-8.043561,54.512229],[-8.023278,54.529696],[-8.002194,54.543442],[-7.926411,54.533055],[-7.887137,54.532125],[-7.848844,54.54091],[-7.749264,54.596152],[-7.707871,54.604162],[-7.707951,54.604763],[-7.710558,54.624264],[-7.721204,54.625866],[-7.736758,54.619251],[-7.753553,54.614497],[-7.769159,54.618011],[-7.801199,54.634806],[-7.814996,54.639457],[-7.822541,54.638113],[-7.838044,54.63124],[-7.846416,54.631447],[-7.85427,54.636408],[-7.864347,54.649069],[-7.872771,54.652221],[-7.890082,54.655063],[-7.906619,54.661316],[-7.914835,54.671651],[-7.907135,54.686689],[-7.913233,54.688653],[-7.929666,54.696714],[-7.880109,54.711029],[-7.845899,54.731027],[-7.832153,54.730614],[-7.803576,54.716145],[-7.770503,54.706016],[-7.736603,54.707463],[-7.70229,54.718883],[-7.667512,54.738779],[-7.649683,54.744877],[-7.61537,54.739347],[-7.585398,54.744722],[-7.566639,54.738675],[-7.556149,54.738365],[-7.543075,54.741673],[-7.543023,54.743791],[-7.548398,54.747202],[-7.551705,54.754695],[-7.549741,54.779603],[-7.543385,54.793091],[-7.470831,54.845284],[-7.45507,54.863009],[-7.444735,54.884455],[-7.444735,54.894893],[-7.448972,54.920318],[-7.445251,54.932152],[-7.436983,54.938301],[-7.417139,54.943056],[-7.415755,54.944372],[-7.408665,54.951117],[-7.407424,54.959437],[-7.413109,54.984965],[-7.409078,54.992045],[-7.403755,54.99313],[-7.40112,54.994836],[-7.405254,55.003569],[-7.376987,55.02889],[-7.366962,55.035557],[-7.355024,55.040931],[-7.291152,55.046615],[-7.282987,55.051835],[-7.275288,55.058863],[-7.266503,55.065167],[-7.2471,55.069322]]],[[[-2.665354,51.617255],[-2.693756,51.596177],[-2.713124,51.586615],[-2.760487,51.579779],[-2.798085,51.563503],[-2.816396,51.555569],[-2.858713,51.546129],[-2.943349,51.542548],[-2.956288,51.545722],[-2.964101,51.552802],[-2.969472,51.559882],[-2.97468,51.562974],[-2.984039,51.558539],[-3.010243,51.538031],[-3.015696,51.531643],[-3.07372,51.508368],[-3.076487,51.507758],[-3.088938,51.505072],[-3.105621,51.497219],[-3.131703,51.480414],[-3.135081,51.476304],[-3.14094,51.464789],[-3.145375,51.459947],[-3.152415,51.45718],[-3.166656,51.456],[-3.172393,51.453274],[-3.172719,51.453111],[-3.160064,51.43183],[-3.167144,51.410468],[-3.184804,51.39761],[-3.20401,51.401597],[-3.218861,51.402777],[-3.289418,51.384223],[-3.539174,51.398505],[-3.557444,51.405097],[-3.575307,51.420437],[-3.604726,51.445705],[-3.663197,51.476223],[-3.676991,51.477037],[-3.695424,51.471503],[-3.717926,51.478583],[-3.73762,51.490871],[-3.748036,51.500922],[-3.74942,51.505357],[-3.74767,51.507025],[-3.744537,51.507636],[-3.741851,51.508368],[-3.749338,51.528062],[-3.751902,51.533067],[-3.758941,51.54678],[-3.770131,51.5633],[-3.782216,51.576646],[-3.790273,51.581977],[-3.807729,51.589179],[-3.816965,51.596503],[-3.832672,51.615546],[-3.841624,51.621527],[-3.854888,51.623847],[-3.88679,51.621405],[-3.962392,51.615627],[-3.976633,51.611884],[-3.98998,51.606513],[-3.998769,51.600287],[-3.999908,51.590888],[-3.992258,51.581122],[-3.981801,51.571601],[-3.974599,51.562974],[-4.016184,51.562974],[-4.016103,51.56037],[-4.020823,51.555854],[-4.026519,51.554023],[-4.029205,51.559272],[-4.031972,51.563137],[-4.038564,51.56623],[-4.046457,51.568427],[-4.053131,51.569241],[-4.056304,51.567043],[-4.065582,51.557563],[-4.070221,51.555569],[-4.076812,51.556952],[-4.08727,51.561916],[-4.112131,51.565619],[-4.121653,51.565985],[-4.132192,51.562974],[-4.14273,51.556952],[-4.156809,51.546291],[-4.166412,51.542548],[-4.176503,51.544257],[-4.187734,51.548774],[-4.196767,51.549384],[-4.200551,51.538764],[-4.213368,51.53913],[-4.27245,51.554755],[-4.289906,51.555569],[-4.293324,51.559149],[-4.295155,51.561957],[-4.297353,51.569241],[-4.27831,51.578192],[-4.280832,51.588813],[-4.289703,51.601549],[-4.289906,51.617011],[-4.255767,51.623847],[-4.252024,51.627102],[-4.241282,51.63935],[-4.234731,51.644965],[-4.228505,51.637437],[-4.234731,51.637437],[-4.234731,51.631293],[-4.227854,51.628119],[-4.221018,51.623847],[-4.190094,51.630276],[-4.139027,51.63231],[-4.091298,51.639879],[-4.070221,51.662299],[-4.069814,51.668931],[-4.070383,51.674302],[-4.070546,51.675971],[-4.075429,51.677802],[-4.08727,51.66885],[-4.095448,51.665107],[-4.106842,51.664252],[-4.146352,51.66706],[-4.200551,51.685858],[-4.214955,51.679674],[-4.293691,51.672268],[-4.315297,51.677476],[-4.342356,51.690863],[-4.366444,51.708482],[-4.379262,51.726874],[-4.338043,51.723334],[-4.319976,51.72484],[-4.310455,51.73371],[-4.328725,51.732978],[-4.347157,51.735785],[-4.362538,51.742865],[-4.371816,51.754788],[-4.368764,51.756985],[-4.362904,51.763861],[-4.358022,51.773139],[-4.358225,51.782131],[-4.365102,51.789049],[-4.37149,51.785956],[-4.379262,51.775295],[-4.384918,51.771877],[-4.392974,51.763739],[-4.399159,51.761623],[-4.409332,51.76317],[-4.417877,51.76789],[-4.426503,51.775295],[-4.44579,51.773261],[-4.44933,51.766303],[-4.441396,51.756781],[-4.426503,51.747301],[-4.460764,51.735785],[-4.498891,51.734849],[-4.574208,51.741156],[-4.603424,51.739244],[-4.639231,51.733181],[-4.645375,51.732123],[-4.678212,51.717434],[-4.680287,51.692694],[-4.689443,51.691596],[-4.69164,51.689887],[-4.69164,51.685981],[-4.693959,51.678412],[-4.71231,51.650092],[-4.721425,51.652045],[-4.734934,51.659247],[-4.741851,51.656073],[-4.759185,51.644965],[-4.848297,51.646308],[-4.863515,51.64411],[-4.878977,51.637437],[-4.887807,51.62995],[-4.895741,51.62108],[-4.904775,51.613837],[-4.923695,51.608629],[-4.931996,51.599026],[-4.941029,51.596503],[-4.946034,51.597602],[-4.956451,51.602769],[-5.021596,51.616034],[-5.045766,51.626899],[-5.03661,51.637437],[-5.051178,51.656928],[-5.100494,51.6647],[-5.11974,51.678412],[-5.113433,51.685289],[-5.03661,51.678412],[-5.038726,51.68183],[-5.041331,51.689399],[-5.043446,51.692694],[-5.028676,51.692939],[-5.002553,51.687405],[-4.988189,51.685858],[-4.974599,51.687934],[-4.941029,51.700141],[-4.892649,51.706366],[-4.868276,51.716783],[-4.858062,51.718329],[-4.844838,51.713813],[-4.844838,51.720038],[-4.873402,51.737738],[-4.879018,51.76203],[-4.862538,51.782375],[-4.82433,51.788275],[-4.82433,51.795722],[-4.836008,51.790717],[-4.86498,51.783271],[-4.921295,51.780015],[-4.933583,51.775295],[-4.917226,51.775336],[-4.905181,51.771186],[-4.900543,51.762112],[-4.906239,51.747301],[-4.892079,51.739407],[-4.89566,51.728176],[-4.910553,51.718207],[-4.988189,51.706855],[-5.009918,51.706366],[-5.149241,51.718085],[-5.1669,51.713813],[-5.156972,51.697577],[-5.168609,51.68891],[-5.182851,51.689276],[-5.180653,51.700141],[-5.180653,51.706366],[-5.230133,51.730048],[-5.249501,51.73371],[-5.228139,51.733954],[-5.213938,51.735745],[-5.20287,51.74079],[-5.191151,51.751044],[-5.176829,51.75967],[-5.143219,51.763861],[-5.125966,51.7685],[-5.11026,51.77851],[-5.107086,51.788072],[-5.112294,51.813178],[-5.113393,51.828803],[-5.117502,51.843695],[-5.125885,51.856024],[-5.139638,51.864],[-5.146474,51.857164],[-5.164377,51.866767],[-5.203765,51.870185],[-5.221588,51.877672],[-5.235829,51.871039],[-5.291412,51.864],[-5.310943,51.864],[-5.30427,51.867621],[-5.297353,51.870185],[-5.297353,51.877672],[-5.300689,51.882025],[-5.302561,51.88524],[-5.30016,51.888332],[-5.290517,51.891995],[-5.290517,51.898139],[-5.298329,51.910956],[-5.28893,51.916938],[-5.252838,51.918647],[-5.234202,51.923041],[-5.204172,51.942288],[-5.191151,51.946601],[-5.16039,51.949449],[-5.119537,51.95893],[-5.088043,51.97602],[-5.085032,52.001858],[-5.07079,52.001858],[-5.07079,52.008043],[-5.082753,52.014472],[-5.081207,52.021186],[-5.070221,52.026353],[-5.0537,52.02851],[-5.026601,52.027411],[-5.015045,52.025336],[-4.961741,52.007514],[-4.942535,52.007473],[-4.913686,52.014838],[-4.920522,52.02851],[-4.901601,52.026435],[-4.863189,52.016995],[-4.84142,52.014838],[-4.832265,52.018988],[-4.833852,52.028754],[-4.838287,52.040107],[-4.838002,52.049018],[-4.830393,52.052924],[-4.796986,52.056464],[-4.777577,52.064887],[-4.763173,52.075873],[-4.738678,52.100816],[-4.720286,52.113349],[-4.706532,52.113471],[-4.673451,52.097398],[-4.675689,52.126939],[-4.637522,52.138495],[-4.513824,52.135688],[-4.502268,52.138373],[-4.495758,52.1435],[-4.490956,52.150377],[-4.484283,52.156317],[-4.454701,52.162055],[-4.434804,52.170356],[-4.415395,52.181545],[-4.385569,52.203437],[-4.371246,52.209296],[-4.354726,52.212104],[-4.33434,52.212836],[-4.315826,52.216295],[-4.197133,52.279283],[-4.139068,52.330227],[-4.109609,52.365302],[-4.096262,52.387885],[-4.087392,52.430121],[-4.078969,52.45303],[-4.067942,52.473619],[-4.056549,52.48786],[-4.061838,52.497056],[-4.064036,52.509182],[-4.062571,52.520982],[-4.056549,52.529446],[-4.048492,52.530463],[-4.026601,52.523383],[-4.016184,52.521959],[-3.998769,52.525946],[-3.947336,52.549262],[-3.947336,52.556708],[-3.974477,52.556545],[-4.025868,52.545356],[-4.053131,52.542426],[-4.068471,52.550116],[-4.114125,52.588609],[-4.125478,52.603909],[-4.122222,52.62873],[-4.105946,52.65351],[-4.084828,52.672675],[-4.067128,52.680243],[-4.063547,52.683092],[-4.058827,52.696601],[-4.056549,52.70067],[-4.052724,52.702216],[-4.041982,52.704657],[-4.001088,52.724107],[-3.988271,52.73428],[-4.014719,52.732327],[-4.031972,52.723944],[-4.048818,52.721584],[-4.125152,52.778306],[-4.144358,52.802802],[-4.149037,52.812079],[-4.14623,52.820217],[-4.128896,52.823635],[-4.11734,52.830756],[-4.119781,52.846259],[-4.127756,52.861721],[-4.132192,52.868313],[-4.131988,52.882473],[-4.129872,52.889228],[-4.123606,52.893256],[-4.064036,52.919176],[-4.071401,52.921088],[-4.074574,52.922797],[-4.077626,52.926663],[-4.089101,52.91885],[-4.100494,52.91413],[-4.110585,52.915676],[-4.11856,52.926663],[-4.144399,52.914781],[-4.17162,52.913479],[-4.228505,52.919176],[-4.300689,52.905585],[-4.317291,52.899359],[-4.33731,52.892035],[-4.406606,52.892524],[-4.427235,52.885972],[-4.446197,52.875922],[-4.481679,52.850898],[-4.477935,52.848334],[-4.475494,52.844143],[-4.491363,52.838202],[-4.500966,52.826809],[-4.501332,52.81391],[-4.489125,52.803168],[-4.501943,52.794989],[-4.509185,52.791449],[-4.516469,52.789496],[-4.528554,52.790473],[-4.54247,52.800686],[-4.563954,52.805243],[-4.583079,52.814643],[-4.594635,52.816799],[-4.606516,52.81509],[-4.613515,52.811103],[-4.619211,52.806545],[-4.626332,52.803168],[-4.64859,52.799628],[-4.704498,52.803168],[-4.719309,52.797512],[-4.733225,52.787502],[-4.747426,52.783433],[-4.762847,52.789496],[-4.752512,52.798774],[-4.751454,52.803209],[-4.755442,52.809312],[-4.749257,52.814276],[-4.734934,52.830471],[-4.596059,52.928412],[-4.580963,52.933498],[-4.562082,52.934516],[-4.543528,52.937934],[-4.523997,52.944241],[-4.44343,52.982164],[-4.423695,53.002631],[-4.358225,53.028469],[-4.349965,53.04149],[-4.345693,53.059475],[-4.343861,53.10106],[-4.340891,53.112738],[-4.33434,53.116767],[-4.327626,53.114691],[-4.324696,53.107896],[-4.320668,53.101508],[-4.312245,53.109442],[-4.304758,53.120998],[-4.303619,53.125312],[-4.263539,53.154527],[-4.252349,53.15941],[-4.234527,53.164008],[-4.221303,53.175035],[-4.200551,53.200995],[-4.177968,53.217597],[-4.151519,53.228095],[-4.122222,53.233466],[-4.090688,53.235175],[-4.082346,53.233547],[-4.07433,53.230658],[-4.066884,53.229071],[-4.054107,53.234361],[-4.032297,53.240709],[-4.008901,53.244452],[-3.974599,53.261786],[-3.865305,53.28913],[-3.831288,53.28913],[-3.84142,53.30744],[-3.870758,53.325629],[-3.878407,53.337592],[-3.859975,53.33633],[-3.840566,53.332831],[-3.822987,53.326565],[-3.810129,53.317084],[-3.790517,53.323432],[-3.76887,53.319159],[-3.748199,53.307807],[-3.731923,53.292873],[-3.716298,53.286933],[-3.602203,53.288886],[-3.562327,53.29442],[-3.37206,53.350898],[-3.330312,53.351793],[-3.292388,53.340522],[-3.271311,53.330552],[-3.262074,53.320502],[-3.250803,53.312567],[-3.122222,53.262274],[-3.107533,53.251899],[-3.095123,53.239325],[-3.087758,53.234687],[-3.084543,53.238593],[-3.084543,53.258577],[-3.084543,53.275458],[-3.095937,53.287136],[-3.111195,53.302802],[-3.135406,53.333808],[-3.171539,53.36225],[-3.185211,53.377265],[-3.18635,53.392768],[-3.175526,53.402737],[-3.157297,53.408759],[-3.114654,53.412665],[-3.094228,53.417385],[-3.058258,53.43476],[-3.035553,53.433743],[-3.012196,53.416693],[-2.952952,53.32392],[-2.935129,53.309475],[-2.910553,53.296332],[-2.8815,53.288398],[-2.850575,53.28913],[-2.849599,53.291205],[-2.848378,53.295559],[-2.84496,53.300116],[-2.837554,53.302802],[-2.828603,53.302436],[-2.813385,53.297756],[-2.806142,53.296576],[-2.789784,53.297431],[-2.775502,53.299872],[-2.748118,53.309638],[-2.753651,53.322455],[-2.750885,53.33161],[-2.743153,53.338528],[-2.734486,53.344428],[-2.726145,53.341986],[-2.717437,53.342719],[-2.708608,53.346137],[-2.699778,53.351793],[-2.714101,53.352362],[-2.764394,53.34516],[-2.77538,53.34101],[-2.782379,53.326361],[-2.799794,53.321031],[-2.810333,53.321723],[-2.843658,53.32392],[-2.886464,53.333564],[-2.924957,53.350002],[-2.956939,53.370551],[-2.980824,53.392768],[-3.096588,53.544338],[-3.101918,53.558051],[-3.099477,53.572008],[-3.087636,53.587714],[-3.02184,53.652818],[-2.968658,53.694037],[-2.960357,53.697577],[-2.951731,53.708075],[-2.911448,53.725043],[-2.899037,53.735419],[-2.984853,53.73607],[-3.021474,53.745795],[-3.049184,53.769517],[-3.056386,53.803046],[-3.044911,53.878485],[-3.05663,53.906155],[-3.040679,53.923529],[-3.017568,53.931952],[-2.925689,53.952704],[-2.90925,53.953843],[-2.896108,53.94774],[-2.888539,53.946031],[-2.885365,53.950507],[-2.881988,53.956529],[-2.874176,53.961656],[-2.865142,53.965481],[-2.857981,53.967597],[-2.869252,53.978827],[-2.834462,53.999823],[-2.830068,54.016018],[-2.847524,54.008368],[-2.864858,54.004299],[-2.895497,54.002346],[-2.900299,54.00495],[-2.916086,54.026557],[-2.918202,54.034329],[-2.911285,54.039984],[-2.900787,54.044908],[-2.892079,54.050116],[-2.87267,54.071601],[-2.858876,54.081],[-2.826772,54.088813],[-2.815175,54.098782],[-2.795969,54.12519],[-2.812815,54.139879],[-2.836415,54.167589],[-2.850942,54.184638],[-2.854237,54.194078],[-2.832875,54.199042],[-2.810292,54.2119],[-2.795237,54.229478],[-2.795969,54.248725],[-2.802805,54.248725],[-2.80663,54.23371],[-2.820872,54.221747],[-2.850575,54.20775],[-2.886383,54.196275],[-2.904652,54.187649],[-2.912668,54.176988],[-2.9204,54.162055],[-2.939198,54.155097],[-2.984202,54.153144],[-2.997711,54.159573],[-3.011342,54.17414],[-3.017323,54.19009],[-3.008168,54.200344],[-3.01537,54.2119],[-3.024485,54.221584],[-3.035756,54.225979],[-3.049184,54.222073],[-3.044667,54.208319],[-3.047841,54.194322],[-3.053538,54.181301],[-3.05663,54.170233],[-3.061025,54.161933],[-3.090728,54.139472],[-3.107655,54.118557],[-3.117909,54.108832],[-3.145253,54.100043],[-3.14745,54.08869],[-3.144399,54.075141],[-3.145375,54.063788],[-3.180531,54.092841],[-3.189768,54.097886],[-3.205719,54.098538],[-3.219553,54.100775],[-3.231109,54.105129],[-3.240956,54.112128],[-3.238108,54.12759],[-3.232533,54.14468],[-3.233144,54.159166],[-3.248402,54.166815],[-3.248402,54.173651],[-3.215199,54.179836],[-3.206776,54.20893],[-3.209055,54.242743],[-3.207387,54.263007],[-3.223134,54.257636],[-3.231353,54.247219],[-3.240956,54.222073],[-3.232167,54.202541],[-3.247141,54.197943],[-3.270131,54.199123],[-3.286,54.197211],[-3.306793,54.191881],[-3.328521,54.204739],[-3.364491,54.242499],[-3.394195,54.26439],[-3.407379,54.277737],[-3.412913,54.293769],[-3.41039,54.301459],[-3.405995,54.309638],[-3.404124,54.318549],[-3.411448,54.33275],[-3.413442,54.342963],[-3.416331,54.344916],[-3.440175,54.351752],[-3.474273,54.3935],[-3.497711,54.405829],[-3.591868,54.4831],[-3.608144,54.488267],[-3.613189,54.491645],[-3.623687,54.50609],[-3.634185,54.512885],[-3.62682,54.520413],[-3.6162,54.527574],[-3.611562,54.529934],[-3.590321,54.564643],[-3.563832,54.642768],[-3.530141,54.688056],[-3.516021,54.712877],[-3.509185,54.721666],[-3.500722,54.725979],[-3.478871,54.730902],[-3.468129,54.735297],[-3.455434,54.745022],[-3.439565,54.761461],[-3.430979,54.780463],[-3.440175,54.797431],[-3.407541,54.856024],[-3.387929,54.883368],[-3.364491,54.899807],[-3.34496,54.902533],[-3.333363,54.897284],[-3.322743,54.889879],[-3.306467,54.886176],[-3.295725,54.886908],[-3.254628,54.899807],[-3.267323,54.905504],[-3.317291,54.920315],[-3.291493,54.936672],[-3.276519,54.943427],[-3.213612,54.954413],[-3.201039,54.952216],[-3.193674,54.948635],[-3.187978,54.944485],[-3.180165,54.940823],[-3.142812,54.933539],[-3.122792,54.932685],[-3.03954,54.94717],[-3.02184,54.954413],[-3.090728,54.954413],[-3.090728,54.961249],[-3.071523,54.963121],[-3.056223,54.968817],[-3.040924,54.97248],[-3.02184,54.968085],[-3.02184,54.975531],[-3.046295,54.982123],[-3.050291,54.98151],[-3.135406,54.968085],[-3.453847,54.981757],[-3.470693,54.984442],[-3.486236,54.989488],[-3.501047,54.992499],[-3.515289,54.989203],[-3.512359,54.987128],[-3.511464,54.986884],[-3.510894,54.985989],[-3.509185,54.981757],[-3.526031,54.977118],[-3.54186,54.980658],[-3.570546,54.995429],[-3.583608,54.968085],[-3.575673,54.957343],[-3.570627,54.937567],[-3.568756,54.916002],[-3.570546,54.899807],[-3.581695,54.883612],[-3.598378,54.877997],[-3.691762,54.883205],[-3.717641,54.880845],[-3.739247,54.859809],[-3.810129,54.866278],[-3.807851,54.86107],[-3.806793,54.860907],[-3.803334,54.858873],[-3.812367,54.85517],[-3.819814,54.855902],[-3.82608,54.859931],[-3.831288,54.866278],[-3.819976,54.878567],[-3.815053,54.877143],[-3.810129,54.872504],[-3.811635,54.880032],[-3.813222,54.883124],[-3.816965,54.886176],[-3.828847,54.874986],[-3.844309,54.866278],[-3.839752,54.855902],[-3.837473,54.851996],[-3.844106,54.850979],[-3.8579,54.84455],[-3.823842,54.824693],[-3.833608,54.820054],[-3.885732,54.806464],[-3.964182,54.771918],[-4.011708,54.768215],[-4.042877,54.769477],[-4.042877,54.776923],[-4.046783,54.778022],[-4.050201,54.778551],[-4.053334,54.779975],[-4.055776,54.782538],[-4.052968,54.785468],[-4.05016,54.789008],[-4.049713,54.789984],[-4.051747,54.800035],[-4.047719,54.813056],[-4.049957,54.823228],[-4.063588,54.82685],[-4.064036,54.831529],[-4.078603,54.824123],[-4.090077,54.80976],[-4.093495,54.79267],[-4.083852,54.776923],[-4.122955,54.773017],[-4.17394,54.792304],[-4.209137,54.826239],[-4.200551,54.866278],[-4.215403,54.861029],[-4.239735,54.843004],[-4.255767,54.838324],[-4.270741,54.839423],[-4.345286,54.860175],[-4.356923,54.865546],[-4.365631,54.872504],[-4.375152,54.886908],[-4.379872,54.897895],[-4.38679,54.904771],[-4.402903,54.907294],[-4.409006,54.903022],[-4.416819,54.892808],[-4.423573,54.880357],[-4.426503,54.869452],[-4.417226,54.845933],[-4.409413,54.831244],[-4.402903,54.824693],[-4.386708,54.824164],[-4.372426,54.821845],[-4.359609,54.816636],[-4.347646,54.807318],[-4.344472,54.794501],[-4.353179,54.783108],[-4.358144,54.770982],[-4.343861,54.756415],[-4.356516,54.741889],[-4.353261,54.720893],[-4.348134,54.701972],[-4.354726,54.693793],[-4.360341,54.691596],[-4.365305,54.686957],[-4.371897,54.682278],[-4.382395,54.68008],[-4.405263,54.682074],[-4.426503,54.687567],[-4.451812,54.698798],[-4.461171,54.701239],[-4.496734,54.700629],[-4.505605,54.704657],[-4.563629,54.756415],[-4.596669,54.775295],[-4.714467,54.817857],[-4.759592,54.825344],[-4.781077,54.833075],[-4.799631,54.861274],[-4.821034,54.866645],[-4.85912,54.866278],[-4.883046,54.860093],[-4.905873,54.849799],[-4.925771,54.837388],[-4.941029,54.824693],[-4.949615,54.815823],[-4.953684,54.810004],[-4.954823,54.804755],[-4.954701,54.797431],[-4.95287,54.788967],[-4.947906,54.77733],[-4.940256,54.767035],[-4.930165,54.762641],[-4.923248,54.751858],[-4.911936,54.728217],[-4.895985,54.704535],[-4.867258,54.690131],[-4.866933,54.681464],[-4.872141,54.663316],[-4.872426,54.654039],[-4.87206,54.649237],[-4.85912,54.632961],[-4.880605,54.636217],[-4.923492,54.649726],[-4.944081,54.652777],[-4.953684,54.659735],[-4.959869,54.675523],[-4.958974,54.691962],[-4.947255,54.701239],[-4.954823,54.707465],[-4.958892,54.714057],[-4.959055,54.720933],[-4.954701,54.728502],[-4.973378,54.729722],[-4.981557,54.731635],[-4.988189,54.735297],[-4.992665,54.74433],[-4.99706,54.758368],[-5.003285,54.771308],[-5.01301,54.776923],[-5.033193,54.782416],[-5.128245,54.848944],[-5.157135,54.879096],[-5.175526,54.914618],[-5.180653,54.954413],[-5.177602,54.990546],[-5.170806,55.008694],[-5.156728,55.016547],[-5.13561,55.015855],[-5.124582,55.016791],[-5.11974,55.019924],[-5.115142,55.031562],[-5.105214,55.02619],[-5.09553,55.015082],[-5.091868,55.009711],[-5.076894,54.995551],[-5.069488,54.986029],[-5.064565,54.975531],[-5.063791,54.964586],[-5.065256,54.940334],[-5.060862,54.931138],[-5.047515,54.920315],[-5.030995,54.911322],[-5.013092,54.909613],[-4.995595,54.920315],[-4.992299,54.924262],[-4.988189,54.92772],[-4.988189,54.934556],[-5.024078,54.976386],[-5.029775,54.9855],[-5.032501,54.99372],[-5.03303,54.995266],[-5.047027,55.015082],[-5.050282,55.026801],[-5.049672,55.048977],[-5.047597,55.055732],[-5.043446,55.064276],[-5.025787,55.08869],[-5.018951,55.10224],[-5.016184,55.122626],[-5.007802,55.141181],[-4.988271,55.152655],[-4.947255,55.167914],[-4.882395,55.218573],[-4.877553,55.220893],[-4.867258,55.22248],[-4.865305,55.225653],[-4.86559,55.236314],[-4.864817,55.24136],[-4.841949,55.275092],[-4.838002,55.284003],[-4.837229,55.29385],[-4.839752,55.315579],[-4.838002,55.325019],[-4.832509,55.331122],[-4.799224,55.354722],[-4.781077,55.363511],[-4.773101,55.369371],[-4.767161,55.379055],[-4.758778,55.402289],[-4.749257,55.413764],[-4.71703,55.430487],[-4.650502,55.448472],[-4.626332,55.468411],[-4.617787,55.495592],[-4.62678,55.519721],[-4.650787,55.537055],[-4.687164,55.544135],[-4.666249,55.562201],[-4.666493,55.5633],[-4.671132,55.584418],[-4.692738,55.605211],[-4.721995,55.619208],[-4.776519,55.63288],[-4.808746,55.633612],[-4.818105,55.637193],[-4.810618,55.646552],[-4.810618,55.653998],[-4.86856,55.675605],[-4.90099,55.692328],[-4.920522,55.708564],[-4.876332,55.735256],[-4.861073,55.756741],[-4.865305,55.790473],[-4.871734,55.802436],[-4.877797,55.811021],[-4.882721,55.821357],[-4.888661,55.864529],[-4.888824,55.865302],[-4.892649,55.89289],[-4.886464,55.919664],[-4.872141,55.937201],[-4.849355,55.948228],[-4.818105,55.955634],[-4.799387,55.957913],[-4.785797,55.956977],[-4.72232,55.94009],[-4.705434,55.938463],[-4.693959,55.941352],[-4.672515,55.933783],[-4.505971,55.919094],[-4.481679,55.92829],[-4.590606,55.941514],[-4.630035,55.946275],[-4.673451,55.961859],[-4.724517,55.998358],[-4.765045,56.007066],[-4.783437,56.017646],[-4.799224,56.030951],[-4.810618,56.043769],[-4.82372,56.073676],[-4.82433,56.078518],[-4.839182,56.080634],[-4.844309,56.072984],[-4.843739,56.062974],[-4.837554,56.050605],[-4.790151,56.010199],[-4.77892,55.992092],[-4.785308,55.984036],[-4.803619,55.982082],[-4.828033,55.982327],[-4.851552,55.988023],[-4.862294,56.002143],[-4.865387,56.020209],[-4.866851,56.058336],[-4.865387,56.066718],[-4.826324,56.124213],[-4.755442,56.188381],[-4.750885,56.202704],[-4.755523,56.206529],[-4.766265,56.202094],[-4.779937,56.191474],[-4.83727,56.124416],[-4.851674,56.112616],[-4.873118,56.112006],[-4.880605,56.119859],[-4.878977,56.150539],[-4.883168,56.164008],[-4.893544,56.174262],[-4.907094,56.177069],[-4.920522,56.167914],[-4.909088,56.14997],[-4.895253,56.114732],[-4.88622,56.08039],[-4.88915,56.064846],[-4.901926,56.061916],[-4.904368,56.054348],[-4.900054,56.034125],[-4.900054,56.014594],[-4.89802,56.001166],[-4.892649,55.989732],[-4.906402,55.985745],[-4.921457,55.988674],[-4.937489,55.993842],[-4.954701,55.996568],[-4.954701,55.989732],[-4.942006,55.986314],[-4.928863,55.981147],[-4.918446,55.973334],[-4.913686,55.961859],[-4.917388,55.947455],[-4.927235,55.93769],[-4.93871,55.929633],[-4.947255,55.920844],[-4.952138,55.909125],[-4.954986,55.899359],[-4.959218,55.890123],[-4.968984,55.879869],[-4.983144,55.871039],[-4.99474,55.869818],[-5.026357,55.873725],[-5.04247,55.884752],[-5.056752,55.910305],[-5.066803,55.938788],[-5.07079,55.958686],[-5.110829,55.988959],[-5.116038,56.001695],[-5.123606,56.009914],[-5.139638,56.002753],[-5.123769,55.986314],[-5.085683,55.931871],[-5.078236,55.910956],[-5.086537,55.901272],[-5.105621,55.904975],[-5.171539,55.935533],[-5.180653,55.948432],[-5.180653,55.969306],[-5.190826,55.961737],[-5.199615,55.948554],[-5.205719,55.934516],[-5.207916,55.924628],[-5.212636,55.917141],[-5.242055,55.89289],[-5.218129,55.864691],[-5.20816,55.84927],[-5.20108,55.831488],[-5.21939,55.831448],[-5.263173,55.845771],[-5.296702,55.852688],[-5.307118,55.860419],[-5.313385,55.885443],[-5.319325,55.889106],[-5.327219,55.891547],[-5.334828,55.896674],[-5.338287,55.903754],[-5.339101,55.913031],[-5.338287,55.931383],[-5.33609,55.939195],[-5.326161,55.950263],[-5.323964,55.958686],[-5.325754,55.967231],[-5.338287,55.996568],[-5.313629,56.012356],[-5.204498,56.119452],[-5.146474,56.133124],[-5.104604,56.151516],[-5.09496,56.157375],[-5.059438,56.203111],[-5.043446,56.216295],[-5.013295,56.227607],[-4.974965,56.237006],[-4.940094,56.25141],[-4.920522,56.277777],[-4.9381,56.270982],[-4.975087,56.247992],[-4.991933,56.242987],[-5.032704,56.241156],[-5.04955,56.237047],[-5.064565,56.229315],[-5.075429,56.216986],[-5.099436,56.181952],[-5.108876,56.174709],[-5.228139,56.129218],[-5.310943,56.058051],[-5.319936,56.054918],[-5.338043,56.054104],[-5.345693,56.051215],[-5.345286,56.046129],[-5.350209,56.031928],[-5.356353,56.019761],[-5.359364,56.020738],[-5.368642,56.009426],[-5.390289,56.005683],[-5.415028,56.006903],[-5.433827,56.010199],[-5.43456,56.01496],[-5.434722,56.023627],[-5.437123,56.030015],[-5.444407,56.027574],[-5.447906,56.022284],[-5.448232,56.016059],[-5.447621,56.009426],[-5.454986,55.955634],[-5.451405,55.953437],[-5.436431,55.948961],[-5.430776,55.948188],[-5.420806,55.92829],[-5.416737,55.916815],[-5.416005,55.907416],[-5.412506,55.899604],[-5.40038,55.89289],[-5.40038,55.886705],[-5.407216,55.886705],[-5.407216,55.879869],[-5.402943,55.87873],[-5.392893,55.873725],[-5.397694,55.871568],[-5.402496,55.868354],[-5.407216,55.866278],[-5.351796,55.832424],[-5.326772,55.80858],[-5.317779,55.783026],[-5.324574,55.769232],[-5.338531,55.762641],[-5.372426,55.756415],[-5.387563,55.750312],[-5.433461,55.721015],[-5.444569,55.711615],[-5.453969,55.700588],[-5.461171,55.688137],[-5.463612,55.679836],[-5.466176,55.662177],[-5.468617,55.653998],[-5.490102,55.644599],[-5.488271,55.640326],[-5.484283,55.635728],[-5.482289,55.63288],[-5.483876,55.610053],[-5.474762,55.603949],[-5.462636,55.602037],[-5.454986,55.591946],[-5.46109,55.578803],[-5.476918,55.574897],[-5.488759,55.569078],[-5.482289,55.550279],[-5.503529,55.526516],[-5.509633,55.516791],[-5.51061,55.511461],[-5.509633,55.49258],[-5.510976,55.484442],[-5.514272,55.483873],[-5.518788,55.485175],[-5.523264,55.482652],[-5.545522,55.449164],[-5.561513,55.435533],[-5.584625,55.427436],[-5.584625,55.42121],[-5.572133,55.422309],[-5.562082,55.419867],[-5.55309,55.414537],[-5.543691,55.406928],[-5.527455,55.384345],[-5.526682,55.380276],[-5.514963,55.373684],[-5.525054,55.358629],[-5.557973,55.331855],[-5.574371,55.322008],[-5.594106,55.313137],[-5.616282,55.306586],[-5.639963,55.3039],[-5.649526,55.305162],[-5.669097,55.310858],[-5.680898,55.311347],[-5.691396,55.30858],[-5.714019,55.29914],[-5.725575,55.297065],[-5.754547,55.297349],[-5.772288,55.301256],[-5.782867,55.313544],[-5.794667,55.356391],[-5.796702,55.379096],[-5.791412,55.398627],[-5.763417,55.412055],[-5.725413,55.437567],[-5.715647,55.447903],[-5.71524,55.468899],[-5.720123,55.491523],[-5.721913,55.513861],[-5.707753,55.543362],[-5.712066,55.550727],[-5.718861,55.557318],[-5.721832,55.564602],[-5.718129,55.575751],[-5.694488,55.605536],[-5.673329,55.640611],[-5.669423,55.660712],[-5.680898,55.674465],[-5.626536,55.700629],[-5.619456,55.711982],[-5.613189,55.725775],[-5.598297,55.742987],[-5.581207,55.757636],[-5.56786,55.763861],[-5.539174,55.770941],[-5.504628,55.789374],[-5.4735,55.81566],[-5.454986,55.845771],[-5.551747,55.783637],[-5.587473,55.767157],[-5.599436,55.764228],[-5.61262,55.763861],[-5.605784,55.776842],[-5.633209,55.782782],[-5.646718,55.787502],[-5.66039,55.797349],[-5.667958,55.811021],[-5.669016,55.837836],[-5.674062,55.845771],[-5.631988,55.881781],[-5.6256,55.889838],[-5.619374,55.903144],[-5.60436,55.913642],[-5.586293,55.923326],[-5.571034,55.934516],[-5.593495,55.927965],[-5.627594,55.905341],[-5.653798,55.89761],[-5.671702,55.886908],[-5.680898,55.886705],[-5.687978,55.893378],[-5.694163,55.904975],[-5.696401,55.915961],[-5.586822,56.01203],[-5.57844,56.024482],[-5.582672,56.028957],[-5.57665,56.032538],[-5.571034,56.037543],[-5.583892,56.040717],[-5.596425,56.036811],[-5.609853,56.030015],[-5.6256,56.024482],[-5.631703,56.005927],[-5.674875,55.977729],[-5.674062,55.955634],[-5.690785,55.937649],[-5.694488,55.934516],[-5.704498,55.936754],[-5.707509,55.942572],[-5.705881,55.949652],[-5.701975,55.955634],[-5.696441,55.982164],[-5.659901,56.023261],[-5.584625,56.084662],[-5.581532,56.088284],[-5.580068,56.092922],[-5.577463,56.096991],[-5.571034,56.099026],[-5.564605,56.09809],[-5.556549,56.095893],[-5.550689,56.093492],[-5.550526,56.09219],[-5.547841,56.090033],[-5.539459,56.086859],[-5.531606,56.08633],[-5.5301,56.09219],[-5.534739,56.098538],[-5.541412,56.102484],[-5.547515,56.104885],[-5.550526,56.106431],[-5.556956,56.122219],[-5.558705,56.130805],[-5.554677,56.137397],[-5.522532,56.165758],[-5.515736,56.174709],[-5.509633,56.188381],[-5.539906,56.183417],[-5.562489,56.167914],[-5.582672,56.15058],[-5.605784,56.13996],[-5.599355,56.16059],[-5.586415,56.181138],[-5.569407,56.200263],[-5.550526,56.216295],[-5.559438,56.22956],[-5.547231,56.24018],[-5.525624,56.24726],[-5.506174,56.249823],[-5.49474,56.253119],[-5.492828,56.260403],[-5.499257,56.267646],[-5.512685,56.270941],[-5.55427,56.263495],[-5.56314,56.260321],[-5.572621,56.253852],[-5.582346,56.248765],[-5.592152,56.249823],[-5.598053,56.258612],[-5.59557,56.269924],[-5.584625,56.290758],[-5.572581,56.32807],[-5.562734,56.341051],[-5.543691,56.352851],[-5.525217,56.346625],[-5.498199,56.348334],[-5.44811,56.359687],[-5.44811,56.365912],[-5.472157,56.364936],[-5.51537,56.356838],[-5.537506,56.359687],[-5.517323,56.392768],[-5.509633,56.400621],[-5.498931,56.404731],[-5.486073,56.408108],[-5.478017,56.412909],[-5.482289,56.421129],[-5.457021,56.440863],[-5.423573,56.450019],[-5.322865,56.454983],[-5.242055,56.442206],[-5.20873,56.446845],[-5.181874,56.459662],[-5.11852,56.507758],[-5.085683,56.548774],[-5.064565,56.565131],[-5.086537,56.558498],[-5.099599,56.543647],[-5.110585,56.525865],[-5.125966,56.510484],[-5.1669,56.490058],[-5.190175,56.468655],[-5.20108,56.462104],[-5.243764,56.459215],[-5.350168,56.472968],[-5.378082,56.45897],[-5.394276,56.465481],[-5.410553,56.503648],[-5.424143,56.500067],[-5.435943,56.491156],[-5.454986,56.46955],[-5.468617,56.475735],[-5.433339,56.523627],[-5.427642,56.537828],[-5.403798,56.524604],[-5.379262,56.519192],[-5.356679,56.51968],[-5.338287,56.524156],[-5.290517,56.544664],[-5.265045,56.551215],[-5.252553,56.556342],[-5.242055,56.565131],[-5.275624,56.553616],[-5.286773,56.552069],[-5.306793,56.552802],[-5.310943,56.552069],[-5.327707,56.544664],[-5.338694,56.542304],[-5.360341,56.532213],[-5.372426,56.530341],[-5.384348,56.533433],[-5.400502,56.543647],[-5.41393,56.544664],[-5.410878,56.552069],[-5.407297,56.555325],[-5.402699,56.55744],[-5.396637,56.561713],[-5.39269,56.566474],[-5.389312,56.574897],[-5.386627,56.578803],[-5.360707,56.606269],[-5.351918,56.612942],[-5.310862,56.633612],[-5.304514,56.640163],[-5.298451,56.64643],[-5.317779,56.653876],[-5.317779,56.661322],[-5.309071,56.664252],[-5.286773,56.674994],[-5.261464,56.673326],[-5.248199,56.674058],[-5.218902,56.688666],[-5.196441,56.688666],[-5.15331,56.68122],[-5.132639,56.684516],[-5.093373,56.699042],[-5.012807,56.709296],[-4.995595,56.715969],[-5.160553,56.695868],[-5.238271,56.71662],[-5.238515,56.722561],[-5.228424,56.736477],[-5.222076,56.741523],[-5.154652,56.782294],[-5.136383,56.798774],[-5.11974,56.818427],[-5.179067,56.789252],[-5.187489,56.781155],[-5.191762,56.774644],[-5.20226,56.76911],[-5.21467,56.765204],[-5.224965,56.763739],[-5.233469,56.760688],[-5.23705,56.753363],[-5.238922,56.744452],[-5.242055,56.736477],[-5.255238,56.721584],[-5.268463,56.71308],[-5.283355,56.709377],[-5.301015,56.708564],[-5.309804,56.706488],[-5.319163,56.697496],[-5.340159,56.693061],[-5.348378,56.687201],[-5.359364,56.674994],[-5.388051,56.655219],[-5.403879,56.649237],[-5.424224,56.64704],[-5.434397,56.64289],[-5.44872,56.624579],[-5.458119,56.620347],[-5.470774,56.618394],[-5.482574,56.613267],[-5.493316,56.606391],[-5.533437,56.572903],[-5.599599,56.529039],[-5.667388,56.498481],[-5.674062,56.496894],[-5.683013,56.500637],[-5.694692,56.513861],[-5.705393,56.516669],[-5.721791,56.5185],[-5.740834,56.523261],[-5.758209,56.529975],[-5.770253,56.537828],[-5.755198,56.554023],[-5.751047,56.561998],[-5.749135,56.571967],[-5.756663,56.571967],[-5.793853,56.54328],[-5.85436,56.550482],[-6.003407,56.61872],[-6.009836,56.626532],[-6.008168,56.642279],[-5.998036,56.649888],[-5.98351,56.652818],[-5.933583,56.654731],[-5.899037,56.650824],[-5.866851,56.641547],[-5.839182,56.626532],[-5.831695,56.633979],[-5.855621,56.644721],[-5.86559,56.651435],[-5.865834,56.661322],[-5.759999,56.700751],[-5.735504,56.702338],[-5.672597,56.684149],[-5.647369,56.68122],[-5.594146,56.683336],[-5.564809,56.687649],[-5.543691,56.695461],[-5.636545,56.688666],[-5.658559,56.690741],[-5.708852,56.708564],[-5.749989,56.714545],[-5.859039,56.68122],[-5.896799,56.675116],[-5.907379,56.674994],[-5.920318,56.677965],[-5.942738,56.686754],[-5.955556,56.688666],[-6.024892,56.685696],[-6.098622,56.696967],[-6.12385,56.695624],[-6.143544,56.684882],[-6.161733,56.678209],[-6.186594,56.681098],[-6.209625,56.688463],[-6.222768,56.695461],[-6.228179,56.701077],[-6.232533,56.706529],[-6.235341,56.712388],[-6.236399,56.719062],[-6.234486,56.728583],[-6.229563,56.729071],[-6.222768,56.7272],[-6.215321,56.729641],[-6.193471,56.748521],[-6.180531,56.754625],[-6.026967,56.763739],[-6.014882,56.767035],[-5.979888,56.781562],[-5.965199,56.784857],[-5.948232,56.782538],[-5.937978,56.776923],[-5.928538,56.769965],[-5.913645,56.763739],[-5.860911,56.7508],[-5.852203,56.746975],[-5.853342,56.75788],[-5.858144,56.768459],[-5.868398,56.775865],[-5.886342,56.777411],[-5.886342,56.784857],[-5.874013,56.785712],[-5.861806,56.785102],[-5.850087,56.782457],[-5.839182,56.777411],[-5.824615,56.787584],[-5.802073,56.791815],[-5.776601,56.787991],[-5.756663,56.784857],[-5.831695,56.805365],[-5.850819,56.81802],[-5.851186,56.828925],[-5.837473,56.836615],[-5.733876,56.844794],[-5.692738,56.854926],[-5.66039,56.872992],[-5.673573,56.876532],[-5.692006,56.875312],[-5.708485,56.870551],[-5.724355,56.853827],[-5.744496,56.854153],[-5.783925,56.859931],[-5.77538,56.86994],[-5.735504,56.89411],[-5.780588,56.898749],[-5.874867,56.887152],[-5.921132,56.89411],[-5.887563,56.899115],[-5.852203,56.900336],[-5.852203,56.907701],[-5.859853,56.910549],[-5.880116,56.922024],[-5.862538,56.933743],[-5.85143,56.95425],[-5.842519,56.977444],[-5.831695,56.997138],[-5.814117,57.009508],[-5.786041,57.020575],[-5.755238,57.026557],[-5.729319,57.02383],[-5.719879,57.017564],[-5.699941,56.998114],[-5.688303,56.989691],[-5.674062,56.983588],[-5.658559,56.979478],[-5.6256,56.97663],[-5.571278,56.983832],[-5.523264,56.997138],[-5.523264,57.003974],[-5.540435,57.001166],[-5.556508,56.99608],[-5.571278,56.993313],[-5.584625,56.997138],[-5.607086,56.988511],[-5.628814,56.991889],[-5.649892,56.999661],[-5.670318,57.003974],[-5.685536,57.009589],[-5.681711,57.022406],[-5.680043,57.0362],[-5.701975,57.044908],[-5.710927,57.044176],[-5.731353,57.039008],[-5.74234,57.038072],[-5.752553,57.040595],[-5.769602,57.04975],[-5.780181,57.051744],[-5.791127,57.059272],[-5.776194,57.075832],[-5.734486,57.105414],[-5.722646,57.116441],[-5.715647,57.120063],[-5.703277,57.120754],[-5.673695,57.119045],[-5.663482,57.123725],[-5.645863,57.129462],[-5.620839,57.124091],[-5.57844,57.106391],[-5.558258,57.100409],[-5.459828,57.099799],[-5.454986,57.102973],[-5.447418,57.110175],[-5.430776,57.110745],[-5.414296,57.108222],[-5.407216,57.106391],[-5.40038,57.106391],[-5.40038,57.113837],[-5.420033,57.120673],[-5.503896,57.112698],[-5.527415,57.107489],[-5.540639,57.106391],[-5.547719,57.110093],[-5.573313,57.127875],[-5.584625,57.133694],[-5.668446,57.14765],[-5.680898,57.157904],[-5.673818,57.174994],[-5.638824,57.202379],[-5.6256,57.216254],[-5.644154,57.233222],[-5.620107,57.252143],[-5.578236,57.26675],[-5.543691,57.270901],[-5.511586,57.257636],[-5.480092,57.237006],[-5.446278,57.223049],[-5.407216,57.229926],[-5.407216,57.236721],[-5.448842,57.242092],[-5.458119,57.246649],[-5.47289,57.261217],[-5.4829,57.268012],[-5.492502,57.270901],[-5.501943,57.277655],[-5.488922,57.292426],[-5.464833,57.306627],[-5.440663,57.311835],[-5.440663,57.319281],[-5.464996,57.324937],[-5.48176,57.316718],[-5.494293,57.304429],[-5.506174,57.298163],[-5.523427,57.295152],[-5.558461,57.28144],[-5.57844,57.277655],[-5.599436,57.279242],[-5.637441,57.289008],[-5.656972,57.291327],[-5.700063,57.283596],[-5.72057,57.284491],[-5.729319,57.298163],[-5.72525,57.301581],[-5.701975,57.332343],[-5.693756,57.337104],[-5.671986,57.344428],[-5.663482,57.349677],[-5.654368,57.353949],[-5.647206,57.349921],[-5.641469,57.343207],[-5.636545,57.339789],[-5.613189,57.341986],[-5.501291,57.370998],[-5.456654,57.393541],[-5.44811,57.421698],[-5.465077,57.423896],[-5.492055,57.408759],[-5.537506,57.373928],[-5.563466,57.363105],[-5.586659,57.365058],[-5.610911,57.371405],[-5.639963,57.373928],[-5.61559,57.382473],[-5.607086,57.389106],[-5.609202,57.397773],[-5.617747,57.410102],[-5.619618,57.416693],[-5.624013,57.416409],[-5.639963,57.408026],[-5.707183,57.359768],[-5.732411,57.352769],[-5.784576,57.348578],[-5.807769,57.354926],[-5.824859,57.394355],[-5.822255,57.3935],[-5.817372,57.395209],[-5.812856,57.398098],[-5.811187,57.40119],[-5.813873,57.404527],[-5.82311,57.41234],[-5.824859,57.415473],[-5.825266,57.4289],[-5.821889,57.435533],[-5.811187,57.442206],[-5.821523,57.445461],[-5.852528,57.450385],[-5.859039,57.452704],[-5.861195,57.463446],[-5.870513,57.48078],[-5.87267,57.49372],[-5.8697,57.500881],[-5.856068,57.517808],[-5.852203,57.524115],[-5.851064,57.538398],[-5.851471,57.551093],[-5.847076,57.558905],[-5.831695,57.558824],[-5.833852,57.563381],[-5.837026,57.574774],[-5.839182,57.579291],[-5.821401,57.583197],[-5.803619,57.581366],[-5.786366,57.575181],[-5.732574,57.545233],[-5.715647,57.538398],[-5.707021,57.542304],[-5.689768,57.527899],[-5.680898,57.524115],[-5.650868,57.512641],[-5.639963,57.511054],[-5.645334,57.516669],[-5.648305,57.521877],[-5.650543,57.526801],[-5.653554,57.531562],[-5.581532,57.538398],[-5.540273,57.534491],[-5.516835,57.534857],[-5.512685,57.54149],[-5.543121,57.555365],[-5.588368,57.561021],[-5.632721,57.557685],[-5.66039,57.544582],[-5.694488,57.566311],[-5.689198,57.569403],[-5.680898,57.579291],[-5.714223,57.582709],[-5.731679,57.598293],[-5.744252,57.617987],[-5.762807,57.633979],[-5.778147,57.637437],[-5.793609,57.638577],[-5.805898,57.642646],[-5.811187,57.655097],[-5.805409,57.667182],[-5.785024,57.679511],[-5.790761,57.688544],[-5.790761,57.69599],[-5.75357,57.707465],[-5.734486,57.707953],[-5.704986,57.690131],[-5.692494,57.691067],[-5.681956,57.698717],[-5.674062,57.709662],[-5.68517,57.711412],[-5.692291,57.716498],[-5.698842,57.72309],[-5.708852,57.72956],[-5.72053,57.733385],[-5.803822,57.743842],[-5.806956,57.754625],[-5.802073,57.780585],[-5.803822,57.792222],[-5.801259,57.800442],[-5.809926,57.820624],[-5.811187,57.833197],[-5.807362,57.84394],[-5.799957,57.853705],[-5.78954,57.862006],[-5.776519,57.867906],[-5.751129,57.873358],[-5.724762,57.873521],[-5.698638,57.869086],[-5.674062,57.8605],[-5.677887,57.84691],[-5.674794,57.827094],[-5.667958,57.806952],[-5.66039,57.792222],[-5.650543,57.781806],[-5.637359,57.774237],[-5.622141,57.770209],[-5.605784,57.770494],[-5.613271,57.775214],[-5.617909,57.780219],[-5.6256,57.792222],[-5.613026,57.792629],[-5.603261,57.791083],[-5.584625,57.784817],[-5.591176,57.804429],[-5.587026,57.81859],[-5.585276,57.831448],[-5.598988,57.846869],[-5.637563,57.86636],[-5.65038,57.877753],[-5.639963,57.887844],[-5.647694,57.888983],[-5.650787,57.890815],[-5.653554,57.89468],[-5.643951,57.904202],[-5.620758,57.920885],[-5.61262,57.928778],[-5.598215,57.919013],[-5.58731,57.915107],[-5.550526,57.915107],[-5.556264,57.887763],[-5.527903,57.86758],[-5.48705,57.855862],[-5.454986,57.853705],[-5.461171,57.8605],[-5.449045,57.869127],[-5.437123,57.89765],[-5.427642,57.908271],[-5.414906,57.908149],[-5.369496,57.897528],[-5.355621,57.891262],[-5.327504,57.873277],[-5.293853,57.862047],[-5.221588,57.846869],[-5.236318,57.860785],[-5.247548,57.867011],[-5.276763,57.874172],[-5.320668,57.898505],[-5.384918,57.91413],[-5.392893,57.918199],[-5.394399,57.923896],[-5.39684,57.926215],[-5.397328,57.9289],[-5.392893,57.935614],[-5.386545,57.936428],[-5.378977,57.93183],[-5.371734,57.931057],[-5.3662,57.943061],[-5.347157,57.936713],[-5.319163,57.91474],[-5.297353,57.908271],[-5.286,57.908759],[-5.266957,57.914008],[-5.256256,57.915107],[-5.243642,57.912909],[-5.221018,57.904039],[-5.211293,57.902086],[-5.198801,57.897773],[-5.162262,57.878485],[-5.119985,57.867987],[-5.091135,57.840318],[-5.07079,57.833197],[-5.076487,57.838528],[-5.083404,57.847561],[-5.089345,57.857245],[-5.091868,57.864203],[-5.097157,57.870917],[-5.197255,57.917873],[-5.221588,57.921332],[-5.221588,57.928778],[-5.201894,57.928656],[-5.193959,57.935981],[-5.195546,57.947659],[-5.204498,57.96015],[-5.216705,57.965888],[-5.248891,57.969387],[-5.263173,57.976549],[-5.292633,57.980618],[-5.333892,58.008531],[-5.359364,58.011379],[-5.357167,58.014065],[-5.356679,58.014879],[-5.351918,58.017524],[-5.366933,58.028876],[-5.386586,58.032538],[-5.427642,58.031195],[-5.424306,58.035549],[-5.422353,58.038967],[-5.419586,58.04206],[-5.41393,58.045478],[-5.41393,58.052314],[-5.447011,58.084377],[-5.42809,58.097968],[-5.390045,58.09219],[-5.3662,58.065985],[-5.344309,58.075507],[-5.322865,58.071723],[-5.300771,58.070136],[-5.276763,58.086412],[-5.28307,58.086412],[-5.278066,58.096259],[-5.278798,58.105373],[-5.283559,58.113471],[-5.290517,58.120551],[-5.276763,58.120551],[-5.276763,58.127387],[-5.297353,58.134833],[-5.284088,58.140082],[-5.255523,58.143785],[-5.242055,58.147895],[-5.242055,58.155341],[-5.275054,58.154527],[-5.290842,58.156317],[-5.304799,58.162095],[-5.297353,58.168402],[-5.304799,58.173326],[-5.313059,58.177314],[-5.321889,58.180243],[-5.331451,58.182034],[-5.329335,58.186713],[-5.326161,58.198432],[-5.323964,58.203111],[-5.336822,58.203192],[-5.346791,58.206855],[-5.392893,58.244696],[-5.392079,58.261379],[-5.375885,58.264228],[-5.352895,58.258938],[-5.31078,58.243394],[-5.293853,58.240912],[-5.276967,58.243394],[-5.237294,58.257636],[-5.216054,58.26142],[-5.194325,58.259996],[-5.173207,58.250922],[-5.165639,58.258246],[-5.152252,58.264838],[-5.138336,58.269599],[-5.129384,58.271389],[-5.111562,58.268256],[-5.081288,58.254096],[-5.067698,58.250922],[-5.01773,58.253241],[-5.002431,58.250922],[-4.933583,58.223049],[-4.94343,58.233588],[-4.954823,58.239814],[-4.982004,58.250922],[-4.968861,58.256781],[-4.940338,58.259467],[-4.926747,58.264594],[-4.990224,58.27143],[-5.009918,58.271389],[-5.018056,58.268622],[-5.029368,58.259711],[-5.040028,58.257758],[-5.05012,58.259914],[-5.070709,58.269232],[-5.081654,58.271389],[-5.096425,58.27676],[-5.125966,58.300198],[-5.13622,58.305569],[-5.137441,58.309272],[-5.156361,58.324612],[-5.160146,58.326606],[-5.167795,58.33926],[-5.17101,58.346666],[-5.173207,58.353949],[-5.15331,58.353949],[-5.163401,58.364569],[-5.162913,58.374498],[-5.155914,58.384467],[-5.146474,58.394965],[-5.145497,58.400051],[-5.146718,58.406643],[-5.14684,58.412421],[-5.143056,58.414781],[-5.135487,58.413764],[-5.122222,58.409573],[-5.116038,58.408596],[-5.057973,58.387274],[-5.016184,58.388129],[-5.043935,58.400092],[-5.053375,58.406643],[-5.050282,58.414781],[-5.057037,58.422187],[-5.066151,58.417141],[-5.076161,58.414496],[-5.086822,58.413886],[-5.098053,58.414781],[-5.098053,58.422187],[-5.088124,58.421942],[-5.085032,58.422187],[-5.085032,58.429023],[-5.091786,58.429755],[-5.096018,58.431464],[-5.10554,58.43651],[-5.05012,58.453803],[-5.025543,58.447699],[-4.995595,58.43651],[-5.10554,58.487372],[-5.105621,58.505561],[-5.103668,58.514228],[-5.095855,58.518866],[-5.042795,58.535468],[-5.027984,58.544094],[-5.016184,58.559394],[-5.022939,58.559394],[-5.015207,58.580064],[-5.011586,58.600572],[-5.004954,58.617743],[-4.988189,58.628323],[-4.859486,58.613227],[-4.835927,58.605048],[-4.818105,58.592922],[-4.817942,58.587592],[-4.812815,58.571967],[-4.806752,58.558417],[-4.803822,58.559394],[-4.804596,58.548326],[-4.80724,58.539618],[-4.811635,58.53205],[-4.818105,58.524644],[-4.799794,58.532457],[-4.791819,58.541653],[-4.789906,58.551744],[-4.790151,58.562486],[-4.785756,58.577053],[-4.777089,58.583319],[-4.771596,58.590399],[-4.776519,58.607164],[-4.75886,58.599107],[-4.728017,58.57746],[-4.711334,58.573065],[-4.683258,58.56151],[-4.6704,58.559394],[-4.660024,58.555854],[-4.659291,58.547553],[-4.663238,58.538398],[-4.667307,58.53205],[-4.679026,58.523912],[-4.714467,58.505601],[-4.732411,58.480455],[-4.751536,58.461615],[-4.760976,58.447984],[-4.742421,58.44953],[-4.682973,58.484565],[-4.673451,58.487372],[-4.66686,58.502916],[-4.650502,58.509955],[-4.630442,58.51496],[-4.612131,58.524644],[-4.601064,58.541938],[-4.595123,58.560004],[-4.58495,58.574164],[-4.560536,58.579901],[-4.517486,58.575507],[-4.475494,58.565619],[-4.426503,58.546373],[-4.426503,58.538886],[-4.427887,58.535305],[-4.4287,58.534735],[-4.426503,58.524644],[-4.449941,58.510199],[-4.464752,58.492011],[-4.477651,58.47134],[-4.495351,58.44953],[-4.478098,58.453559],[-4.461171,58.46247],[-4.433909,58.483629],[-4.432729,58.487616],[-4.43399,58.492377],[-4.434234,58.496283],[-4.430165,58.497992],[-4.425933,58.499091],[-4.385365,58.522406],[-4.382395,58.524644],[-4.343861,58.538886],[-4.317006,58.545722],[-4.306996,58.546373],[-4.28718,58.542914],[-4.257314,58.527981],[-4.234731,58.524644],[-4.248931,58.53205],[-4.238189,58.536444],[-4.232249,58.542426],[-4.227691,58.548163],[-4.221018,58.551947],[-4.209706,58.552924],[-4.190785,58.547838],[-4.176991,58.546373],[-4.168202,58.549384],[-4.160553,58.562567],[-4.149322,58.565619],[-4.111195,58.565619],[-4.09024,58.562079],[-4.081451,58.561835],[-4.070221,58.565619],[-4.061513,58.572821],[-4.048818,58.589586],[-4.039784,58.592922],[-4.030629,58.594062],[-4.029042,58.59516],[-4.027821,58.592719],[-4.009267,58.57331],[-4.003774,58.570624],[-3.981435,58.573065],[-3.895741,58.565619],[-3.810129,58.573065],[-3.766957,58.583726],[-3.698354,58.611151],[-3.659901,58.620836],[-3.597564,58.627143],[-3.5655,58.626614],[-3.542592,58.620836],[-3.55248,58.615465],[-3.556264,58.614],[-3.532053,58.602118],[-3.504018,58.603339],[-3.447011,58.614],[-3.391469,58.600653],[-3.364084,58.600816],[-3.350819,58.620836],[-3.367747,58.624701],[-3.386057,58.631741],[-3.402252,58.642035],[-3.412913,58.655585],[-3.390045,58.67178],[-3.374867,58.677069],[-3.358266,58.675482],[-3.35436,58.670152],[-3.351796,58.660834],[-3.34789,58.652045],[-3.340566,58.648139],[-3.309885,58.648139],[-3.244252,58.659003],[-3.204091,58.661119],[-3.151926,58.641262],[-3.118764,58.641099],[-3.052887,58.648139],[-3.019114,58.640326],[-3.02538,58.622138],[-3.044423,58.60163],[-3.049184,58.586737],[-3.060455,58.578437],[-3.075429,58.56037],[-3.084543,58.551947],[-3.110748,58.538642],[-3.118031,58.53205],[-3.129262,58.512641],[-3.129303,58.496405],[-3.118723,58.484442],[-3.097524,58.477484],[-3.085072,58.478258],[-3.073964,58.481676],[-3.064443,58.482978],[-3.05663,58.477484],[-3.053334,58.465766],[-3.057729,58.456855],[-3.066762,58.451158],[-3.077056,58.44953],[-3.086334,58.414211],[-3.129791,58.369289],[-3.182769,58.328437],[-3.22053,58.305569],[-3.262278,58.292629],[-3.349843,58.276109],[-3.384999,58.264594],[-3.4381,58.236029],[-3.447011,58.226752],[-3.454742,58.21015],[-3.473459,58.193427],[-3.515289,58.168402],[-3.735015,58.07217],[-3.809193,58.051907],[-3.827504,58.04206],[-3.836252,58.03144],[-3.846099,58.011176],[-3.851715,58.003892],[-3.860585,57.998928],[-3.88561,57.9914],[-3.917307,57.987454],[-3.981435,57.963568],[-3.990956,57.960395],[-3.99767,57.954413],[-4.001373,57.946112],[-4.001943,57.935614],[-4.0183,57.940619],[-4.023061,57.943061],[-4.016184,57.949286],[-4.030141,57.953192],[-4.055776,57.954983],[-4.084381,57.964179],[-4.089101,57.96015],[-4.086334,57.95189],[-4.077626,57.943061],[-4.062652,57.936957],[-4.031484,57.936184],[-4.016184,57.932196],[-4.009429,57.92768],[-3.988271,57.908271],[-4.008941,57.889594],[-4.013824,57.87934],[-4.009348,57.867906],[-4.025136,57.868069],[-4.05484,57.874335],[-4.070221,57.874172],[-4.079335,57.870266],[-4.096913,57.857367],[-4.10497,57.853705],[-4.132924,57.854153],[-4.190419,57.870063],[-4.21817,57.874172],[-4.298899,57.862779],[-4.320953,57.871039],[-4.353179,57.895209],[-4.372304,57.904486],[-4.392405,57.908271],[-4.339589,57.865709],[-4.307729,57.851467],[-4.269399,57.846869],[-4.229075,57.857245],[-4.208241,57.859198],[-4.190582,57.850287],[-4.173451,57.839016],[-4.149729,57.82982],[-4.133453,57.830146],[-4.139068,57.846869],[-4.075063,57.823188],[-4.039906,57.818183],[-3.98351,57.842353],[-3.951487,57.838324],[-3.933705,57.82567],[-3.947336,57.81269],[-3.914784,57.807685],[-3.877675,57.816718],[-3.841868,57.834906],[-3.813547,57.857123],[-3.798451,57.866523],[-3.786041,57.865424],[-3.779449,57.855658],[-3.782216,57.839423],[-3.790028,57.830715],[-3.926015,57.734809],[-3.948842,57.724921],[-3.975209,57.703274],[-3.988271,57.69599],[-4.008046,57.693793],[-4.023671,57.697821],[-4.028635,57.707709],[-4.016184,57.723334],[-4.042958,57.737291],[-4.077952,57.730292],[-4.155344,57.692572],[-4.168568,57.689439],[-4.194,57.688544],[-4.259267,57.678697],[-4.277821,57.680609],[-4.294789,57.680162],[-4.302154,57.668606],[-4.308827,57.654853],[-4.324045,57.648261],[-4.338206,57.645087],[-4.403188,57.609524],[-4.41218,57.602973],[-4.420318,57.592963],[-4.428456,57.577541],[-4.423451,57.576809],[-4.409901,57.582465],[-4.379872,57.589342],[-4.365102,57.597235],[-4.351064,57.607367],[-4.34081,57.617174],[-4.328725,57.626288],[-4.283111,57.641425],[-4.244537,57.663031],[-4.201894,57.674994],[-4.193756,57.675523],[-4.18224,57.672797],[-4.169016,57.663764],[-4.118723,57.657701],[-4.096791,57.658108],[-4.080719,57.664984],[-4.068105,57.672309],[-4.024648,57.687201],[-4.009348,57.688544],[-4.004506,57.675971],[-4.025258,57.655219],[-4.054189,57.635728],[-4.083404,57.623358],[-4.11856,57.592963],[-4.115468,57.587836],[-4.112294,57.584133],[-4.108876,57.581448],[-4.10497,57.579291],[-4.151357,57.57685],[-4.170644,57.570746],[-4.187489,57.558824],[-4.17809,57.549547],[-4.184926,57.548163],[-4.207997,57.552069],[-4.262603,57.552069],[-4.262603,57.544582],[-4.233957,57.545111],[-4.220286,57.543402],[-4.207997,57.538398],[-4.226308,57.515448],[-4.237457,57.505316],[-4.248931,57.497463],[-4.212799,57.492174],[-4.194814,57.491604],[-4.173899,57.497463],[-4.157623,57.50849],[-4.150054,57.515041],[-4.149322,57.51789],[-4.12678,57.518866],[-4.1162,57.521796],[-4.097524,57.536689],[-4.082997,57.54442],[-4.067291,57.549954],[-4.053131,57.552069],[-4.034983,57.556871],[-4.046457,57.567857],[-4.083852,57.586127],[-4.05602,57.58515],[-3.964345,57.592963],[-3.868276,57.587877],[-3.837473,57.592963],[-3.684804,57.654446],[-3.625152,57.661933],[-3.632558,57.650946],[-3.637685,57.646226],[-3.645619,57.641425],[-3.632476,57.635647],[-3.619618,57.636217],[-3.606068,57.639472],[-3.590972,57.641425],[-3.611562,57.668118],[-3.574778,57.661119],[-3.554921,57.659857],[-3.535756,57.661933],[-3.521474,57.667792],[-3.505442,57.678656],[-3.495961,57.691352],[-3.501698,57.702826],[-3.491851,57.713121],[-3.482818,57.714016],[-3.473053,57.711005],[-3.460683,57.709662],[-3.447865,57.71247],[-3.421254,57.721381],[-3.409169,57.723334],[-3.284739,57.720445],[-3.210072,57.693996],[-3.078684,57.66942],[-3.034901,57.668606],[-2.994496,57.675523],[-2.932688,57.699612],[-2.916086,57.702826],[-2.758046,57.702826],[-2.75121,57.700629],[-2.741119,57.690863],[-2.731068,57.688544],[-2.719879,57.690619],[-2.711537,57.693996],[-2.703521,57.694729],[-2.692942,57.688544],[-2.658925,57.697455],[-2.573394,57.681464],[-2.541982,57.682359],[-2.526112,57.668606],[-2.518137,57.670111],[-2.511057,57.677802],[-2.497955,57.682359],[-2.480051,57.68122],[-2.432851,57.668118],[-2.425526,57.675727],[-2.417795,57.674262],[-2.408762,57.669623],[-2.398061,57.668118],[-2.386586,57.671576],[-2.369496,57.680569],[-2.360504,57.682359],[-2.341054,57.675849],[-2.328969,57.674058],[-2.323598,57.678941],[-2.320546,57.684556],[-2.313385,57.689927],[-2.304067,57.693996],[-2.295644,57.69599],[-2.274322,57.693834],[-2.230133,57.679145],[-2.20995,57.675523],[-2.184071,57.678453],[-2.124338,57.702826],[-2.108144,57.704983],[-1.99767,57.702826],[-1.996938,57.699042],[-1.990834,57.690375],[-1.982167,57.681098],[-1.9735,57.675523],[-1.961293,57.674709],[-1.944732,57.682563],[-1.932485,57.682359],[-1.925689,57.678168],[-1.914215,57.66474],[-1.829457,57.613471],[-1.820465,57.59634],[-1.817006,57.578192],[-1.811391,57.560492],[-1.79601,57.544582],[-1.79601,57.538398],[-1.800038,57.525865],[-1.78954,57.514838],[-1.761138,57.497463],[-1.77538,57.496527],[-1.782135,57.489],[-1.781239,57.480414],[-1.771718,57.476264],[-1.759348,57.473578],[-1.76594,57.467434],[-1.789174,57.456448],[-1.830149,57.426174],[-1.847483,57.408149],[-1.849965,57.394355],[-1.954498,57.341132],[-1.980295,57.319281],[-2.044667,57.226508],[-2.068512,57.174628],[-2.074127,57.154202],[-2.071401,57.135565],[-2.052358,57.127427],[-2.049306,57.118842],[-2.065256,57.100531],[-2.065826,57.09984],[-2.156158,57.020697],[-2.18692,56.984687],[-2.200103,56.948717],[-2.197133,56.940253],[-2.191233,56.934149],[-2.186269,56.926744],[-2.186391,56.914537],[-2.191314,56.908922],[-2.209706,56.895819],[-2.213694,56.890692],[-2.219879,56.872626],[-2.234609,56.861396],[-2.268951,56.84634],[-2.295806,56.825263],[-2.319814,56.801581],[-2.33609,56.790839],[-2.391835,56.771186],[-2.408681,56.762926],[-2.426422,56.751288],[-2.435943,56.740383],[-2.440745,56.734849],[-2.45165,56.690985],[-2.463735,56.678778],[-2.477406,56.668687],[-2.487457,56.653876],[-2.487538,56.646064],[-2.481272,56.632392],[-2.480621,56.626532],[-2.486195,56.619574],[-2.504058,56.608832],[-2.514556,56.591498],[-2.530019,56.580756],[-2.623769,56.543402],[-2.64094,56.522366],[-2.661366,56.514228],[-2.699778,56.503648],[-2.70873,56.495998],[-2.727651,56.46955],[-2.737294,56.467027],[-2.744374,56.46955],[-2.752309,56.473619],[-2.764801,56.475735],[-2.819325,56.4713],[-3.055653,56.452135],[-3.060618,56.451728],[-3.099273,56.441881],[-3.133901,56.426947],[-3.238189,56.367743],[-3.280181,56.357896],[-3.323476,56.365912],[-3.311513,56.356513],[-3.294016,56.352769],[-3.251536,56.352851],[-3.230621,56.356024],[-3.188385,56.370185],[-3.149566,56.375556],[-2.950266,56.431871],[-2.939931,56.438544],[-2.930653,56.448065],[-2.909088,56.455715],[-2.884999,56.457994],[-2.867909,56.45185],[-2.850087,56.442043],[-2.814768,56.440416],[-2.802805,56.427965],[-2.800893,56.408922],[-2.808258,56.391059],[-2.821604,56.376166],[-2.837554,56.365912],[-2.812978,56.365912],[-2.809193,56.36286],[-2.804758,56.349107],[-2.802805,56.345404],[-2.791493,56.342475],[-2.782623,56.34162],[-2.775258,56.339423],[-2.768625,56.332343],[-2.677154,56.328437],[-2.655263,56.32217],[-2.621205,56.304429],[-2.613189,56.301907],[-2.576812,56.283922],[-2.576812,56.277777],[-2.630116,56.248521],[-2.648346,56.228705],[-2.672027,56.222398],[-2.720204,56.216295],[-2.783599,56.191962],[-2.806142,56.188381],[-2.830719,56.190741],[-2.892079,56.208889],[-2.940053,56.209418],[-2.964345,56.205634],[-2.97468,56.19831],[-2.982411,56.189114],[-3.035553,56.167914],[-3.091054,56.13227],[-3.107533,56.126899],[-3.127553,56.12287],[-3.138295,56.112209],[-3.152252,56.078518],[-3.163564,56.06387],[-3.178375,56.058092],[-3.248443,56.055976],[-3.268381,56.05093],[-3.303049,56.037543],[-3.342681,56.027167],[-3.381825,56.023383],[-3.420969,56.024888],[-3.58259,56.051744],[-3.671498,56.050849],[-3.710032,56.058092],[-3.745432,56.072211],[-3.74649,56.072781],[-3.782216,56.09219],[-3.803131,56.107123],[-3.817006,56.11225],[-3.837473,56.112616],[-3.837473,56.106431],[-3.777699,56.082831],[-3.769154,56.075141],[-3.760854,56.072455],[-3.72643,56.038031],[-3.721425,56.030707],[-3.712636,56.028998],[-3.693471,56.031155],[-3.686635,56.030707],[-3.679555,56.025458],[-3.674794,56.018704],[-3.668284,56.012763],[-3.656239,56.010199],[-3.599721,56.017239],[-3.577382,56.017035],[-3.405426,55.989732],[-3.358266,55.989732],[-3.340891,55.994452],[-3.331044,55.994086],[-3.320424,55.986029],[-3.303456,55.977607],[-3.121816,55.969306],[-3.114735,55.966132],[-3.096832,55.951972],[-3.090728,55.948188],[-3.078236,55.946845],[-3.015696,55.950507],[-2.939931,55.969306],[-2.916656,55.980618],[-2.900054,55.996161],[-2.882883,56.00849],[-2.857981,56.010199],[-2.863637,56.022284],[-2.866322,56.02676],[-2.870961,56.030707],[-2.852773,56.039781],[-2.82315,56.05976],[-2.802805,56.064846],[-2.635121,56.058051],[-2.615956,56.053168],[-2.587554,56.030951],[-2.569407,56.024482],[-2.578359,56.008002],[-2.583648,56.002753],[-2.569569,55.999945],[-2.544057,56.002672],[-2.528961,55.996568],[-2.52481,56.000556],[-2.514556,56.005764],[-2.507924,56.010199],[-2.493276,56.001532],[-2.452504,55.985256],[-2.414377,55.978339],[-2.350942,55.948188],[-2.307769,55.935004],[-2.14684,55.917304],[-2.13801,55.914618],[-2.132558,55.90644],[-2.131093,55.897203],[-2.128774,55.889797],[-2.120961,55.886705],[-2.099477,55.881781],[-2.08019,55.869371],[-2.022857,55.805487],[-2.009674,55.790839],[-1.877838,55.694892],[-1.863189,55.671617],[-1.853098,55.659329],[-1.831532,55.650702],[-1.82608,55.643622],[-1.821685,55.63642],[-1.816477,55.63288],[-1.807118,55.634508],[-1.800771,55.639228],[-1.796295,55.644232],[-1.792592,55.646552],[-1.781402,55.645657],[-1.768625,55.641913],[-1.7565,55.633612],[-1.74767,55.619208],[-1.767974,55.619208],[-1.767974,55.612982],[-1.755971,55.608873],[-1.720855,55.614569],[-1.699127,55.612982],[-1.630849,55.58511],[-1.630849,55.578274],[-1.636342,55.571682],[-1.634674,55.564399],[-1.627675,55.557115],[-1.617177,55.550279],[-1.630849,55.544135],[-1.630849,55.537299],[-1.622222,55.534084],[-1.602935,55.523627],[-1.602935,55.516791],[-1.611318,55.508043],[-1.606353,55.503241],[-1.596344,55.499905],[-1.589345,55.495673],[-1.58495,55.48371],[-1.58137,55.416653],[-1.583119,55.406928],[-1.588287,55.39057],[-1.589101,55.385199],[-1.589345,55.376532],[-1.583323,55.354722],[-1.558583,55.328925],[-1.555816,55.311347],[-1.557037,55.306627],[-1.55899,55.302069],[-1.56192,55.297797],[-1.565745,55.293647],[-1.570058,55.2862],[-1.568227,55.279608],[-1.56428,55.273261],[-1.562082,55.266669],[-1.556467,55.255032],[-1.543935,55.243883],[-1.520985,55.229397],[-1.529164,55.216254],[-1.524078,55.21011],[-1.514272,55.204779],[-1.507965,55.194648],[-1.510813,55.18476],[-1.517568,55.176215],[-1.522125,55.167467],[-1.517934,55.157131],[-1.500722,55.141791],[-1.495961,55.134589],[-1.492543,55.112982],[-1.483754,55.091702],[-1.480092,55.085395],[-1.476226,55.083645],[-1.463287,55.080308],[-1.459584,55.078599],[-1.458079,55.075751],[-1.454701,55.067572],[-1.438303,55.042304],[-1.429189,55.033271],[-1.424062,55.024359],[-1.419504,55.011705],[-1.412913,55.000312],[-1.401519,54.995429],[-1.398183,54.992621],[-1.370229,54.975531],[-1.36266,54.964789],[-1.361724,54.958686],[-1.363515,54.95425],[-1.364003,54.948188],[-1.362864,54.92593],[-1.360341,54.91706],[-1.353139,54.91352],[-1.355824,54.904283],[-1.296783,54.779934],[-1.275461,54.74844],[-1.240468,54.721666],[-1.225087,54.715033],[-1.172231,54.701239],[-1.172231,54.693793],[-1.192616,54.693793],[-1.192454,54.689276],[-1.190785,54.686184],[-1.18517,54.68008],[-1.182729,54.672065],[-1.178822,54.66474],[-1.172922,54.658352],[-1.164703,54.652777],[-1.172922,54.644192],[-1.182485,54.639228],[-1.206288,54.632961],[-1.203725,54.625718],[-1.198842,54.621568],[-1.191803,54.619778],[-1.182118,54.619289],[-1.179351,54.620917],[-1.178456,54.624213],[-1.176991,54.626776],[-1.172231,54.626125],[-1.169586,54.623603],[-1.165435,54.61872],[-1.162953,54.613959],[-1.164703,54.611802],[-1.152659,54.613186],[-1.146718,54.618476],[-1.138051,54.646552],[-1.120595,54.633002],[-1.103627,54.624661],[-1.084218,54.620429],[-1.042063,54.617092],[-0.993479,54.598131],[-0.787913,54.560777],[-0.562978,54.477362],[-0.534657,54.461005],[-0.522857,54.447089],[-0.521799,54.438056],[-0.52359,54.430243],[-0.520416,54.420071],[-0.509999,54.411566],[-0.476796,54.397203],[-0.462758,54.388983],[-0.447743,54.373196],[-0.430572,54.349311],[-0.418446,54.324042],[-0.41804,54.303941],[-0.41454,54.297309],[-0.409006,54.290758],[-0.401194,54.285631],[-0.390736,54.283515],[-0.394887,54.273139],[-0.397572,54.269192],[-0.389272,54.264065],[-0.370473,54.247707],[-0.362782,54.242499],[-0.322011,54.23607],[-0.31192,54.231635],[-0.30012,54.224677],[-0.277089,54.21776],[-0.269602,54.207668],[-0.262563,54.181098],[-0.260365,54.176988],[-0.233876,54.160468],[-0.11144,54.131578],[-0.07551,54.112128],[-0.16393,54.083401],[-0.194692,54.062323],[-0.219472,54.022773],[-0.197418,53.994818],[-0.168691,53.929348],[-0.151112,53.899319],[-0.045155,53.801215],[0.133474,53.642646],[0.149262,53.609605],[0.136892,53.577135],[0.131196,53.573432],[0.10963,53.562893],[0.131358,53.593695],[0.135997,53.610663],[0.120209,53.618109],[0.099457,53.622301],[0.056163,53.641262],[0.034516,53.646064],[0.014822,53.643256],[-0.023915,53.628852],[-0.045033,53.625556],[-0.069407,53.626939],[-0.092275,53.631049],[-0.11262,53.637519],[-0.130035,53.646064],[-0.225331,53.719916],[-0.260365,53.735419],[-0.295644,53.738796],[-0.305165,53.739691],[-0.431142,53.714301],[-0.449696,53.714301],[-0.510487,53.714301],[-0.544423,53.709459],[-0.551503,53.711168],[-0.576243,53.725653],[-0.579172,53.727973],[-0.637034,53.732001],[-0.658355,53.727973],[-0.726471,53.700629],[-0.717356,53.698676],[-0.708567,53.695746],[-0.700185,53.69184],[-0.692454,53.686998],[-0.67748,53.702826],[-0.64981,53.710598],[-0.619537,53.711859],[-0.596181,53.708075],[-0.555491,53.690497],[-0.544749,53.68358],[-0.529937,53.67768],[-0.514027,53.681301],[-0.486318,53.694485],[-0.30724,53.71426],[-0.279368,53.707099],[-0.260365,53.686998],[-0.188629,53.620429],[-0.144032,53.606635],[-0.113189,53.584621],[-0.095937,53.577135],[-0.060943,53.573961],[-0.04662,53.57038],[9.2e-05,53.535346],[0.095958,53.488349],[0.115082,53.483222],[0.134044,53.480618],[0.151866,53.475816],[0.167817,53.464504],[0.170909,53.457017],[0.173106,53.446763],[0.175792,53.43769],[0.181488,53.433743],[0.190603,53.431871],[0.219493,53.419501],[0.211925,53.412665],[0.22934,53.404771],[0.244884,53.390937],[0.256114,53.375067],[0.260427,53.361477],[0.342133,53.226304],[0.356212,53.188544],[0.356619,53.145738],[0.335785,53.093451],[0.329845,53.086493],[0.318696,53.083686],[0.298839,53.081204],[0.282481,53.074856],[0.193044,53.020087],[0.17449,53.015448],[0.160818,53.008979],[0.082123,52.938666],[0.061168,52.924994],[0.037608,52.919176],[0.022146,52.912584],[0.008556,52.898627],[0.010265,52.886461],[0.04066,52.885077],[0.09254,52.892524],[0.105642,52.88935],[0.133474,52.87519],[0.147146,52.872016],[0.170909,52.862128],[0.222423,52.813666],[0.246755,52.795722],[0.264496,52.803697],[0.285655,52.805569],[0.325531,52.803168],[0.341807,52.797431],[0.369884,52.773017],[0.384532,52.768378],[0.384532,52.775214],[0.379242,52.790839],[0.399425,52.809516],[0.425548,52.827379],[0.43865,52.840725],[0.444021,52.865058],[0.456716,52.891995],[0.472341,52.916449],[0.485688,52.933498],[0.520274,52.955268],[0.569591,52.969306],[0.623383,52.975653],[0.671886,52.974433],[0.664399,52.981879],[0.684744,52.986396],[0.706798,52.983222],[0.729177,52.977484],[0.750499,52.974433],[0.835704,52.974433],[0.875499,52.968166],[0.921072,52.954657],[0.968435,52.947496],[1.013927,52.96015],[1.003429,52.964748],[0.991547,52.967475],[0.979015,52.968411],[0.966075,52.967597],[0.966075,52.974433],[1.274669,52.929185],[1.396007,52.891425],[1.644216,52.775824],[1.67335,52.755683],[1.697032,52.731024],[1.715831,52.683743],[1.734141,52.654608],[1.747244,52.62519],[1.740733,52.603909],[1.746837,52.588528],[1.748709,52.568793],[1.747569,52.532782],[1.771169,52.485907],[1.7671,52.476955],[1.754405,52.467353],[1.729259,52.415595],[1.730154,52.405911],[1.727875,52.396308],[1.683604,52.32453],[1.651866,52.28913],[1.641124,52.281806],[1.630544,52.270453],[1.628266,52.244818],[1.63087,52.199774],[1.625499,52.180365],[1.607432,52.145941],[1.603526,52.127834],[1.589203,52.100816],[1.587576,52.086982],[1.582286,52.081488],[1.503673,52.060981],[1.486827,52.049018],[1.472016,52.05622],[1.466807,52.048],[1.463878,52.035142],[1.455821,52.02851],[1.448985,52.02497],[1.424815,52.001858],[1.354828,51.954047],[1.343516,51.942857],[1.332286,51.94009],[1.264415,51.994371],[1.234874,52.000312],[1.185232,52.025092],[1.157888,52.02851],[1.157888,52.021674],[1.193533,52.0008],[1.214366,51.991441],[1.260265,51.984809],[1.270763,51.981513],[1.275157,51.976996],[1.274425,51.960883],[1.271007,51.956448],[1.250743,51.959621],[1.238943,51.958645],[1.217621,51.954332],[1.20574,51.953437],[1.193207,51.955512],[1.165294,51.967027],[1.143077,51.966051],[1.094493,51.955959],[1.069102,51.953437],[1.09547,51.945746],[1.262055,51.939154],[1.281993,51.946601],[1.278494,51.927924],[1.199555,51.877672],[1.21225,51.871649],[1.227875,51.867377],[1.264415,51.864],[1.27475,51.870307],[1.282237,51.880561],[1.286632,51.881659],[1.288259,51.860582],[1.276378,51.844794],[1.219249,51.811835],[1.167817,51.790229],[1.135427,51.781724],[1.06544,51.775295],[1.046641,51.777045],[1.037283,51.782172],[1.021332,51.802558],[0.98878,51.830268],[0.979828,51.843573],[0.977061,51.824612],[0.962087,51.813788],[0.925141,51.802558],[0.894298,51.784613],[0.886974,51.782131],[0.886404,51.776679],[0.883474,51.764716],[0.878917,51.752753],[0.873709,51.747301],[0.86199,51.745551],[0.845958,51.736762],[0.835704,51.73371],[0.823497,51.733832],[0.801443,51.739691],[0.791759,51.741156],[0.7671,51.739447],[0.720876,51.728176],[0.698578,51.720038],[0.714203,51.715277],[0.732432,51.713772],[0.749278,51.708482],[0.760753,51.692694],[0.789073,51.71015],[0.853038,51.718899],[0.883556,51.726874],[0.912364,51.741523],[0.930024,51.743598],[0.945567,51.73371],[0.947439,51.725246],[0.944591,51.715481],[0.94044,51.707994],[0.938162,51.706366],[0.940196,51.698432],[0.944021,51.690579],[0.951834,51.678412],[0.941742,51.673041],[0.937999,51.664496],[0.938162,51.641262],[0.934744,51.635891],[0.926768,51.630927],[0.911469,51.623847],[0.938487,51.624986],[0.94809,51.621527],[0.951834,51.617011],[0.92449,51.588324],[0.873302,51.559475],[0.828298,51.541856],[0.816254,51.537177],[0.771251,51.528266],[0.692068,51.536322],[0.664399,51.535061],[0.663748,51.535549],[0.650564,51.535793],[0.646658,51.535346],[0.644054,51.535061],[0.642751,51.533515],[0.623383,51.52204],[0.608653,51.518988],[0.595225,51.518622],[0.582286,51.516547],[0.568858,51.508368],[0.552745,51.517971],[0.547211,51.517727],[0.525401,51.516913],[0.456065,51.505561],[0.450857,51.498277],[0.448009,51.488227],[0.441661,51.477037],[0.428477,51.467108],[0.414073,51.4619],[0.399181,51.458401],[0.384532,51.453111],[0.448416,51.459947],[0.456798,51.463121],[0.461436,51.47016],[0.464854,51.47724],[0.469574,51.480414],[0.534841,51.491685],[0.694835,51.477037],[0.709483,51.470526],[0.721934,51.456285],[0.723155,51.446723],[0.713145,51.44123],[0.692393,51.439521],[0.656505,51.444525],[0.640961,51.444159],[0.609386,51.425116],[0.572765,51.419582],[0.554535,51.412177],[0.562266,51.406562],[0.569102,51.399604],[0.576508,51.393622],[0.585948,51.391059],[0.671886,51.391059],[0.712901,51.384223],[0.704926,51.395982],[0.700369,51.409817],[0.705333,51.419501],[0.72641,51.419013],[0.728363,51.406236],[0.739268,51.387926],[0.753429,51.371527],[0.764415,51.364407],[0.977224,51.349189],[1.100922,51.373236],[1.423839,51.392076],[1.448253,51.38288],[1.439138,51.350084],[1.435557,51.343736],[1.430837,51.337795],[1.425141,51.332953],[1.41863,51.329657],[1.382986,51.329779],[1.377615,51.326239],[1.380626,51.304755],[1.387869,51.287909],[1.404307,51.261379],[1.413097,51.221747],[1.404796,51.183539],[1.384451,51.151679],[1.357188,51.131008],[1.290375,51.116523],[1.26295,51.103258],[1.251638,51.102525],[1.229991,51.103705],[1.21811,51.100979],[1.208263,51.094672],[1.199718,51.087592],[1.192068,51.082587],[1.172211,51.077379],[1.1067,51.076361],[1.087169,51.072984],[1.066905,51.064399],[1.027599,51.041653],[0.97641,50.994452],[0.966482,50.982733],[0.969086,50.956855],[0.979828,50.918158],[0.94516,50.909369],[0.869802,50.925116],[0.802257,50.939195],[0.762462,50.930894],[0.664399,50.870307],[0.624197,50.85871],[0.407481,50.829332],[0.370291,50.818793],[0.365245,50.818996],[0.354259,50.809638],[0.344412,50.799058],[0.342296,50.795152],[0.308116,50.780951],[0.271007,50.747382],[0.233897,50.747016],[0.214122,50.748928],[0.168305,50.759833],[0.1574,50.761054],[0.122081,50.76081],[0.113048,50.764146],[0.095551,50.775051],[0.077037,50.778998],[0.034516,50.780951],[0.017548,50.784857],[-0.173166,50.829006],[-0.206125,50.831041],[-0.208892,50.830105],[-0.233144,50.821926],[-0.269683,50.831285],[-0.397572,50.802069],[-0.568959,50.802069],[-0.732737,50.767279],[-0.741567,50.769232],[-0.749867,50.773871],[-0.758209,50.777086],[-0.767568,50.774726],[-0.773101,50.766018],[-0.766265,50.747138],[-0.770985,50.736884],[-0.789947,50.730048],[-0.812815,50.734768],[-0.904124,50.771877],[-0.911488,50.777818],[-0.905873,50.788031],[-0.892486,50.794623],[-0.863637,50.802069],[-0.863637,50.808254],[-0.873606,50.812934],[-0.893137,50.825344],[-0.904693,50.829332],[-0.909535,50.825995],[-0.921702,50.821601],[-0.928944,50.822821],[-0.919016,50.836168],[-0.929799,50.839993],[-0.939198,50.843248],[-0.970774,50.846991],[-0.994862,50.847073],[-1.001861,50.847113],[-1.020741,50.843655],[-1.033559,50.825914],[-1.042633,50.801907],[-1.056223,50.783026],[-1.082753,50.780951],[-1.103017,50.795478],[-1.093617,50.812934],[-1.075307,50.830024],[-1.069163,50.843655],[-1.08731,50.849799],[-1.088124,50.849758],[-1.14981,50.846666],[-1.164703,50.843655],[-1.129709,50.8251],[-1.123769,50.818793],[-1.121205,50.799384],[-1.124908,50.788723],[-1.138051,50.780951],[-1.151112,50.781399],[-1.169342,50.785875],[-1.185618,50.792426],[-1.192616,50.798651],[-1.19929,50.807929],[-1.231516,50.818915],[-1.255198,50.831936],[-1.288157,50.839179],[-1.301422,50.843655],[-1.318593,50.85692],[-1.338938,50.872707],[-1.44929,50.912055],[-1.46642,50.918158],[-1.46642,50.911933],[-1.456451,50.908759],[-1.437978,50.901313],[-1.425608,50.900092],[-1.401112,50.881171],[-1.323069,50.825751],[-1.31428,50.812161],[-1.317291,50.800238],[-1.339833,50.795152],[-1.403961,50.791571],[-1.418691,50.788398],[-1.411366,50.784898],[-1.404937,50.780951],[-1.404937,50.774726],[-1.45051,50.769355],[-1.476226,50.763414],[-1.487538,50.757717],[-1.491933,50.75727],[-1.524729,50.761054],[-1.5572,50.723293],[-1.559397,50.719224],[-1.561187,50.71898],[-1.580719,50.722642],[-1.602122,50.731757],[-1.670644,50.740058],[-1.672922,50.740058],[-1.693023,50.739936],[-1.715077,50.735785],[-1.753529,50.722846],[-1.771718,50.72012],[-1.797434,50.723171],[-1.835072,50.727688],[-1.857411,50.726955],[-1.877349,50.722846],[-1.896352,50.716295],[-1.896881,50.716051],[-1.913889,50.707424],[-1.929107,50.695868],[-1.940012,50.690823],[-1.944325,50.697659],[-1.946116,50.707913],[-1.94929,50.713324],[-1.987701,50.72012],[-2.013905,50.71894],[-2.021962,50.72012],[-2.025461,50.723863],[-2.026194,50.725084],[-2.033844,50.737128],[-2.038971,50.739936],[-2.048085,50.734809],[-2.082672,50.698961],[-2.069569,50.7001],[-2.057729,50.702826],[-2.04662,50.707261],[-2.035634,50.713324],[-2.01415,50.688788],[-2.002512,50.681301],[-1.98412,50.678534],[-1.967437,50.678656],[-1.952789,50.676581],[-1.945872,50.66885],[-1.952952,50.651842],[-1.938222,50.645819],[-1.932485,50.644436],[-1.967275,50.617092],[-1.965199,50.6022],[-1.983713,50.596625],[-2.065175,50.595526],[-2.082183,50.597846],[-2.157338,50.62051],[-2.342641,50.633775],[-2.377065,50.647528],[-2.398346,50.645575],[-2.435902,50.637519],[-2.447621,50.627875],[-2.460072,50.606513],[-2.465647,50.58515],[-2.456451,50.575507],[-2.431223,50.570258],[-2.4287,50.557563],[-2.43928,50.541815],[-2.453359,50.527655],[-2.459543,50.527655],[-2.460357,50.565497],[-2.48351,50.590399],[-2.692942,50.692816],[-2.864817,50.733791],[-2.887318,50.734361],[-2.945546,50.725816],[-2.962758,50.723293],[-2.998199,50.708238],[-3.02184,50.706488],[-3.059722,50.713324],[-3.07136,50.711005],[-3.094146,50.698961],[-3.099233,50.697089],[-3.115834,50.687974],[-3.125478,50.685289],[-3.135894,50.68594],[-3.155141,50.691352],[-3.166493,50.692816],[-3.185618,50.690741],[-3.219146,50.680813],[-3.259836,50.674547],[-3.271392,50.664496],[-3.280426,50.65119],[-3.295562,50.637519],[-3.368153,50.617092],[-3.390736,50.617825],[-3.407541,50.621283],[-3.420969,50.629462],[-3.433339,50.644436],[-3.44636,50.66828],[-3.450429,50.672309],[-3.453277,50.673285],[-3.455434,50.675442],[-3.458608,50.677558],[-3.464426,50.678534],[-3.467763,50.676418],[-3.468902,50.671698],[-3.467844,50.666978],[-3.455312,50.657904],[-3.442047,50.623521],[-3.433339,50.610256],[-3.451161,50.599433],[-3.467275,50.585598],[-3.48176,50.568549],[-3.494862,50.548163],[-3.505971,50.520819],[-3.505035,50.501207],[-3.487457,50.459418],[-3.509755,50.458482],[-3.532135,50.454779],[-3.549428,50.446519],[-3.556264,50.432115],[-3.549306,50.415595],[-3.531972,50.410224],[-3.487457,50.411566],[-3.487457,50.404771],[-3.497467,50.387356],[-3.49828,50.383694],[-3.507314,50.382799],[-3.514963,50.37995],[-3.520131,50.374823],[-3.526926,50.349799],[-3.538889,50.344428],[-3.554514,50.347642],[-3.570546,50.356391],[-3.577789,50.334052],[-3.59911,50.325832],[-3.621571,50.321926],[-3.631988,50.312323],[-3.637359,50.295396],[-3.647572,50.274563],[-3.65331,50.251044],[-3.645619,50.22602],[-3.660634,50.221015],[-3.700917,50.213528],[-3.718007,50.212388],[-3.740387,50.215888],[-3.758616,50.221747],[-3.774241,50.222968],[-3.788971,50.212388],[-3.826324,50.234198],[-3.884185,50.280463],[-3.949941,50.318996],[-3.961008,50.322252],[-3.970204,50.320746],[-3.995758,50.311428],[-4.005605,50.309231],[-4.011342,50.306952],[-4.02477,50.297187],[-4.032948,50.294908],[-4.044057,50.296454],[-4.054351,50.30036],[-4.070221,50.309231],[-4.067942,50.312812],[-4.064036,50.322252],[-4.086008,50.326239],[-4.108266,50.336615],[-4.118723,50.351874],[-4.10497,50.370673],[-4.141754,50.369045],[-4.15274,50.370673],[-4.165517,50.37637],[-4.171457,50.382799],[-4.175771,50.390855],[-4.183827,50.401068],[-4.191477,50.417629],[-4.183909,50.431708],[-4.170318,50.445136],[-4.159535,50.459418],[-4.179433,50.45307],[-4.189565,50.453681],[-4.200551,50.459418],[-4.203684,50.451402],[-4.204742,50.448676],[-4.212392,50.441474],[-4.222524,50.437974],[-4.234731,50.4383],[-4.234731,50.432115],[-4.220204,50.425849],[-4.216135,50.415717],[-4.219716,50.405097],[-4.228505,50.397366],[-4.241444,50.39468],[-4.289906,50.397366],[-4.27302,50.381903],[-4.216176,50.387763],[-4.193756,50.376899],[-4.228505,50.370673],[-4.228505,50.363837],[-4.220123,50.365302],[-4.200551,50.363837],[-4.207997,50.356391],[-4.180043,50.356391],[-4.180043,50.350165],[-4.191314,50.347561],[-4.197987,50.342231],[-4.199127,50.335395],[-4.193756,50.328437],[-4.193756,50.322252],[-4.214996,50.323147],[-4.225697,50.335395],[-4.235097,50.349555],[-4.252349,50.356391],[-4.337717,50.370673],[-4.383697,50.367499],[-4.456207,50.338202],[-4.495351,50.328437],[-4.65982,50.322252],[-4.659576,50.320624],[-4.662709,50.317776],[-4.667795,50.315334],[-4.673451,50.315416],[-4.687164,50.342719],[-4.694325,50.343451],[-4.700185,50.340888],[-4.705556,50.337551],[-4.711334,50.335883],[-4.731557,50.334662],[-4.752105,50.330308],[-4.763295,50.322089],[-4.755442,50.309231],[-4.755442,50.301744],[-4.762359,50.298041],[-4.771637,50.291571],[-4.779856,50.284329],[-4.783355,50.277899],[-4.78189,50.271796],[-4.776519,50.265082],[-4.776519,50.26081],[-4.788442,50.242092],[-4.790151,50.236558],[-4.80016,50.22956],[-4.849721,50.234565],[-4.868723,50.229438],[-4.887318,50.214993],[-4.904775,50.208441],[-4.947255,50.199368],[-4.960683,50.190497],[-5.002431,50.14411],[-5.014556,50.156562],[-5.020375,50.191962],[-5.033193,50.199368],[-5.052968,50.195787],[-5.053619,50.186916],[-5.051869,50.175523],[-5.064565,50.164618],[-5.064565,50.158393],[-5.058502,50.155463],[-5.043446,50.14411],[-5.051869,50.144599],[-5.058461,50.142727],[-5.07079,50.137274],[-5.080312,50.132717],[-5.081614,50.125393],[-5.080963,50.117174],[-5.085032,50.109931],[-5.093902,50.105536],[-5.125966,50.09634],[-5.114654,50.096625],[-5.106068,50.09512],[-5.091868,50.089504],[-5.086903,50.089057],[-5.075347,50.090481],[-5.07079,50.089504],[-5.068471,50.08515],[-5.064931,50.071845],[-5.060862,50.069037],[-5.056508,50.060614],[-5.069488,50.042182],[-5.098053,50.01439],[-5.107289,50.013007],[-5.127431,50.015448],[-5.139638,50.01439],[-5.146474,50.010565],[-5.176137,49.987942],[-5.187734,49.964504],[-5.191151,49.959133],[-5.200103,49.961371],[-5.210357,49.966742],[-5.240387,49.988349],[-5.245229,49.993109],[-5.249501,50.000067],[-5.253041,50.012641],[-5.252268,50.020697],[-5.252675,50.027777],[-5.259755,50.037665],[-5.288401,50.067694],[-5.304351,50.080268],[-5.323964,50.089504],[-5.384185,50.107978],[-5.424713,50.112738],[-5.458119,50.125881],[-5.474843,50.130439],[-5.495676,50.129625],[-5.52184,50.123725],[-5.540924,50.113471],[-5.540639,50.099758],[-5.534657,50.082343],[-5.545562,50.068915],[-5.563466,50.059638],[-5.57844,50.054755],[-5.619456,50.04621],[-5.667388,50.042873],[-5.705149,50.052314],[-5.715647,50.082709],[-5.705963,50.083482],[-5.698801,50.085395],[-5.694488,50.089504],[-5.694407,50.095771],[-5.697092,50.100531],[-5.700307,50.103217],[-5.701975,50.103176],[-5.707387,50.122016],[-5.709218,50.132636],[-5.705393,50.137274],[-5.703521,50.140611],[-5.684641,50.161526],[-5.676747,50.165025],[-5.647369,50.172065],[-5.583608,50.195868],[-5.549428,50.203518],[-5.510976,50.219468],[-5.489125,50.219794],[-5.458119,50.200751],[-5.437978,50.194322],[-5.417388,50.20246],[-5.402943,50.217353],[-5.395863,50.22724],[-5.392893,50.236558],[-5.387563,50.240302],[-5.351918,50.240302],[-5.314849,50.253607],[-5.200307,50.330756],[-5.163564,50.347235],[-5.149892,50.350165],[-5.146474,50.355292],[-5.14566,50.366889],[-5.147043,50.379381],[-5.153676,50.399482],[-5.142405,50.404486],[-5.127268,50.405219],[-5.11974,50.404771],[-5.050282,50.428697],[-5.048166,50.434394],[-5.038726,50.447903],[-5.029775,50.486762],[-5.028635,50.507025],[-5.025258,50.524237],[-5.015614,50.538031],[-4.995595,50.548163],[-4.975168,50.548163],[-4.967844,50.551581],[-4.954823,50.561225],[-4.947255,50.562445],[-4.941477,50.556952],[-4.937123,50.545315],[-4.934438,50.531643],[-4.933583,50.52025],[-4.926869,50.522895],[-4.924306,50.524482],[-4.920522,50.527655],[-4.902415,50.520575],[-4.860951,50.519192],[-4.844838,50.514065],[-4.855824,50.527411],[-4.87328,50.534084],[-4.906239,50.541978],[-4.921864,50.554877],[-4.920237,50.564154],[-4.915191,50.572496],[-4.920522,50.582953],[-4.920522,50.589179],[-4.89566,50.585924],[-4.821197,50.589179],[-4.79247,50.595201],[-4.776601,50.609849],[-4.765045,50.627997],[-4.749257,50.644436],[-4.755442,50.659369],[-4.751943,50.670071],[-4.741933,50.674872],[-4.728139,50.672309],[-4.657297,50.711127],[-4.645579,50.723538],[-4.637807,50.741156],[-4.619008,50.754788],[-4.57726,50.774726],[-4.55012,50.809556],[-4.554921,50.897773],[-4.543772,50.939195],[-4.536855,50.947577],[-4.522694,50.972724],[-4.526682,50.980373],[-4.530426,50.994696],[-4.531321,51.008694],[-4.526438,51.01496],[-4.437327,51.01496],[-4.426422,51.012681],[-4.405751,51.002875],[-4.395741,51.000678],[-4.337717,50.996649],[-4.317291,51.000678],[-4.302317,51.007514],[-4.234731,51.055325],[-4.229156,51.061103],[-4.22468,51.067084],[-4.218495,51.072455],[-4.207997,51.076361],[-4.214263,51.086005],[-4.226308,51.113227],[-4.228505,51.120429],[-4.231923,51.126695],[-4.249013,51.14289],[-4.255767,51.151516],[-4.22232,51.149726],[-4.214833,51.151516],[-4.208363,51.162299],[-4.209828,51.172838],[-4.217275,51.181383],[-4.228505,51.186225],[-4.228505,51.19245],[-4.152333,51.211615],[-3.969472,51.222398],[-3.931996,51.23135],[-3.913197,51.233385],[-3.840891,51.233385],[-3.818959,51.23607],[-3.787099,51.246772],[-3.769154,51.247707],[-3.63976,51.226386],[-3.559316,51.228095],[-3.434193,51.209784],[-3.404368,51.192043],[-3.384999,51.186225],[-3.270741,51.189399],[-3.198883,51.203559],[-3.16275,51.206732],[-3.09675,51.204535],[-3.057525,51.208157],[-3.029286,51.220404],[-3.02184,51.213568],[-3.035553,51.199286],[-3.02184,51.19245],[-3.004791,51.213121],[-3.001332,51.220404],[-2.999582,51.233222],[-3.001536,51.239691],[-3.004994,51.245063],[-3.008168,51.254543],[-3.007639,51.291978],[-3.01061,51.310981],[-3.02184,51.322821],[-3.002431,51.319078],[-2.992177,51.321926],[-2.992096,51.322048],[-2.988393,51.331122],[-2.987782,51.346666],[-2.979888,51.355862],[-2.965972,51.364936],[-2.959584,51.374254],[-2.97468,51.384223],[-2.952952,51.398505],[-2.92101,51.394436],[-2.884185,51.416978],[-2.816396,51.473619],[-2.798573,51.482611],[-2.780873,51.489081],[-2.76122,51.492865],[-2.73762,51.494086],[-2.71642,51.499579],[-2.696156,51.512641],[-2.607818,51.607367],[-2.599599,51.611396],[-2.589223,51.614244],[-2.580434,51.618638],[-2.576812,51.627509],[-2.574452,51.635728],[-2.568959,51.644965],[-2.562245,51.653388],[-2.556386,51.659247],[-2.499176,51.696763],[-2.464996,51.725898],[-2.447743,51.731879],[-2.404897,51.741156],[-2.388539,51.750434],[-2.380767,51.761908],[-2.383372,51.773261],[-2.398061,51.782131],[-2.402415,51.763577],[-2.4204,51.753119],[-2.44343,51.74844],[-2.463287,51.747301],[-2.482086,51.742865],[-2.495839,51.732001],[-2.507965,51.718573],[-2.522125,51.706366],[-2.581695,51.681708],[-2.591135,51.67536],[-2.600209,51.665595],[-2.665354,51.617255]]],[[[-1.082753,50.713324],[-1.062327,50.692816],[-1.062327,50.685289],[-1.066965,50.685248],[-1.069651,50.683498],[-1.071889,50.680976],[-1.075307,50.678534],[-1.112701,50.671454],[-1.128651,50.666449],[-1.156361,50.650784],[-1.162221,50.645982],[-1.164703,50.640937],[-1.164133,50.619371],[-1.165028,50.608222],[-1.168446,50.603461],[-1.279205,50.582506],[-1.315541,50.589179],[-1.445953,50.648139],[-1.452789,50.654283],[-1.485951,50.669338],[-1.497426,50.672309],[-1.535146,50.669379],[-1.551503,50.665107],[-1.569488,50.658026],[-1.545318,50.686103],[-1.50593,50.707709],[-1.418691,50.733791],[-1.420888,50.730455],[-1.423451,50.7237],[-1.425364,50.72012],[-1.400868,50.721991],[-1.377553,50.734198],[-1.343495,50.761054],[-1.318512,50.772162],[-1.295766,50.773179],[-1.144276,50.733791],[-1.119537,50.734198],[-1.10912,50.732856],[-1.097035,50.726955],[-1.096425,50.724433],[-1.097646,50.71601],[-1.097035,50.713324],[-1.094228,50.712633],[-1.085561,50.714016],[-1.082753,50.713324]]],[[[-0.959869,50.808254],[-0.959869,50.802069],[-0.954579,50.798814],[-0.945627,50.791815],[-0.938832,50.788398],[-0.938832,50.780951],[-1.020741,50.788398],[-1.020741,50.795152],[-0.998687,50.801011],[-0.972564,50.829779],[-0.959869,50.829332],[-0.950307,50.823798],[-0.947825,50.817816],[-0.951405,50.812445],[-0.959869,50.808254]]],[[[0.911469,51.412177],[0.932465,51.397691],[0.942149,51.383002],[0.936371,51.371039],[0.911469,51.364407],[0.79477,51.370551],[0.775076,51.375312],[0.757579,51.38642],[0.7435,51.400092],[0.733897,51.412177],[0.746837,51.439643],[0.753917,51.445705],[0.766938,51.447943],[0.890798,51.421047],[0.900564,51.417548],[0.911469,51.412177]]],[[[-4.57726,53.27204],[-4.572743,53.266506],[-4.563954,53.260443],[-4.558461,53.252753],[-4.563629,53.241929],[-4.571889,53.239488],[-4.581899,53.242011],[-4.602406,53.253079],[-4.622792,53.275946],[-4.632558,53.282945],[-4.641347,53.284369],[-4.6704,53.282945],[-4.676666,53.285102],[-4.693959,53.302802],[-4.693959,53.309638],[-4.667307,53.32392],[-4.65567,53.31977],[-4.644195,53.319525],[-4.626291,53.320868],[-4.618886,53.317084],[-4.603831,53.308173],[-4.590443,53.297553],[-4.580922,53.285468],[-4.57726,53.27204]]],[[[-4.098134,53.309638],[-4.068918,53.31037],[-4.055043,53.308539],[-4.042877,53.302802],[-4.063385,53.289293],[-4.098053,53.250149],[-4.121978,53.241929],[-4.146718,53.239081],[-4.171986,53.231391],[-4.195546,53.220282],[-4.214833,53.207221],[-4.218495,53.204047],[-4.220367,53.201483],[-4.221018,53.197455],[-4.221018,53.190131],[-4.222035,53.182115],[-4.225006,53.18122],[-4.22936,53.182196],[-4.264556,53.166938],[-4.280141,53.154975],[-4.343861,53.132066],[-4.35436,53.12995],[-4.366689,53.131415],[-4.392405,53.138332],[-4.39269,53.136054],[-4.398671,53.132758],[-4.406606,53.130601],[-4.412831,53.132066],[-4.414296,53.137844],[-4.413686,53.147121],[-4.411977,53.155585],[-4.409739,53.15941],[-4.401926,53.163723],[-4.39037,53.173082],[-4.385121,53.18244],[-4.395741,53.186713],[-4.410878,53.182196],[-4.432851,53.162909],[-4.447581,53.15941],[-4.448557,53.162543],[-4.481679,53.179877],[-4.484486,53.180609],[-4.492502,53.179348],[-4.495351,53.179877],[-4.496002,53.182563],[-4.4947,53.190863],[-4.495351,53.193549],[-4.495107,53.196479],[-4.496327,53.203803],[-4.499623,53.211249],[-4.519887,53.222846],[-4.55309,53.261949],[-4.571034,53.275458],[-4.571034,53.282945],[-4.565256,53.293036],[-4.563222,53.308254],[-4.563629,53.330064],[-4.558665,53.363349],[-4.560862,53.377834],[-4.571034,53.392768],[-4.553456,53.40058],[-4.425364,53.426703],[-4.412831,53.426947],[-4.343495,53.420071],[-4.324696,53.419501],[-4.286529,53.40644],[-4.276723,53.401028],[-4.271881,53.389065],[-4.269358,53.377102],[-4.266021,53.371649],[-4.266916,53.368964],[-4.254506,53.363227],[-4.240061,53.358344],[-4.234731,53.358059],[-4.233713,53.352973],[-4.234853,53.346137],[-4.235178,53.340074],[-4.231557,53.337592],[-4.230621,53.335273],[-4.214833,53.32392],[-4.20934,53.312405],[-4.207428,53.3039],[-4.203236,53.298489],[-4.190582,53.296576],[-4.177805,53.297553],[-4.154897,53.301825],[-4.142486,53.302802],[-4.136627,53.30508],[-4.127797,53.314846],[-4.121978,53.317084],[-4.115142,53.315904],[-4.102528,53.310777],[-4.098134,53.309638]]],[[[-6.236399,55.311347],[-6.184804,55.30683],[-6.174306,55.3039],[-6.171864,55.293199],[-6.17809,55.280585],[-6.187571,55.269355],[-6.194814,55.262926],[-6.193267,55.270982],[-6.19286,55.275784],[-6.191762,55.279364],[-6.187978,55.284003],[-6.21109,55.295315],[-6.235829,55.296698],[-6.26061,55.295071],[-6.283559,55.297065],[-6.272532,55.303046],[-6.261464,55.307522],[-6.249623,55.310289],[-6.236399,55.311347]]],[[[-5.07079,55.509345],[-5.093007,55.500434],[-5.091054,55.487291],[-5.0808,55.471666],[-5.078236,55.455308],[-5.09203,55.446112],[-5.117787,55.439765],[-5.163564,55.434882],[-5.217356,55.437974],[-5.263092,55.447211],[-5.304677,55.462144],[-5.345693,55.482652],[-5.345693,55.489447],[-5.346181,55.496039],[-5.355336,55.522895],[-5.359364,55.530463],[-5.359364,55.537299],[-5.354237,55.539781],[-5.352284,55.542304],[-5.350413,55.545478],[-5.345693,55.550279],[-5.370432,55.570258],[-5.389068,55.590237],[-5.397857,55.614203],[-5.392893,55.646552],[-5.379384,55.668118],[-5.355214,55.689602],[-5.32433,55.705024],[-5.290517,55.708564],[-5.292592,55.711982],[-5.295155,55.719428],[-5.297353,55.722846],[-5.271352,55.723822],[-5.263173,55.722846],[-5.198313,55.704332],[-5.180653,55.694892],[-5.159983,55.676215],[-5.145985,55.654975],[-5.125966,55.605536],[-5.137441,55.592027],[-5.094228,55.566555],[-5.091868,55.544135],[-5.101674,55.540717],[-5.116038,55.540432],[-5.125234,55.536933],[-5.11974,55.523627],[-5.111562,55.519924],[-5.07079,55.509345]]],[[[-5.029775,55.749498],[-5.019032,55.745307],[-5.011342,55.737698],[-5.009389,55.729315],[-5.016184,55.722846],[-5.028798,55.723334],[-5.038482,55.731879],[-5.050282,55.749498],[-5.11559,55.784369],[-5.125966,55.801011],[-5.137563,55.829047],[-5.139638,55.841986],[-5.174224,55.855373],[-5.180653,55.862779],[-5.188588,55.878119],[-5.200795,55.895494],[-5.199534,55.911078],[-5.1669,55.920844],[-5.135976,55.905951],[-5.10554,55.886705],[-5.096506,55.883531],[-5.087636,55.882636],[-5.080922,55.879584],[-5.075185,55.85692],[-5.068023,55.852118],[-5.058827,55.850165],[-5.050282,55.845771],[-5.038075,55.832424],[-5.02892,55.819281],[-5.02184,55.805609],[-5.011464,55.774482],[-5.012766,55.768378],[-5.019195,55.76317],[-5.029775,55.749498]]],[[[-6.030385,55.729071],[-6.032786,55.717678],[-6.032338,55.706366],[-6.029286,55.696234],[-6.023508,55.688137],[-6.023508,55.681871],[-6.03539,55.678453],[-6.045725,55.674262],[-6.053619,55.668362],[-6.058258,55.660142],[-6.064443,55.667629],[-6.082428,55.652086],[-6.105458,55.640204],[-6.131907,55.631822],[-6.160024,55.626654],[-6.202545,55.630561],[-6.215321,55.626654],[-6.222768,55.605536],[-6.226959,55.601752],[-6.236562,55.595608],[-6.261871,55.583808],[-6.287343,55.578437],[-6.311187,55.583238],[-6.325185,55.605536],[-6.319244,55.628241],[-6.297475,55.642483],[-6.243235,55.660142],[-6.264801,55.695502],[-6.277089,55.704006],[-6.316762,55.715074],[-6.325185,55.715399],[-6.320953,55.733466],[-6.295522,55.751899],[-6.249989,55.776842],[-6.271799,55.783026],[-6.300445,55.785793],[-6.328725,55.783149],[-6.349029,55.773424],[-6.372548,55.738715],[-6.386586,55.722317],[-6.418568,55.709621],[-6.450307,55.682563],[-6.462961,55.674465],[-6.490956,55.67182],[-6.503529,55.681342],[-6.502431,55.697659],[-6.489654,55.715399],[-6.4947,55.717231],[-6.498606,55.721137],[-6.503896,55.722846],[-6.493235,55.739244],[-6.448638,55.776842],[-6.482167,55.790473],[-6.469065,55.796942],[-6.460805,55.803209],[-6.456654,55.812649],[-6.455474,55.828355],[-6.452789,55.840888],[-6.445221,55.848822],[-6.409088,55.863593],[-6.354482,55.877427],[-6.342641,55.884914],[-6.33137,55.88996],[-6.318349,55.886705],[-6.325917,55.880357],[-6.338206,55.851996],[-6.338206,55.845771],[-6.330719,55.827826],[-6.323232,55.820502],[-6.310902,55.818427],[-6.310902,55.825263],[-6.31843,55.844916],[-6.296986,55.867174],[-6.264801,55.885403],[-6.229075,55.897284],[-6.204254,55.916571],[-6.191396,55.920844],[-6.177154,55.923082],[-6.162221,55.928453],[-6.149078,55.935207],[-6.140126,55.941352],[-6.130116,55.939399],[-6.123687,55.935492],[-6.120229,55.929429],[-6.115956,55.886786],[-6.102366,55.831244],[-6.099233,55.801011],[-6.093088,55.791693],[-6.079091,55.78148],[-6.063954,55.773383],[-6.054555,55.770006],[-6.049794,55.766343],[-6.052317,55.758043],[-6.056874,55.748847],[-6.058258,55.742743],[-6.053212,55.737291],[-6.04662,55.733547],[-6.030385,55.729071]]],[[[-6.205719,56.102729],[-6.198232,56.106269],[-6.182607,56.102607],[-6.174306,56.106431],[-6.177398,56.110256],[-6.179026,56.112942],[-6.181793,56.119452],[-6.164947,56.120795],[-6.149403,56.124945],[-6.13801,56.124701],[-6.133372,56.112616],[-6.165639,56.081488],[-6.177154,56.061469],[-6.174306,56.043769],[-6.194325,56.035305],[-6.221669,56.030829],[-6.249176,56.031317],[-6.269887,56.037543],[-6.254303,56.044623],[-6.246816,56.056138],[-6.241689,56.069485],[-6.232655,56.08161],[-6.211741,56.096991],[-6.205719,56.102729]]],[[[-5.797597,56.112616],[-5.74649,56.14175],[-5.715932,56.153144],[-5.694488,56.147406],[-5.690826,56.137844],[-5.687978,56.124091],[-5.68932,56.111762],[-5.705068,56.103013],[-5.720123,56.088121],[-5.740224,56.076483],[-5.780181,56.020738],[-5.864491,55.926744],[-5.886342,55.886705],[-5.89684,55.888902],[-5.921539,55.871283],[-5.93814,55.866278],[-5.945424,55.858588],[-5.955393,55.820054],[-5.962066,55.804755],[-5.987538,55.794623],[-6.026601,55.796088],[-6.062408,55.809475],[-6.078114,55.834906],[-6.086903,55.882961],[-6.08495,55.900336],[-6.075185,55.915961],[-6.06017,55.922919],[-6.043121,55.927965],[-6.026967,55.937934],[-5.997426,55.951728],[-5.919057,55.960395],[-5.886342,55.976142],[-5.910024,55.976508],[-5.946848,55.970649],[-5.980702,55.969916],[-5.995595,55.986029],[-5.983266,56.008857],[-5.95519,56.034735],[-5.924428,56.055976],[-5.903961,56.064846],[-5.873687,56.070136],[-5.797597,56.112616]]],[[[-5.688303,56.202053],[-5.680898,56.194566],[-5.673655,56.178941],[-5.694203,56.168606],[-5.725209,56.162828],[-5.749135,56.161078],[-5.738352,56.177476],[-5.722239,56.187079],[-5.688303,56.202053]]],[[[-5.633127,56.263495],[-5.627838,56.259996],[-5.622955,56.257636],[-5.618031,56.258124],[-5.61262,56.263495],[-5.610585,56.249416],[-5.618153,56.235053],[-5.628163,56.220526],[-5.637441,56.189276],[-5.647572,56.19538],[-5.666656,56.22248],[-5.656402,56.232001],[-5.645334,56.255927],[-5.633127,56.263495]]],[[[-5.633127,56.318752],[-5.620758,56.324205],[-5.59789,56.321845],[-5.584625,56.325588],[-5.590443,56.313625],[-5.599965,56.305487],[-5.605336,56.296942],[-5.598988,56.283922],[-5.621693,56.276068],[-5.640289,56.282782],[-5.646718,56.298774],[-5.633127,56.318752]]],[[[-5.557973,56.414293],[-5.526519,56.41356],[-5.512359,56.415432],[-5.502756,56.421129],[-5.518056,56.403876],[-5.536204,56.392239],[-5.557973,56.386461],[-5.584625,56.38703],[-5.579823,56.39643],[-5.573964,56.402899],[-5.557973,56.414293]]],[[[-6.160024,56.46955],[-6.212473,56.467841],[-6.237457,56.470038],[-6.263661,56.483222],[-6.253245,56.492865],[-6.242055,56.499579],[-6.229604,56.503323],[-6.215321,56.503648],[-6.200754,56.49494],[-6.170562,56.481147],[-6.160024,56.46955]]],[[[-6.818593,56.537828],[-6.767201,56.54857],[-6.741851,56.547838],[-6.729237,56.530341],[-6.743316,56.517808],[-6.803822,56.513617],[-6.805572,56.496894],[-6.82551,56.487291],[-6.847727,56.484809],[-6.869293,56.479641],[-6.887522,56.462104],[-6.881581,56.444281],[-6.902455,56.443752],[-6.965199,56.459866],[-6.973988,56.471503],[-6.979726,56.487128],[-6.989898,56.503648],[-6.968129,56.510484],[-6.900502,56.516669],[-6.878082,56.521308],[-6.841135,56.534735],[-6.818593,56.537828]]],[[[-5.688303,56.434801],[-5.679555,56.427965],[-5.664947,56.413886],[-5.657623,56.400092],[-5.670318,56.393785],[-5.703033,56.393378],[-5.717437,56.397366],[-5.715647,56.408108],[-5.721669,56.41234],[-5.727895,56.414293],[-5.73469,56.414781],[-5.74234,56.414293],[-5.739084,56.40119],[-5.751088,56.38939],[-5.783925,56.373358],[-5.783925,56.365912],[-5.767974,56.372748],[-5.749989,56.377143],[-5.712229,56.380194],[-5.695953,56.375434],[-5.702707,56.364569],[-5.71996,56.352769],[-5.808705,56.318915],[-5.848215,56.313625],[-5.880116,56.325588],[-5.873687,56.328559],[-5.862701,56.33515],[-5.853505,56.343695],[-5.852203,56.352851],[-5.860422,56.358344],[-5.87267,56.357733],[-5.897206,56.352851],[-5.902333,56.349677],[-5.907786,56.342597],[-5.914784,56.335517],[-5.924184,56.332343],[-5.957875,56.32807],[-6.037465,56.305243],[-6.054555,56.294501],[-6.065989,56.289211],[-6.078521,56.291083],[-6.090932,56.295722],[-6.102366,56.298245],[-6.112538,56.29621],[-6.136301,56.286933],[-6.146962,56.283922],[-6.239817,56.283922],[-6.245758,56.280748],[-6.250356,56.273749],[-6.256459,56.266669],[-6.266835,56.263495],[-6.279286,56.264106],[-6.300038,56.268012],[-6.327504,56.277248],[-6.345611,56.288316],[-6.360178,56.303616],[-6.366119,56.32217],[-6.357004,56.33633],[-6.335439,56.34455],[-6.310292,56.347357],[-6.290395,56.345404],[-6.274526,56.334866],[-6.26122,56.320299],[-6.247222,56.311672],[-6.228912,56.318752],[-6.228912,56.325588],[-6.236806,56.326606],[-6.241119,56.328274],[-6.244537,56.330268],[-6.249989,56.332343],[-6.23176,56.3369],[-6.186635,56.331244],[-6.170888,56.335761],[-6.15392,56.344794],[-6.08495,56.352851],[-6.039906,56.371039],[-6.020823,56.382025],[-6.026967,56.38703],[-6.046946,56.383979],[-6.105458,56.365912],[-6.154042,56.358954],[-6.178944,56.359931],[-6.198557,56.369615],[-6.203236,56.380316],[-6.198842,56.390326],[-6.189198,56.397773],[-6.178049,56.400621],[-6.164784,56.402533],[-6.157216,56.407375],[-6.142649,56.427965],[-6.139638,56.435248],[-6.135121,56.442328],[-6.126536,56.448432],[-6.116933,56.450385],[-6.081532,56.448432],[-6.02184,56.464097],[-6.009836,56.46955],[-6.004018,56.479682],[-6.003285,56.489407],[-6.007476,56.497626],[-6.016672,56.503648],[-6.081125,56.485053],[-6.102366,56.483222],[-6.109975,56.480699],[-6.118479,56.476264],[-6.127431,56.474351],[-6.13679,56.479438],[-6.153066,56.500067],[-6.162099,56.509223],[-6.174306,56.516669],[-6.194936,56.523342],[-6.288482,56.532294],[-6.307729,56.537299],[-6.32433,56.544257],[-6.338206,56.552069],[-6.290395,56.571967],[-6.298695,56.581244],[-6.319203,56.59398],[-6.325185,56.606106],[-6.288442,56.607978],[-6.272125,56.612209],[-6.256256,56.620347],[-6.247426,56.612616],[-6.238637,56.608588],[-6.230214,56.608588],[-6.222768,56.612942],[-6.220286,56.63227],[-6.190745,56.644924],[-6.151275,56.651801],[-6.119049,56.653876],[-6.105336,56.648505],[-6.058258,56.640204],[-6.059926,56.635688],[-6.062652,56.624823],[-6.064443,56.620347],[-6.033518,56.618842],[-6.008778,56.5987],[-5.968251,56.544664],[-5.965199,56.537665],[-5.965159,56.531073],[-5.962554,56.526109],[-5.952138,56.524156],[-5.852203,56.524156],[-5.844146,56.520575],[-5.836903,56.514635],[-5.829457,56.51081],[-5.814036,56.516669],[-5.804189,56.517768],[-5.794342,56.516669],[-5.787343,56.513617],[-5.765207,56.494208],[-5.756663,56.490058],[-5.746938,56.48843],[-5.728424,56.49018],[-5.721832,56.490058],[-5.710357,56.484849],[-5.696767,56.475653],[-5.685536,56.464057],[-5.680898,56.45185],[-5.673451,56.449693],[-5.658844,56.451728],[-5.648427,56.44774],[-5.653554,56.427965],[-5.661855,56.431383],[-5.670033,56.433092],[-5.688303,56.434801]]],[[[-6.459218,56.678127],[-6.468739,56.668158],[-6.482533,56.647895],[-6.489654,56.640204],[-6.497222,56.634345],[-6.504954,56.630072],[-6.514272,56.627427],[-6.527252,56.626532],[-6.564117,56.5987],[-6.616322,56.575181],[-6.633046,56.571967],[-6.657216,56.577826],[-6.668935,56.577786],[-6.67398,56.568549],[-6.677887,56.558254],[-6.686838,56.563788],[-6.696278,56.575995],[-6.701894,56.585639],[-6.674469,56.588446],[-6.648101,56.602851],[-6.602895,56.643622],[-6.591379,56.651842],[-6.559234,56.665269],[-6.535634,56.670844],[-6.505849,56.68537],[-6.489654,56.688666],[-6.46231,56.69123],[-6.452545,56.688422],[-6.459218,56.678127]]],[[[-7.393951,57.010199],[-7.389068,57.003607],[-7.386098,56.995307],[-7.381988,56.987535],[-7.373525,56.982856],[-7.402415,56.983385],[-7.411041,56.979722],[-7.419179,56.973334],[-7.427235,56.968573],[-7.435048,56.965277],[-7.442372,56.962958],[-7.436838,56.953681],[-7.445302,56.947089],[-7.460805,56.943183],[-7.476552,56.941881],[-7.541412,56.948717],[-7.556752,56.95307],[-7.556223,56.962633],[-7.544911,56.972317],[-7.528066,56.97663],[-7.51651,56.981187],[-7.511586,56.991645],[-7.514027,57.002916],[-7.524322,57.010199],[-7.499908,57.020087],[-7.475697,57.023017],[-7.457102,57.031562],[-7.449208,57.05858],[-7.444692,57.058539],[-7.441396,57.057196],[-7.434967,57.051744],[-7.428131,57.051337],[-7.422963,57.050116],[-7.418691,57.048041],[-7.414418,57.044908],[-7.428782,57.027737],[-7.434967,57.02383],[-7.402821,57.014635],[-7.393951,57.010199]]],[[[-6.325185,57.05858],[-6.272939,57.040229],[-6.250966,57.026557],[-6.269887,57.017564],[-6.269887,57.010199],[-6.243235,57.010199],[-6.256744,56.973782],[-6.276031,56.953111],[-6.303619,56.943996],[-6.341868,56.941881],[-6.359771,56.947333],[-6.376129,56.971177],[-6.390289,56.97663],[-6.405385,56.980536],[-6.436757,56.998481],[-6.455474,57.003974],[-6.395253,57.041938],[-6.364247,57.05565],[-6.325185,57.05858]]],[[[-6.606353,57.051744],[-6.59081,57.058987],[-6.556304,57.070136],[-6.537465,57.072821],[-6.525868,57.067125],[-6.501536,57.063666],[-6.489654,57.05858],[-6.51594,57.050686],[-6.548248,57.047593],[-6.580434,57.048407],[-6.606353,57.051744]]],[[[-5.958608,57.284491],[-5.984853,57.290432],[-6.007802,57.303616],[-6.013905,57.31745],[-5.98998,57.325507],[-5.955719,57.321601],[-5.929351,57.307196],[-5.925445,57.291693],[-5.958608,57.284491]]],[[[-7.243764,57.325507],[-7.232004,57.318793],[-7.222646,57.310614],[-7.211822,57.304877],[-7.195424,57.305609],[-7.200347,57.290961],[-7.209706,57.285468],[-7.221425,57.282131],[-7.233225,57.274319],[-7.239166,57.265286],[-7.249582,57.244696],[-7.256744,57.236721],[-7.276112,57.231757],[-7.353017,57.242906],[-7.353017,57.236721],[-7.288808,57.225898],[-7.271067,57.216254],[-7.262196,57.200873],[-7.257721,57.179755],[-7.259918,57.159817],[-7.271067,57.147935],[-7.288442,57.153998],[-7.307607,57.155829],[-7.346181,57.154771],[-7.346181,57.147935],[-7.32844,57.146186],[-7.29247,57.148871],[-7.277252,57.147935],[-7.259999,57.140041],[-7.248402,57.129462],[-7.235951,57.121161],[-7.215891,57.120063],[-7.215891,57.113837],[-7.239125,57.100531],[-7.321685,57.109931],[-7.353017,57.099555],[-7.381988,57.118354],[-7.390696,57.129055],[-7.416656,57.181586],[-7.4204,57.19774],[-7.414418,57.209418],[-7.414418,57.216254],[-7.431467,57.229438],[-7.442291,57.234605],[-7.455434,57.236721],[-7.442738,57.244778],[-7.434967,57.251899],[-7.421946,57.270901],[-7.417307,57.28144],[-7.414947,57.290107],[-7.409983,57.295966],[-7.397084,57.298163],[-7.389719,57.311957],[-7.401519,57.342353],[-7.428131,57.3876],[-7.408437,57.395575],[-7.362864,57.407864],[-7.353017,57.408026],[-7.26358,57.373928],[-7.272084,57.370266],[-7.279124,57.36994],[-7.298411,57.373928],[-7.298411,57.367092],[-7.276357,57.364732],[-7.244862,57.348456],[-7.222646,57.346584],[-7.222646,57.339789],[-7.250356,57.331855],[-7.271799,57.33747],[-7.290151,57.347398],[-7.331614,57.360907],[-7.351389,57.376695],[-7.371083,57.3876],[-7.393951,57.380764],[-7.387766,57.377509],[-7.381093,57.373033],[-7.375722,57.368109],[-7.373525,57.363593],[-7.370473,57.355129],[-7.363189,57.353217],[-7.354156,57.353746],[-7.346181,57.352769],[-7.322011,57.346584],[-7.317942,57.344468],[-7.305287,57.332343],[-7.290273,57.328315],[-7.259389,57.32803],[-7.243764,57.325507]]],[[[-7.26358,57.4831],[-7.265289,57.478746],[-7.265736,57.478013],[-7.266998,57.478176],[-7.271067,57.476264],[-7.262522,57.472113],[-7.254262,57.472846],[-7.245758,57.475165],[-7.236318,57.476264],[-7.229482,57.474555],[-7.202138,57.462633],[-7.208404,57.456448],[-7.222035,57.460924],[-7.2447,57.449652],[-7.26358,57.448961],[-7.258209,57.439114],[-7.249664,57.435248],[-7.22643,57.435289],[-7.212026,57.432196],[-7.204091,57.425442],[-7.205434,57.418606],[-7.292063,57.404731],[-7.318267,57.408026],[-7.396148,57.433987],[-7.407623,57.445624],[-7.402699,57.464342],[-7.389272,57.479885],[-7.369618,57.489325],[-7.346181,57.489936],[-7.334462,57.485093],[-7.322133,57.482896],[-7.309804,57.484117],[-7.298411,57.489936],[-7.29247,57.485297],[-7.284495,57.482856],[-7.274729,57.482245],[-7.26358,57.4831]]],[[[-6.064443,57.346584],[-6.075429,57.355048],[-6.077138,57.371772],[-6.069081,57.436103],[-6.061635,57.452704],[-6.045522,57.460639],[-6.016672,57.462633],[-6.016672,57.469428],[-6.02359,57.474189],[-6.029042,57.479397],[-6.037099,57.489936],[-6.025868,57.496243],[-6.015859,57.496772],[-5.995595,57.489936],[-5.995595,57.497463],[-6.009836,57.511054],[-6.000885,57.509711],[-5.993316,57.507025],[-5.987213,57.502875],[-5.982533,57.497463],[-5.986724,57.482245],[-6.003041,57.452826],[-6.017649,57.418199],[-6.016672,57.3876],[-6.008901,57.380194],[-5.995107,57.363715],[-5.989491,57.347317],[-6.006459,57.339789],[-6.022857,57.336249],[-6.038686,57.329779],[-6.054799,57.326402],[-6.071929,57.332343],[-6.069244,57.339545],[-6.067616,57.342475],[-6.064443,57.346584]]],[[[-5.968251,57.51789],[-5.983713,57.522366],[-5.98998,57.532945],[-5.987294,57.546291],[-5.975697,57.558824],[-5.980092,57.561469],[-5.980377,57.562445],[-5.982533,57.566311],[-5.975697,57.572333],[-5.968658,57.576565],[-5.961903,57.577297],[-5.95519,57.572496],[-5.968007,57.533922],[-5.968251,57.51789]]],[[[-7.129384,57.652899],[-7.114573,57.65233],[-7.0926,57.652086],[-7.074086,57.646389],[-7.065053,57.633979],[-7.075429,57.628363],[-7.092356,57.611518],[-7.099192,57.607327],[-7.113108,57.60871],[-7.123118,57.615709],[-7.130767,57.623481],[-7.137318,57.627143],[-7.148427,57.62934],[-7.171132,57.641425],[-7.215891,57.641425],[-7.215891,57.633979],[-7.204254,57.633368],[-7.197255,57.631252],[-7.196156,57.627183],[-7.202138,57.620917],[-7.202138,57.613471],[-7.173248,57.614651],[-7.164418,57.609931],[-7.161204,57.596381],[-7.154286,57.587348],[-7.138051,57.586982],[-7.106028,57.592963],[-7.1256,57.571112],[-7.149973,57.561713],[-7.208404,57.558824],[-7.215728,57.557359],[-7.230214,57.552395],[-7.236318,57.552069],[-7.243276,57.556098],[-7.252065,57.569281],[-7.256744,57.572496],[-7.269887,57.570543],[-7.312082,57.552069],[-7.312082,57.544582],[-7.240061,57.544582],[-7.181304,57.5539],[-7.161204,57.552069],[-7.144154,57.548529],[-7.137685,57.545111],[-7.133901,57.538398],[-7.137278,57.532131],[-7.157541,57.511054],[-7.199208,57.512681],[-7.219838,57.51081],[-7.236318,57.503607],[-7.252512,57.510321],[-7.287465,57.508775],[-7.305287,57.511054],[-7.314687,57.514594],[-7.318471,57.517035],[-7.329986,57.528876],[-7.333485,57.534329],[-7.338124,57.53974],[-7.346181,57.544582],[-7.337554,57.545071],[-7.318267,57.552069],[-7.351226,57.553697],[-7.41161,57.575141],[-7.442372,57.579291],[-7.449208,57.572903],[-7.455922,57.568427],[-7.46288,57.566311],[-7.470855,57.567206],[-7.483266,57.571479],[-7.49942,57.575019],[-7.54483,57.592963],[-7.54483,57.599799],[-7.522206,57.608385],[-7.506581,57.625556],[-7.493031,57.645413],[-7.476552,57.661933],[-7.455312,57.655463],[-7.387115,57.661933],[-7.387115,57.655097],[-7.394928,57.654446],[-7.414418,57.648261],[-7.396555,57.635321],[-7.366851,57.651435],[-7.335357,57.676093],[-7.312082,57.688544],[-7.312082,57.682359],[-7.318186,57.67886],[-7.322865,57.67475],[-7.332509,57.661933],[-7.277903,57.649563],[-7.256744,57.648261],[-7.256744,57.655097],[-7.263417,57.655992],[-7.277252,57.661933],[-7.255971,57.666938],[-7.209055,57.686021],[-7.181711,57.688544],[-7.169179,57.679185],[-7.165395,57.669867],[-7.171539,57.661526],[-7.189117,57.655097],[-7.172841,57.649563],[-7.142568,57.658108],[-7.129384,57.652899]]],[[[-6.564117,57.346584],[-6.580556,57.338813],[-6.672475,57.355943],[-6.695953,57.364407],[-6.714752,57.376614],[-6.722401,57.390937],[-6.731679,57.416978],[-6.773183,57.434068],[-6.783844,57.456448],[-6.722401,57.456448],[-6.736318,57.465155],[-6.745229,57.475898],[-6.747141,57.487942],[-6.739735,57.500556],[-6.726308,57.51142],[-6.715932,57.514228],[-6.706451,57.510932],[-6.653554,57.468695],[-6.647328,57.45954],[-6.638092,57.453274],[-6.620025,57.445502],[-6.606801,57.443915],[-6.612538,57.456448],[-6.612538,57.462633],[-6.608266,57.464586],[-6.604156,57.46776],[-6.599477,57.469428],[-6.616689,57.480902],[-6.619374,57.4831],[-6.622222,57.486396],[-6.631256,57.493598],[-6.633046,57.497463],[-6.630605,57.501776],[-6.621409,57.503852],[-6.619374,57.50731],[-6.61144,57.512193],[-6.593617,57.510972],[-6.564117,57.503607],[-6.573964,57.521715],[-6.599355,57.537543],[-6.629872,57.548529],[-6.654775,57.552069],[-6.641591,57.561957],[-6.631012,57.576809],[-6.628896,57.591132],[-6.640452,57.599799],[-6.640452,57.607327],[-6.619781,57.607164],[-6.605621,57.599555],[-6.594309,57.590522],[-6.572255,57.582506],[-6.56843,57.574286],[-6.566884,57.56509],[-6.564117,57.558824],[-6.554596,57.552476],[-6.54776,57.549547],[-6.50121,57.535549],[-6.490387,57.53026],[-6.479075,57.520982],[-6.464915,57.512519],[-6.45165,57.513332],[-6.437652,57.517239],[-6.420766,57.51789],[-6.443471,57.488105],[-6.433502,57.486477],[-6.412099,57.50137],[-6.400258,57.520982],[-6.386952,57.517279],[-6.310902,57.462633],[-6.310902,57.469428],[-6.315785,57.472805],[-6.320953,57.479315],[-6.325185,57.4831],[-6.324615,57.496812],[-6.338531,57.509467],[-6.372955,57.531562],[-6.389556,57.552476],[-6.385854,57.562649],[-6.372426,57.572577],[-6.359853,57.592963],[-6.371938,57.591864],[-6.383372,57.592922],[-6.393137,57.595649],[-6.400258,57.599799],[-6.395863,57.613471],[-6.401112,57.621527],[-6.409535,57.627346],[-6.41454,57.633979],[-6.415679,57.645819],[-6.413442,57.649237],[-6.406606,57.650336],[-6.366567,57.664252],[-6.359853,57.668118],[-6.351186,57.680121],[-6.345286,57.692206],[-6.337961,57.699164],[-6.325185,57.69599],[-6.317494,57.697699],[-6.31428,57.699164],[-6.310902,57.702826],[-6.302235,57.692369],[-6.293324,57.686021],[-6.269887,57.675523],[-6.260487,57.668647],[-6.236073,57.646186],[-6.232655,57.641425],[-6.187978,57.620917],[-6.168853,57.607611],[-6.158355,57.597846],[-6.153879,57.589545],[-6.144683,57.520006],[-6.135121,57.490058],[-6.133372,57.476264],[-6.136057,57.46133],[-6.14509,57.438625],[-6.146962,57.425116],[-6.152496,57.417548],[-6.178863,57.403551],[-6.187978,57.394355],[-6.175852,57.400824],[-6.15925,57.407375],[-6.141591,57.410793],[-6.126536,57.408026],[-6.117909,57.397773],[-6.123525,57.388251],[-6.134104,57.380032],[-6.140126,57.373928],[-6.135243,57.357367],[-6.120758,57.347073],[-6.105702,57.339667],[-6.099233,57.332343],[-6.106597,57.323472],[-6.140289,57.312445],[-6.153879,57.305609],[-6.068186,57.311835],[-6.0454,57.308295],[-6.041086,57.300116],[-6.052887,57.291002],[-6.078114,57.284491],[-6.078114,57.277655],[-6.050852,57.279242],[-6.028879,57.285346],[-6.008453,57.28677],[-5.986236,57.274319],[-5.976674,57.270331],[-5.96345,57.269477],[-5.93814,57.270901],[-5.923248,57.266913],[-5.913808,57.25788],[-5.907135,57.248481],[-5.900624,57.242906],[-5.88622,57.242092],[-5.877309,57.246812],[-5.871327,57.253241],[-5.865834,57.257148],[-5.82433,57.256171],[-5.795806,57.271796],[-5.767893,57.277411],[-5.738515,57.277289],[-5.721832,57.264635],[-5.647369,57.264635],[-5.663889,57.239814],[-5.663482,57.233303],[-5.659088,57.22248],[-5.662953,57.212714],[-5.670644,57.204657],[-5.690907,57.189521],[-5.727284,57.172797],[-5.74234,57.168443],[-5.782053,57.166246],[-5.788971,57.159491],[-5.790761,57.137397],[-5.800364,57.123725],[-5.821441,57.114447],[-5.842641,57.107978],[-5.852203,57.102973],[-5.860097,57.095364],[-5.918853,57.050116],[-5.934926,57.041205],[-5.95344,57.034125],[-6.006744,57.028388],[-6.020823,57.031887],[-6.030385,57.044908],[-6.027252,57.062161],[-6.000234,57.08393],[-6.003041,57.092719],[-6.003041,57.099555],[-5.99706,57.101752],[-5.994211,57.10456],[-5.98998,57.113837],[-5.986928,57.118232],[-5.980092,57.123114],[-5.961822,57.142157],[-5.952789,57.14883],[-5.941558,57.154771],[-5.845367,57.181464],[-5.845367,57.1883],[-5.872955,57.179999],[-5.900868,57.175523],[-5.986236,57.174628],[-5.991689,57.177191],[-5.993072,57.183173],[-5.993316,57.190172],[-5.995595,57.195746],[-6.019276,57.217597],[-6.032216,57.226508],[-6.044016,57.229926],[-6.039784,57.219387],[-6.03539,57.211493],[-6.023508,57.195746],[-6.034088,57.181098],[-6.040842,57.17414],[-6.050852,57.168443],[-6.044016,57.161038],[-6.056264,57.152899],[-6.064605,57.14175],[-6.073842,57.131781],[-6.088612,57.127427],[-6.10143,57.135199],[-6.107167,57.153022],[-6.111195,57.173285],[-6.112904,57.1883],[-6.120961,57.193793],[-6.126454,57.195217],[-6.132069,57.193183],[-6.140126,57.1883],[-6.14745,57.194525],[-6.155588,57.198879],[-6.164459,57.201361],[-6.174306,57.201972],[-6.174306,57.195746],[-6.15982,57.187649],[-6.177154,57.18122],[-6.318349,57.161038],[-6.318349,57.168443],[-6.306996,57.173896],[-6.276723,57.195746],[-6.276723,57.201972],[-6.295318,57.202379],[-6.3131,57.199897],[-6.329986,57.195014],[-6.345611,57.1883],[-6.364735,57.204535],[-6.379791,57.22309],[-6.368886,57.225775],[-6.359486,57.229438],[-6.351715,57.234809],[-6.345611,57.242906],[-6.391428,57.240546],[-6.408193,57.243354],[-6.455474,57.277655],[-6.457997,57.280992],[-6.462961,57.290432],[-6.466054,57.294745],[-6.471181,57.299018],[-6.475575,57.301418],[-6.479156,57.304755],[-6.482167,57.311835],[-6.436187,57.329739],[-6.416412,57.33454],[-6.394032,57.332343],[-6.376332,57.323798],[-6.35851,57.311835],[-6.337636,57.3015],[-6.310902,57.298163],[-6.323883,57.311428],[-6.386586,57.339789],[-6.399526,57.348456],[-6.406158,57.351549],[-6.417633,57.352769],[-6.428822,57.351508],[-6.450551,57.346503],[-6.462961,57.346584],[-6.448638,57.352769],[-6.448638,57.360256],[-6.456614,57.361151],[-6.475942,57.367092],[-6.468739,57.368557],[-6.46581,57.370022],[-6.462961,57.373928],[-6.472157,57.376532],[-6.478871,57.381903],[-6.480824,57.390082],[-6.475942,57.40119],[-6.490834,57.398993],[-6.51061,57.385565],[-6.523793,57.380764],[-6.518707,57.389553],[-6.517649,57.398871],[-6.52123,57.407864],[-6.530629,57.415473],[-6.53893,57.40233],[-6.550404,57.398017],[-6.562123,57.395453],[-6.571523,57.3876],[-6.57315,57.376125],[-6.562123,57.357856],[-6.564117,57.346584]]],[[[-7.222646,57.709662],[-7.180165,57.734687],[-7.161204,57.737006],[-7.152008,57.726304],[-7.170033,57.715155],[-7.198964,57.707953],[-7.222646,57.709662]]],[[[-8.621002,57.833197],[-8.605295,57.826402],[-8.569081,57.823676],[-8.552235,57.818915],[-8.568959,57.807563],[-8.590891,57.804755],[-8.610707,57.81273],[-8.621002,57.833197]]],[[[-7.044586,57.902086],[-7.048085,57.890815],[-7.055165,57.884182],[-7.0655,57.881049],[-7.079335,57.880316],[-7.077056,57.888617],[-7.076772,57.890692],[-7.07787,57.891181],[-7.079335,57.89468],[-7.03775,57.916327],[-7.015533,57.921942],[-6.997385,57.915107],[-6.99706,57.893541],[-7.009185,57.889594],[-7.044586,57.902086]]],[[[-6.87328,58.216783],[-6.862864,58.216457],[-6.859609,58.216783],[-6.859609,58.223049],[-6.872222,58.226793],[-6.882314,58.236274],[-6.88622,58.247626],[-6.880035,58.257758],[-6.861155,58.253363],[-6.828928,58.233791],[-6.818593,58.23725],[-6.809641,58.232245],[-6.801991,58.226142],[-6.795766,58.218817],[-6.791249,58.209947],[-6.87328,58.209947],[-6.87328,58.216783]]],[[[-6.955149,57.743842],[-6.9735,57.733344],[-6.980784,57.735053],[-7.031646,57.767401],[-7.041371,57.770494],[-7.101877,57.811469],[-7.112782,57.815863],[-7.117299,57.823065],[-7.124623,57.830756],[-7.125071,57.8369],[-7.109446,57.839423],[-7.096995,57.838039],[-7.088612,57.833401],[-7.083241,57.8251],[-7.079335,57.81269],[-6.997385,57.853705],[-6.984853,57.864895],[-6.96227,57.868842],[-6.914174,57.867906],[-6.962554,57.887844],[-6.962554,57.89468],[-6.91161,57.91059],[-6.881703,57.914293],[-6.851877,57.91059],[-6.832265,57.902086],[-6.841868,57.90705],[-6.851552,57.911404],[-6.859609,57.915229],[-6.862945,57.918036],[-6.865834,57.921332],[-6.846995,57.927924],[-6.839101,57.928778],[-6.839101,57.935614],[-6.897084,57.935614],[-6.910797,57.93891],[-6.937001,57.953437],[-6.952056,57.956732],[-7.009755,57.955268],[-7.036285,57.960639],[-7.044586,57.976549],[-7.057281,57.970852],[-7.065826,57.971015],[-7.112782,57.99022],[-7.096669,57.997463],[-7.084828,58.005927],[-7.071767,58.011908],[-7.05191,58.011379],[-7.05191,58.017524],[-7.054921,58.019761],[-7.055653,58.020697],[-7.056142,58.021959],[-7.058217,58.02497],[-7.027903,58.027533],[-6.995229,58.033759],[-6.934641,58.052314],[-7.028717,58.038398],[-7.058217,58.038642],[-7.053619,58.047797],[-7.045766,58.052639],[-7.035553,58.0539],[-7.024037,58.052314],[-7.024037,58.058539],[-7.05191,58.058539],[-7.042795,58.061835],[-7.035024,58.066352],[-7.028717,58.072211],[-7.024037,58.079576],[-7.067494,58.06273],[-7.075551,58.062242],[-7.104888,58.094794],[-7.112782,58.100084],[-7.107533,58.112006],[-7.113189,58.1164],[-7.121938,58.118598],[-7.126454,58.123969],[-7.123402,58.136664],[-7.112131,58.145453],[-7.112782,58.155341],[-7.104156,58.15705],[-7.100168,58.15941],[-7.097646,58.163031],[-7.093007,58.168402],[-7.10025,58.170111],[-7.107411,58.17414],[-7.112782,58.175849],[-7.112782,58.182034],[-7.037709,58.184638],[-7.017201,58.189439],[-7.043446,58.19595],[-7.053944,58.201361],[-7.058217,58.213365],[-7.05606,58.225653],[-7.05016,58.232367],[-7.030873,58.244696],[-7.016103,58.238593],[-6.977284,58.227362],[-6.969472,58.226752],[-6.962026,58.23017],[-6.907338,58.216783],[-6.907338,58.209947],[-6.937082,58.211005],[-6.930409,58.196845],[-6.909657,58.179755],[-6.897084,58.172105],[-6.898346,58.156724],[-6.888051,58.135891],[-6.872874,58.116889],[-6.859609,58.106879],[-6.86144,58.115871],[-6.861887,58.121405],[-6.859609,58.134833],[-6.866607,58.141181],[-6.881581,58.158637],[-6.887522,58.168402],[-6.877512,58.172187],[-6.873931,58.179389],[-6.87267,58.186347],[-6.869496,58.189439],[-6.825063,58.19538],[-6.815175,58.199693],[-6.798451,58.202379],[-6.772572,58.195502],[-6.748525,58.182929],[-6.736684,58.168402],[-6.709381,58.189439],[-6.734364,58.197699],[-6.742909,58.203111],[-6.746816,58.209215],[-6.752553,58.224799],[-6.757192,58.230414],[-6.763051,58.231676],[-6.777821,58.229478],[-6.783844,58.230414],[-6.785715,58.232978],[-6.78954,58.242011],[-6.791249,58.244696],[-6.802724,58.25373],[-6.807688,58.258694],[-6.811838,58.264594],[-6.806752,58.266547],[-6.802724,58.268988],[-6.798004,58.270982],[-6.791249,58.271389],[-6.796457,58.278632],[-6.801178,58.283352],[-6.807729,58.285468],[-6.818593,58.285102],[-6.736969,58.323635],[-6.715566,58.339667],[-6.703359,58.335883],[-6.695953,58.338446],[-6.689687,58.343329],[-6.681386,58.346503],[-6.647328,58.346503],[-6.620676,58.350735],[-6.557485,58.368557],[-6.548492,58.372789],[-6.523346,58.390774],[-6.345611,58.463202],[-6.296295,58.49726],[-6.267405,58.51203],[-6.243235,58.510972],[-6.223053,58.499213],[-6.205393,58.481269],[-6.192738,58.462063],[-6.187978,58.446112],[-6.169993,58.429999],[-6.16686,58.419501],[-6.184926,58.414781],[-6.192372,58.409125],[-6.215321,58.367621],[-6.206899,58.361151],[-6.195546,58.356269],[-6.18224,58.353664],[-6.16747,58.353949],[-6.16747,58.346503],[-6.188832,58.340806],[-6.233713,58.322821],[-6.249989,58.312974],[-6.244985,58.304145],[-6.246409,58.297553],[-6.253814,58.293362],[-6.266835,58.291897],[-6.278676,58.288723],[-6.288238,58.274604],[-6.31786,58.268297],[-6.319936,58.260932],[-6.316965,58.252143],[-6.318349,58.244696],[-6.327463,58.239732],[-6.33849,58.237616],[-6.366119,58.23725],[-6.347727,58.221137],[-6.310862,58.215033],[-6.270904,58.216498],[-6.243235,58.223049],[-6.194814,58.250922],[-6.179758,58.255561],[-6.161122,58.258979],[-6.150706,58.258368],[-6.160024,58.250922],[-6.160024,58.244696],[-6.153879,58.244696],[-6.158559,58.239814],[-6.163319,58.233588],[-6.16747,58.230414],[-6.164866,58.226752],[-6.160024,58.216783],[-6.186431,58.209906],[-6.195221,58.206488],[-6.202138,58.201972],[-6.211659,58.192288],[-6.215321,58.189439],[-6.233551,58.184272],[-6.247426,58.185452],[-6.276723,58.196275],[-6.293568,58.199368],[-6.338206,58.196275],[-6.354888,58.199368],[-6.384674,58.209703],[-6.400258,58.209947],[-6.377024,58.173529],[-6.366119,58.162095],[-6.374501,58.15766],[-6.378041,58.153632],[-6.377268,58.148627],[-6.372955,58.141059],[-6.390696,58.133531],[-6.441233,58.127387],[-6.474721,58.105211],[-6.489654,58.100084],[-6.499094,58.100409],[-6.514394,58.106147],[-6.523793,58.106879],[-6.551096,58.093248],[-6.603179,58.085639],[-6.619374,58.086412],[-6.619374,58.079576],[-6.581288,58.079006],[-6.451324,58.095689],[-6.420644,58.105658],[-6.407094,58.106879],[-6.394032,58.101793],[-6.383901,58.091783],[-6.37857,58.079047],[-6.379791,58.065985],[-6.375722,58.064276],[-6.366119,58.058539],[-6.373687,58.052924],[-6.381907,58.048896],[-6.390696,58.046373],[-6.400258,58.045478],[-6.389475,58.041205],[-6.377675,58.038764],[-6.365102,58.037909],[-6.352447,58.038642],[-6.370961,58.027248],[-6.385081,58.015937],[-6.400868,58.00731],[-6.424469,58.003892],[-6.518219,58.012641],[-6.539296,58.017279],[-6.544911,58.017524],[-6.550689,58.010077],[-6.542226,58.005683],[-6.520741,58.0008],[-6.505116,57.992499],[-6.469635,57.986884],[-6.455474,57.976549],[-6.455474,57.969713],[-6.464996,57.965644],[-6.481191,57.949774],[-6.489654,57.943061],[-6.507558,57.935981],[-6.520131,57.936591],[-6.532867,57.940416],[-6.551096,57.943061],[-6.551096,57.935614],[-6.546702,57.933824],[-6.541982,57.930854],[-6.537465,57.928778],[-6.537465,57.921332],[-6.559804,57.915229],[-6.57844,57.917222],[-6.593861,57.924872],[-6.606353,57.935614],[-6.61498,57.949164],[-6.620473,57.954535],[-6.629872,57.956732],[-6.634999,57.951606],[-6.629628,57.940253],[-6.620025,57.928168],[-6.612538,57.921332],[-6.619374,57.915107],[-6.651194,57.923814],[-6.660959,57.928778],[-6.666168,57.933905],[-6.672434,57.946194],[-6.699818,57.976223],[-6.707753,57.989569],[-6.709381,58.003892],[-6.694651,58.030097],[-6.665842,58.044664],[-6.629465,58.05093],[-6.59203,58.052314],[-6.59203,58.058539],[-6.688303,58.058539],[-6.688303,58.052314],[-6.692698,58.040961],[-6.716054,58.02497],[-6.744496,58.010484],[-6.764027,58.003892],[-6.750885,57.992987],[-6.730092,57.962958],[-6.718984,57.956732],[-6.704742,57.953192],[-6.693227,57.945054],[-6.68342,57.935736],[-6.67398,57.928778],[-6.679351,57.926825],[-6.683461,57.924221],[-6.688466,57.922065],[-6.695668,57.921332],[-6.688954,57.914944],[-6.680328,57.912055],[-6.672353,57.91059],[-6.667795,57.908271],[-6.665151,57.901557],[-6.660959,57.880316],[-6.742909,57.891262],[-6.777659,57.902086],[-6.787017,57.89883],[-6.792388,57.893744],[-6.797353,57.887397],[-6.805572,57.880316],[-6.79426,57.876207],[-6.772857,57.871243],[-6.764027,57.867906],[-6.740712,57.845038],[-6.736684,57.839423],[-6.741933,57.831488],[-6.755605,57.826483],[-6.773508,57.824612],[-6.791249,57.825751],[-6.791249,57.818915],[-6.783844,57.818915],[-6.783844,57.81269],[-6.806142,57.814643],[-6.852691,57.833197],[-6.859609,57.825751],[-6.854156,57.823432],[-6.845855,57.816392],[-6.839101,57.81269],[-6.850168,57.802924],[-6.861155,57.796332],[-6.887522,57.784817],[-6.882721,57.782864],[-6.877838,57.779853],[-6.87328,57.777981],[-6.893951,57.766547],[-6.955149,57.743842]]],[[[-2.952952,58.839993],[-2.906972,58.83808],[-2.883656,58.83218],[-2.885365,58.820054],[-2.913564,58.810492],[-2.919423,58.806464],[-2.921132,58.797512],[-2.915761,58.790676],[-2.913971,58.784857],[-2.92634,58.77912],[-2.915395,58.762152],[-2.911041,58.748684],[-2.917836,58.738349],[-2.939931,58.730699],[-2.987782,58.757392],[-2.987782,58.764838],[-2.974355,58.77204],[-2.984853,58.787095],[-3.015696,58.812649],[-3.003896,58.808173],[-2.991322,58.806627],[-2.978871,58.808173],[-2.967193,58.812649],[-2.967193,58.820054],[-3.035553,58.820054],[-3.035553,58.826321],[-2.996978,58.835273],[-2.952952,58.839993]]],[[[-3.248402,58.792182],[-3.218495,58.79328],[-3.160146,58.80801],[-3.131703,58.806464],[-3.156321,58.78677],[-3.205922,58.779039],[-3.299306,58.77912],[-3.30427,58.78384],[-3.323476,58.809516],[-3.327789,58.818305],[-3.337636,58.82392],[-3.349192,58.828437],[-3.358266,58.833157],[-3.378774,58.853583],[-3.379872,58.85928],[-3.375966,58.863593],[-3.373525,58.867987],[-3.378774,58.874091],[-3.385732,58.875393],[-3.397613,58.869534],[-3.402333,58.870673],[-3.411977,58.874986],[-3.42219,58.87401],[-3.430165,58.874823],[-3.433339,58.884955],[-3.418446,58.904486],[-3.416331,58.908271],[-3.393219,58.920233],[-3.349355,58.928534],[-3.337148,58.928697],[-3.321848,58.923651],[-3.287587,58.905951],[-3.265452,58.902045],[-3.246083,58.896186],[-3.193186,58.853583],[-3.207387,58.847398],[-3.207387,58.839993],[-3.195546,58.839423],[-3.187245,58.836493],[-3.172719,58.826321],[-3.172719,58.820054],[-3.191803,58.818671],[-3.215484,58.814276],[-3.236684,58.805732],[-3.248402,58.792182]]],[[[-2.727651,58.970893],[-2.713612,58.966864],[-2.707631,58.95897],[-2.706207,58.947455],[-2.706532,58.93244],[-2.714752,58.925482],[-2.733754,58.920152],[-2.771962,58.915717],[-2.785024,58.910712],[-2.808013,58.888007],[-2.823842,58.881537],[-2.839345,58.882636],[-2.915028,58.899115],[-2.926829,58.904853],[-2.937245,58.913235],[-2.973622,58.953803],[-2.981191,58.96011],[-2.993764,58.958808],[-3.007802,58.949042],[-3.023834,58.940497],[-3.042388,58.94302],[-3.052561,58.938788],[-3.061757,58.939399],[-3.071685,58.94184],[-3.084543,58.94302],[-3.070302,58.928697],[-3.101226,58.930121],[-3.113189,58.926663],[-3.118031,58.915717],[-3.142649,58.92121],[-3.202789,58.91592],[-3.227895,58.928697],[-3.238515,58.950914],[-3.235341,58.972561],[-3.223297,58.99136],[-3.207387,59.005072],[-3.207387,59.011298],[-3.214752,59.017483],[-3.220448,59.024115],[-3.22468,59.031195],[-3.227895,59.03856],[-3.238759,59.035142],[-3.245839,59.030504],[-3.247222,59.024848],[-3.240956,59.018134],[-3.240956,59.011298],[-3.250396,59.014472],[-3.259185,59.015815],[-3.267486,59.014716],[-3.275787,59.011298],[-3.266591,59.007148],[-3.263051,59.000922],[-3.264068,58.993069],[-3.262074,58.9914],[-3.256988,58.978339],[-3.26537,58.969184],[-3.289418,58.956692],[-3.289418,58.950385],[-3.323232,58.95718],[-3.353261,58.982815],[-3.366689,59.016099],[-3.350819,59.046047],[-3.343984,59.052802],[-3.350209,59.097968],[-3.323801,59.127427],[-3.279286,59.143541],[-3.231068,59.148424],[-3.182729,59.147162],[-3.156158,59.142239],[-3.121571,59.123969],[-3.108306,59.124213],[-3.095937,59.127346],[-3.084543,59.127997],[-3.074208,59.123765],[-3.058461,59.111762],[-3.049184,59.1081],[-3.063547,59.101996],[-3.070302,59.101264],[-3.051422,59.090155],[-2.994496,59.07331],[-3.001861,59.071763],[-3.004994,59.070258],[-3.008168,59.066555],[-3.003774,59.064439],[-2.999013,59.06151],[-2.994496,59.059719],[-3.0537,59.047268],[-3.062815,59.049465],[-3.071197,59.033433],[-3.090932,59.018744],[-3.113922,59.008205],[-3.131703,59.005072],[-3.116689,58.998196],[-3.09732,58.994045],[-3.059722,58.9914],[-3.044586,58.997992],[-3.029205,59.010321],[-3.011952,59.017401],[-2.974436,58.999091],[-2.960357,59.001166],[-2.947133,59.007554],[-2.933095,59.011298],[-2.917307,59.006171],[-2.906565,58.996568],[-2.895375,58.991034],[-2.878407,58.998236],[-2.880523,58.993598],[-2.883453,58.98192],[-2.885365,58.977118],[-2.864735,58.97484],[-2.847646,58.980292],[-2.831166,58.987698],[-2.812978,58.9914],[-2.790151,58.992255],[-2.780629,58.990302],[-2.77538,58.983954],[-2.78189,58.973944],[-2.822499,58.958564],[-2.837554,58.950385],[-2.826243,58.937405],[-2.81192,58.929145],[-2.794789,58.926093],[-2.77538,58.928697],[-2.789418,58.949897],[-2.795969,58.956692],[-2.777577,58.957506],[-2.744049,58.969184],[-2.727651,58.970893]]],[[[-2.541982,59.120551],[-2.548451,59.109036],[-2.542388,59.102973],[-2.51476,59.093817],[-2.532623,59.083564],[-2.576039,59.080064],[-2.59732,59.07331],[-2.599477,59.095893],[-2.614369,59.107245],[-2.634429,59.108629],[-2.651845,59.101264],[-2.649159,59.085517],[-2.670725,59.081529],[-2.686106,59.089179],[-2.665517,59.1081],[-2.650502,59.111762],[-2.634836,59.112738],[-2.622426,59.116441],[-2.617787,59.127997],[-2.624257,59.133857],[-2.655181,59.151272],[-2.665517,59.155219],[-2.62564,59.162421],[-2.611562,59.161444],[-2.611562,59.155219],[-2.614858,59.152167],[-2.617787,59.148424],[-2.590077,59.148871],[-2.577952,59.147203],[-2.569407,59.142239],[-2.582346,59.143988],[-2.592885,59.138577],[-2.595204,59.129543],[-2.583648,59.120551],[-2.571604,59.118842],[-2.558705,59.120836],[-2.535268,59.127997],[-2.534739,59.12287],[-2.536488,59.121568],[-2.539296,59.121731],[-2.541982,59.120551]]],[[[-3.004791,59.127997],[-3.036448,59.129096],[-3.065582,59.133612],[-3.091786,59.142808],[-3.114654,59.158352],[-3.120432,59.176581],[-3.102406,59.190253],[-3.074208,59.197496],[-3.049184,59.196845],[-3.048085,59.194892],[-3.046295,59.190863],[-3.042551,59.186347],[-3.035553,59.183173],[-3.029124,59.182359],[-3.02184,59.182318],[-2.980824,59.187445],[-2.967885,59.187445],[-2.952952,59.183173],[-2.952463,59.178168],[-2.953847,59.176744],[-2.956776,59.176703],[-2.960357,59.175767],[-2.977162,59.163398],[-2.974029,59.147528],[-2.97525,59.133775],[-3.004791,59.127997]]],[[[-2.830068,59.196845],[-2.817291,59.19123],[-2.807118,59.191799],[-2.797271,59.195014],[-2.785959,59.196845],[-2.784901,59.200344],[-2.790273,59.217597],[-2.789133,59.224189],[-2.7919,59.236965],[-2.787913,59.247219],[-2.777455,59.252916],[-2.761098,59.252102],[-2.761098,59.244615],[-2.768625,59.244615],[-2.768625,59.23786],[-2.755442,59.239407],[-2.743642,59.238105],[-2.734202,59.233344],[-2.727651,59.224189],[-2.734202,59.215522],[-2.756337,59.198065],[-2.761098,59.193101],[-2.761098,59.177314],[-2.758941,59.164211],[-2.751088,59.156073],[-2.734486,59.155219],[-2.734486,59.148424],[-2.764027,59.142646],[-2.781361,59.141425],[-2.789133,59.145331],[-2.792551,59.158637],[-2.801625,59.168158],[-2.814768,59.173896],[-2.830068,59.175767],[-2.830068,59.196845]]],[[[-2.446401,59.293036],[-2.424957,59.310452],[-2.411041,59.318996],[-2.404897,59.316352],[-2.395497,59.295071],[-2.392486,59.285468],[-2.439809,59.284166],[-2.458974,59.27912],[-2.466949,59.268215],[-2.477854,59.262763],[-2.497385,59.239203],[-2.504506,59.233385],[-2.51476,59.230414],[-2.516265,59.252143],[-2.533111,59.251166],[-2.576812,59.224189],[-2.571767,59.234565],[-2.569407,59.23786],[-2.569407,59.244615],[-2.588612,59.238674],[-2.596791,59.239163],[-2.604156,59.244615],[-2.641225,59.217963],[-2.661855,59.207099],[-2.67927,59.209906],[-2.681874,59.196357],[-2.687652,59.190172],[-2.692616,59.192288],[-2.692942,59.203681],[-2.687978,59.217963],[-2.68102,59.223131],[-2.671539,59.225328],[-2.658803,59.230414],[-2.649729,59.236965],[-2.633168,59.252265],[-2.624623,59.258287],[-2.61262,59.261542],[-2.602773,59.26142],[-2.59557,59.264838],[-2.591135,59.278754],[-2.596669,59.281806],[-2.611562,59.293036],[-2.587717,59.293158],[-2.547231,59.305732],[-2.522125,59.306708],[-2.522125,59.299262],[-2.536977,59.294379],[-2.551829,59.287421],[-2.576812,59.271308],[-2.569325,59.270168],[-2.566274,59.268785],[-2.563222,59.265082],[-2.551625,59.270819],[-2.518788,59.274319],[-2.492421,59.289374],[-2.477203,59.290758],[-2.461171,59.290676],[-2.446401,59.293036]]],[[[-3.049184,59.31977],[-3.058705,59.322984],[-3.067006,59.322699],[-3.073354,59.32453],[-3.077056,59.334052],[-3.056264,59.334296],[-3.024322,59.33039],[-3.008168,59.334052],[-2.980336,59.355048],[-2.965199,59.360907],[-2.946685,59.353909],[-2.94636,59.349555],[-2.947662,59.348538],[-2.950185,59.348619],[-2.952952,59.347724],[-2.963938,59.340237],[-2.964508,59.335354],[-2.960357,59.326565],[-2.980946,59.325914],[-2.987782,59.326565],[-2.987782,59.31977],[-2.909535,59.307034],[-2.895497,59.302965],[-2.876536,59.276923],[-2.870961,59.271308],[-2.859609,59.267524],[-2.848866,59.266791],[-2.839019,59.265082],[-2.830068,59.258287],[-2.830068,59.252102],[-2.850087,59.252143],[-2.862172,59.247219],[-2.885365,59.230414],[-2.884023,59.239244],[-2.882232,59.246039],[-2.878407,59.251939],[-2.870961,59.258287],[-2.920318,59.283149],[-2.947418,59.291205],[-2.97468,59.293036],[-2.97468,59.28559],[-2.969797,59.281928],[-2.960357,59.271308],[-2.97468,59.278754],[-2.982411,59.269924],[-2.989654,59.267076],[-2.997792,59.268134],[-3.008168,59.271308],[-3.015126,59.274888],[-3.020253,59.280341],[-3.034657,59.301215],[-3.036692,59.306708],[-3.039947,59.311998],[-3.049184,59.31977]]],[[[-1.651275,59.528957],[-1.643666,59.54564],[-1.625234,59.555813],[-1.602854,59.560248],[-1.583119,59.559963],[-1.582387,59.555121],[-1.583852,59.553697],[-1.586415,59.553616],[-1.589345,59.552476],[-1.603668,59.55093],[-1.608144,59.547349],[-1.610422,59.539496],[-1.59675,59.539496],[-1.59675,59.53205],[-1.613393,59.526597],[-1.631256,59.516995],[-1.645497,59.514106],[-1.651275,59.528957]]],[[[-0.784576,60.615139],[-0.769154,60.613186],[-0.758372,60.607571],[-0.754791,60.598944],[-0.760732,60.587836],[-0.785227,60.576321],[-0.81314,60.580471],[-0.842152,60.588324],[-0.870473,60.587836],[-0.870473,60.58039],[-0.864898,60.577216],[-0.861928,60.574205],[-0.859609,60.571031],[-0.856191,60.567328],[-0.883534,60.570543],[-0.905344,60.586859],[-0.938832,60.621324],[-0.938832,60.62873],[-0.822133,60.62873],[-0.811513,60.625881],[-0.810048,60.61933],[-0.811269,60.612291],[-0.809071,60.608303],[-0.800282,60.607978],[-0.793528,60.6105],[-0.788319,60.613593],[-0.784576,60.615139]]],[[[-1.097035,60.41649],[-1.088002,60.43301],[-1.072743,60.444525],[-1.053944,60.450507],[-1.034413,60.450629],[-1.048695,60.433336],[-1.119252,60.391303],[-1.125071,60.383734],[-1.123769,60.375556],[-1.117543,60.373928],[-1.110015,60.37873],[-1.100209,60.388577],[-1.094472,60.391506],[-1.081451,60.396226],[-1.068267,60.396308],[-1.062327,60.385443],[-1.062896,60.379869],[-1.065419,60.369574],[-1.070424,60.359524],[-1.079172,60.355048],[-1.157216,60.350775],[-1.172231,60.347602],[-1.151601,60.337307],[-1.101226,60.331122],[-1.075307,60.32095],[-1.123118,60.296332],[-1.134348,60.292955],[-1.137929,60.290717],[-1.13858,60.28559],[-1.137115,60.279771],[-1.134348,60.27558],[-1.129506,60.273993],[-1.122222,60.279242],[-1.117014,60.278713],[-1.109364,60.27619],[-1.095855,60.275092],[-1.089752,60.272528],[-1.129709,60.252834],[-1.147857,60.248847],[-1.164703,60.25141],[-1.174672,60.264635],[-1.182932,60.271918],[-1.192616,60.272528],[-1.199127,60.266913],[-1.19811,60.260565],[-1.192535,60.25495],[-1.18517,60.25141],[-1.18517,60.245185],[-1.194936,60.245347],[-1.203277,60.243842],[-1.21939,60.238349],[-1.21939,60.232164],[-1.179026,60.232164],[-1.185536,60.225409],[-1.190907,60.218451],[-1.199452,60.20425],[-1.18102,60.217841],[-1.171132,60.222561],[-1.157867,60.224677],[-1.187245,60.19123],[-1.192616,60.176337],[-1.176503,60.187893],[-1.155141,60.192572],[-1.143951,60.187567],[-1.157867,60.170111],[-1.123769,60.155829],[-1.123769,60.149604],[-1.151723,60.149604],[-1.151723,60.142157],[-1.144276,60.142157],[-1.144276,60.135321],[-1.160878,60.141181],[-1.170969,60.136217],[-1.181549,60.129299],[-1.199452,60.129096],[-1.18517,60.121649],[-1.189849,60.113349],[-1.195139,60.10871],[-1.202545,60.10692],[-1.213206,60.107367],[-1.213206,60.101223],[-1.205312,60.100165],[-1.18517,60.094387],[-1.20226,60.083075],[-1.19286,60.06981],[-1.174428,60.060289],[-1.164703,60.060248],[-1.170074,60.045966],[-1.18517,60.038275],[-1.203725,60.036526],[-1.21939,60.03974],[-1.215077,60.02619],[-1.192616,59.997504],[-1.201243,59.986396],[-1.21581,59.986884],[-1.247304,59.997504],[-1.242991,59.976874],[-1.245229,59.955756],[-1.25357,59.936957],[-1.26773,59.923041],[-1.27184,59.927802],[-1.274566,59.929877],[-1.266591,59.918199],[-1.263417,59.907172],[-1.26594,59.895575],[-1.274566,59.882066],[-1.263743,59.874905],[-1.260976,59.8664],[-1.265004,59.858832],[-1.274566,59.854193],[-1.278432,59.859117],[-1.295033,59.874661],[-1.302887,59.864325],[-1.311106,59.865546],[-1.312856,59.873114],[-1.301422,59.882066],[-1.301422,59.888902],[-1.316477,59.895982],[-1.34789,59.891995],[-1.364003,59.896308],[-1.375966,59.908637],[-1.358022,59.921576],[-1.364003,59.937323],[-1.355702,59.945461],[-1.345855,59.950385],[-1.334788,59.952135],[-1.322987,59.950995],[-1.322987,59.95661],[-1.341054,59.96776],[-1.349721,59.970893],[-1.349721,59.977688],[-1.322987,59.977688],[-1.328725,59.99551],[-1.318023,60.011135],[-1.302887,60.028022],[-1.287709,60.075629],[-1.273061,60.095201],[-1.262603,60.115058],[-1.26773,60.142157],[-1.273061,60.146186],[-1.278961,60.145087],[-1.284535,60.145941],[-1.288889,60.155829],[-1.288157,60.159613],[-1.285268,60.164618],[-1.269358,60.185452],[-1.27953,60.185126],[-1.294057,60.179674],[-1.298166,60.176337],[-1.309193,60.177069],[-1.312408,60.18065],[-1.309316,60.189032],[-1.294667,60.215399],[-1.286773,60.225287],[-1.277699,60.233222],[-1.26773,60.238349],[-1.26773,60.245185],[-1.286936,60.246283],[-1.301584,60.235785],[-1.329254,60.20425],[-1.343007,60.227484],[-1.357655,60.24433],[-1.37857,60.254788],[-1.411122,60.258857],[-1.411122,60.25141],[-1.391835,60.246527],[-1.376088,60.237942],[-1.362457,60.225979],[-1.349721,60.211086],[-1.356557,60.196763],[-1.376088,60.207099],[-1.385325,60.210598],[-1.398101,60.211086],[-1.397572,60.192694],[-1.404612,60.179511],[-1.413645,60.176988],[-1.418691,60.190619],[-1.430776,60.184882],[-1.434926,60.174465],[-1.437734,60.163398],[-1.445953,60.155829],[-1.455434,60.156195],[-1.494293,60.170111],[-1.496409,60.172187],[-1.517934,60.184516],[-1.520985,60.183743],[-1.527252,60.192939],[-1.526723,60.197577],[-1.520985,60.20425],[-1.509511,60.209947],[-1.4794,60.214016],[-1.46642,60.217231],[-1.479237,60.222235],[-1.503651,60.243354],[-1.507965,60.235297],[-1.513336,60.221666],[-1.525054,60.212348],[-1.536773,60.210924],[-1.542144,60.220933],[-1.548248,60.229722],[-1.562652,60.227444],[-1.593007,60.217231],[-1.615142,60.215725],[-1.624664,60.217231],[-1.630238,60.220893],[-1.631174,60.225898],[-1.632802,60.230292],[-1.640859,60.232164],[-1.661285,60.233873],[-1.669749,60.239569],[-1.679351,60.265692],[-1.690175,60.285142],[-1.686391,60.29092],[-1.671864,60.299791],[-1.657379,60.30622],[-1.638743,60.311469],[-1.619374,60.314358],[-1.602935,60.313463],[-1.588287,60.307034],[-1.577219,60.298733],[-1.565297,60.29267],[-1.548411,60.292955],[-1.555816,60.306627],[-1.520985,60.299791],[-1.520985,60.306627],[-1.528432,60.306627],[-1.528432,60.313463],[-1.481435,60.316474],[-1.4676,60.308539],[-1.46642,60.278713],[-1.461415,60.279731],[-1.450185,60.283759],[-1.445953,60.2862],[-1.450917,60.291734],[-1.456451,60.302314],[-1.459584,60.306627],[-1.439036,60.306627],[-1.441803,60.310696],[-1.445953,60.32095],[-1.42276,60.326117],[-1.396352,60.321845],[-1.374257,60.308417],[-1.364003,60.2862],[-1.350006,60.297756],[-1.33609,60.306627],[-1.364003,60.32095],[-1.343495,60.347602],[-1.336578,60.343451],[-1.330312,60.342027],[-1.315541,60.341376],[-1.328114,60.352688],[-1.31017,60.355862],[-1.260365,60.355048],[-1.284291,60.363511],[-1.313832,60.366848],[-1.337554,60.374457],[-1.343495,60.395982],[-1.362538,60.384711],[-1.373402,60.38109],[-1.384429,60.382392],[-1.395009,60.38996],[-1.39859,60.399604],[-1.395253,60.409166],[-1.384429,60.41649],[-1.384429,60.423326],[-1.415639,60.423163],[-1.429107,60.425238],[-1.439036,60.430813],[-1.436269,60.443183],[-1.4381,60.460517],[-1.445953,60.492255],[-1.459381,60.472805],[-1.469838,60.462226],[-1.480092,60.457465],[-1.495595,60.460883],[-1.499094,60.469062],[-1.493072,60.478461],[-1.480092,60.485419],[-1.500234,60.485175],[-1.516754,60.482611],[-1.532094,60.4831],[-1.548411,60.492255],[-1.557485,60.480658],[-1.572011,60.476752],[-1.606679,60.477973],[-1.609364,60.483344],[-1.604156,60.495022],[-1.595123,60.506781],[-1.586171,60.512112],[-1.561513,60.510688],[-1.555816,60.512112],[-1.550689,60.519029],[-1.550201,60.526353],[-1.550689,60.533393],[-1.548411,60.539374],[-1.538726,60.548977],[-1.526967,60.55683],[-1.513987,60.557807],[-1.500559,60.54682],[-1.488189,60.525824],[-1.455068,60.508857],[-1.41747,60.502183],[-1.384429,60.512112],[-1.395741,60.516669],[-1.410715,60.518622],[-1.435943,60.518948],[-1.443186,60.522528],[-1.451975,60.530178],[-1.463857,60.537421],[-1.480092,60.539374],[-1.471588,60.546454],[-1.457997,60.56387],[-1.452789,60.567328],[-1.44164,60.568793],[-1.411122,60.58039],[-1.421457,60.586168],[-1.425364,60.587836],[-1.416493,60.595038],[-1.414052,60.599921],[-1.415639,60.603827],[-1.418691,60.608303],[-1.394154,60.614325],[-1.366851,60.61225],[-1.339752,60.604641],[-1.315541,60.594062],[-1.312489,60.598293],[-1.308705,60.601467],[-1.326161,60.611151],[-1.323964,60.621324],[-1.301422,60.643052],[-1.291412,60.623114],[-1.290679,60.615139],[-1.295033,60.608303],[-1.292104,60.599595],[-1.293528,60.593248],[-1.299143,60.58926],[-1.308705,60.587836],[-1.301422,60.564846],[-1.309438,60.554104],[-1.323964,60.546454],[-1.33609,60.533189],[-1.315541,60.533189],[-1.320302,60.528266],[-1.324818,60.526557],[-1.33609,60.525784],[-1.330556,60.523871],[-1.327301,60.521674],[-1.323354,60.519843],[-1.315541,60.518948],[-1.33609,60.485419],[-1.326527,60.486396],[-1.317494,60.488918],[-1.309153,60.492906],[-1.301422,60.49844],[-1.295033,60.492255],[-1.309153,60.477037],[-1.31192,60.470893],[-1.308705,60.464911],[-1.308705,60.457465],[-1.327952,60.453192],[-1.351796,60.418362],[-1.370229,60.409654],[-1.370229,60.402167],[-1.357493,60.401435],[-1.345041,60.40233],[-1.333363,60.405015],[-1.322987,60.409654],[-1.32433,60.42772],[-1.296986,60.437974],[-1.233632,60.443793],[-1.280995,60.461859],[-1.295033,60.471137],[-1.284739,60.478705],[-1.271962,60.48428],[-1.261952,60.481594],[-1.260365,60.464911],[-1.25121,60.470852],[-1.230784,60.488715],[-1.226877,60.495307],[-1.217519,60.497992],[-1.19929,60.492377],[-1.186269,60.482245],[-1.192616,60.471137],[-1.180165,60.468207],[-1.169911,60.463121],[-1.162343,60.455268],[-1.157867,60.443793],[-1.163075,60.439276],[-1.164703,60.436957],[-1.151723,60.430813],[-1.163971,60.425482],[-1.185902,60.431586],[-1.196034,60.427069],[-1.204335,60.420152],[-1.214019,60.414984],[-1.224192,60.411444],[-1.220774,60.409125],[-1.208648,60.410712],[-1.18517,60.41649],[-1.189117,60.414008],[-1.199452,60.409654],[-1.199452,60.402167],[-1.165435,60.412055],[-1.153676,60.407904],[-1.151723,60.388577],[-1.144276,60.388577],[-1.140289,60.398871],[-1.136952,60.399482],[-1.132151,60.398017],[-1.123769,60.402167],[-1.11974,60.408149],[-1.116689,60.415676],[-1.11205,60.423651],[-1.103424,60.430813],[-1.099965,60.427476],[-1.098378,60.424221],[-1.097035,60.41649]]],[[[-0.987172,60.697699],[-0.997955,60.685614],[-0.99706,60.676093],[-0.979726,60.656684],[-0.985707,60.645901],[-0.993479,60.635647],[-1.025868,60.654486],[-1.042592,60.661566],[-1.062327,60.662909],[-1.050526,60.655585],[-1.036773,60.64289],[-1.013905,60.615139],[-1.027089,60.610093],[-1.041005,60.607978],[-1.055287,60.609442],[-1.069163,60.615139],[-1.06428,60.604071],[-1.052073,60.597642],[-1.036366,60.594713],[-1.020741,60.594062],[-1.022694,60.590725],[-1.022939,60.58983],[-1.028188,60.587836],[-1.011057,60.577704],[-1.010732,60.565497],[-1.022532,60.55565],[-1.04186,60.553046],[-1.026967,60.535834],[-1.02245,60.527248],[-1.020741,60.51553],[-1.023793,60.502997],[-1.031728,60.500678],[-1.055491,60.505845],[-1.080068,60.505194],[-1.09203,60.507717],[-1.097035,60.51553],[-1.100697,60.515041],[-1.106557,60.511054],[-1.107737,60.505072],[-1.097035,60.49844],[-1.097035,60.492255],[-1.130523,60.496039],[-1.153879,60.508368],[-1.167795,60.530463],[-1.180043,60.624661],[-1.171376,60.645982],[-1.138051,60.649237],[-1.138051,60.643052],[-1.141021,60.631171],[-1.130116,60.61933],[-1.114491,60.612454],[-1.103424,60.615139],[-1.106557,60.619778],[-1.120595,60.646186],[-1.123769,60.659817],[-1.120961,60.666409],[-1.11148,60.681138],[-1.113922,60.684027],[-1.119537,60.687893],[-1.120432,60.696926],[-1.118031,60.707221],[-1.113922,60.714748],[-1.103993,60.725775],[-1.092112,60.735338],[-1.079905,60.735541],[-1.069163,60.718166],[-1.057607,60.729722],[-1.036977,60.73314],[-0.993479,60.731147],[-0.993153,60.717719],[-0.99474,60.713609],[-1.000885,60.711371],[-1.000885,60.703925],[-0.995961,60.70246],[-0.991607,60.69953],[-0.987172,60.697699]]],[[[-0.904693,60.684027],[-0.934804,60.682115],[-0.950307,60.684312],[-0.966176,60.690172],[-0.961334,60.700019],[-0.95995,60.709418],[-0.961822,60.717922],[-0.966176,60.725002],[-0.948598,60.717963],[-0.943227,60.72602],[-0.94579,60.740302],[-0.952463,60.752346],[-0.935699,60.756008],[-0.926137,60.769599],[-0.926178,60.784654],[-0.938832,60.79267],[-0.938832,60.800116],[-0.923085,60.804104],[-0.904164,60.813951],[-0.890533,60.825588],[-0.891021,60.834866],[-0.8815,60.845038],[-0.870107,60.845201],[-0.860341,60.837551],[-0.856191,60.823961],[-0.860341,60.812934],[-0.870188,60.806383],[-0.881663,60.800849],[-0.891021,60.79267],[-0.888336,60.78974],[-0.876129,60.79267],[-0.861969,60.798245],[-0.853139,60.803534],[-0.831776,60.840277],[-0.822133,60.847886],[-0.815582,60.843085],[-0.809722,60.841702],[-0.795481,60.84101],[-0.782786,60.838202],[-0.77184,60.833401],[-0.763905,60.825426],[-0.760732,60.813137],[-0.768788,60.81269],[-0.787994,60.806952],[-0.768544,60.800971],[-0.760732,60.800116],[-0.775787,60.791571],[-0.795766,60.785631],[-0.808461,60.778632],[-0.801666,60.766547],[-0.801666,60.759101],[-0.821401,60.758531],[-0.814565,60.757148],[-0.808013,60.755113],[-0.801666,60.752346],[-0.801666,60.744818],[-0.842763,60.724026],[-0.850006,60.718166],[-0.843007,60.706],[-0.828847,60.694892],[-0.821889,60.685004],[-0.836415,60.676581],[-0.846181,60.675971],[-0.854482,60.67829],[-0.862213,60.681586],[-0.870473,60.684027],[-0.890126,60.684963],[-0.904693,60.684027]]],[[[-6.298818,49.935492],[-6.292226,49.932074],[-6.284169,49.922756],[-6.287506,49.914008],[-6.297271,49.909613],[-6.309153,49.913642],[-6.307444,49.927436],[-6.298818,49.935492]]],[[[-6.333648,49.959703],[-6.328033,49.95661],[-6.326487,49.949205],[-6.332509,49.941718],[-6.341217,49.94477],[-6.348053,49.956204],[-6.348948,49.964342],[-6.341786,49.963609],[-6.336822,49.960924],[-6.333648,49.959703]]],[[[-4.665435,51.18358],[-4.663971,51.177069],[-4.663482,51.164862],[-4.670481,51.160102],[-4.678538,51.16706],[-4.679799,51.180569],[-4.676422,51.193101],[-4.671213,51.195054],[-4.666982,51.18769],[-4.665435,51.18358]]],[[[-13.690419,57.596259],[-13.691314,57.596503],[-13.691314,57.597154],[-13.690419,57.597805],[-13.688588,57.597805],[-13.687652,57.597154],[-13.687652,57.596869],[-13.688588,57.596259],[-13.690419,57.596259]]],[[[-1.315094,60.093736],[-1.308258,60.094143],[-1.304799,60.086575],[-1.309804,60.076361],[-1.317738,60.06623],[-1.326772,60.050605],[-1.333567,60.043606],[-1.339019,60.043891],[-1.338002,60.051093],[-1.333852,60.06151],[-1.333119,60.073676],[-1.334625,60.076321],[-1.335805,60.070054],[-1.338368,60.064032],[-1.353871,60.051215],[-1.367909,60.044827],[-1.369862,60.04914],[-1.357004,60.058173],[-1.35204,60.069525],[-1.347564,60.083441],[-1.338002,60.093451],[-1.340443,60.099677],[-1.346995,60.10456],[-1.345693,60.108954],[-1.327789,60.111396],[-1.321156,60.115668],[-1.315826,60.115465],[-1.315053,60.106391],[-1.321767,60.093085],[-1.323354,60.088202],[-1.315094,60.093736]]],[[[-2.053212,60.155504],[-2.048899,60.147121],[-2.048085,60.129218],[-2.062978,60.117987],[-2.086903,60.123277],[-2.105377,60.132066],[-2.112294,60.138007],[-2.110341,60.145331],[-2.103424,60.150051],[-2.08788,60.155463],[-2.064687,60.157294],[-2.053212,60.155504]]],[[[-1.062856,60.164049],[-1.050526,60.169623],[-1.050445,60.162787],[-1.052724,60.148424],[-1.059478,60.137641],[-1.066762,60.129218],[-1.073801,60.107733],[-1.083892,60.10517],[-1.112945,60.116278],[-1.122222,60.123114],[-1.119252,60.155585],[-1.13565,60.167955],[-1.134918,60.178697],[-1.115793,60.180162],[-1.097524,60.175727],[-1.089589,60.178168],[-1.086415,60.186469],[-1.079457,60.1883],[-1.074941,60.182807],[-1.07315,60.173],[-1.069936,60.164211],[-1.062856,60.164049]]],[[[-0.918772,60.386176],[-0.912668,60.386786],[-0.911204,60.38231],[-0.917714,60.376654],[-0.931386,60.368476],[-0.948598,60.355862],[-0.975982,60.340318],[-1.015207,60.334133],[-1.034088,60.340155],[-1.02892,60.345649],[-1.02359,60.349433],[-1.021555,60.354478],[-1.016428,60.362006],[-1.006418,60.368964],[-0.995229,60.371649],[-0.983632,60.372301],[-0.974477,60.375922],[-0.9676,60.381049],[-0.932281,60.382758],[-0.921783,60.384589],[-0.918772,60.386176]]]]}},{"type":"Feature","properties":{"featurecla":"Admin-0 country","scalerank":6,"LABELRANK":5,"SOVEREIGNT":"France","SOV_A3":"FR1","ADM0_DIF":1,"LEVEL":2,"TYPE":"Dependency","TLC":"1","ADMIN":"Clipperton Island","ADM0_A3":"CLP","GEOU_DIF":0,"GEOUNIT":"Clipperton Island","GU_A3":"CLP","SU_DIF":0,"SUBUNIT":"Clipperton Island","SU_A3":"CLP","BRK_DIFF":0,"NAME":"Clipperton I.","NAME_LONG":"Clipperton Island","BRK_A3":"CLP","BRK_NAME":"Clipperton I.","BRK_GROUP":null,"ABBREV":"Clp. I.","POSTAL":"CI","FORMAL_EN":null,"FORMAL_FR":null,"NAME_CIAWF":null,"NOTE_ADM0":"Fr.","NOTE_BRK":null,"NAME_SORT":"Clipperton Island","NAME_ALT":null,"MAPCOLOR7":7,"MAPCOLOR8":5,"MAPCOLOR9":9,"MAPCOLOR13":11,"POP_EST":0,"POP_RANK":1,"POP_YEAR":2019,"GDP_MD":0,"GDP_YEAR":2016,"ECONOMY":"7. Least developed region","INCOME_GRP":"5. Low income","FIPS_10":"IP","ISO_A2":"-99","ISO_A2_EH":"FR","ISO_A3":"-99","ISO_A3_EH":"FRA","ISO_N3":"-99","ISO_N3_EH":"250","UN_A3":"-099","WB_A2":"-99","WB_A3":"-99","WOE_ID":23424850,"WOE_ID_EH":23424850,"WOE_NOTE":"WOE Admin-1 states provinces (territory) match.","ADM0_ISO":"FRA","ADM0_DIFF":"1","ADM0_TLC":"CLP","ADM0_A3_US":"CLP","ADM0_A3_FR":"CLP","ADM0_A3_RU":"CLP","ADM0_A3_ES":"CLP","ADM0_A3_CN":"CLP","ADM0_A3_TW":"CLP","ADM0_A3_IN":"CLP","ADM0_A3_NP":"CLP","ADM0_A3_PK":"CLP","ADM0_A3_DE":"CLP","ADM0_A3_GB":"CLP","ADM0_A3_BR":"CLP","ADM0_A3_IL":"CLP","ADM0_A3_PS":"CLP","ADM0_A3_SA":"CLP","ADM0_A3_EG":"CLP","ADM0_A3_MA":"CLP","ADM0_A3_PT":"CLP","ADM0_A3_AR":"CLP","ADM0_A3_JP":"CLP","ADM0_A3_KO":"CLP","ADM0_A3_VN":"CLP","ADM0_A3_TR":"CLP","ADM0_A3_ID":"CLP","ADM0_A3_PL":"CLP","ADM0_A3_GR":"CLP","ADM0_A3_IT":"CLP","ADM0_A3_NL":"CLP","ADM0_A3_SE":"CLP","ADM0_A3_BD":"CLP","ADM0_A3_UA":"CLP","ADM0_A3_UN":-99,"ADM0_A3_WB":-99,"CONTINENT":"Seven seas (open ocean)","REGION_UN":"Americas","SUBREGION":"Central America","REGION_WB":"Latin America & Caribbean","NAME_LEN":13,"LONG_LEN":17,"ABBREV_LEN":7,"TINY":-99,"HOMEPART":-99,"MIN_ZOOM":0,"MIN_LABEL":5,"MAX_LABEL":9.5,"LABEL_X":-109.22045,"LABEL_Y":10.297324,"NE_ID":1159320635,"WIKIDATAID":"Q161258","NAME_AR":"جزيرة كليبرتون","NAME_BN":"ক্লিপারটন দ্বীপপুঞ্জ","NAME_DE":"Clipperton-Insel","NAME_EN":"Clipperton Island","NAME_ES":"Isla Clipperton","NAME_FA":"جزیره کلیپرتون","NAME_FR":"île Clipperton","NAME_EL":"Νήσος Κλίπερτον","NAME_HE":"קליפרטון","NAME_HI":"क्लिपरटन द्वीप","NAME_HU":"Clipperton-sziget","NAME_ID":"Pulau Clipperton","NAME_IT":"Clipperton","NAME_JA":"クリッパートン島","NAME_KO":"클리퍼턴섬","NAME_NL":"Clipperton","NAME_PL":"Wyspa Clippertona","NAME_PT":"Ilha de Clipperton","NAME_RU":"Клиппертон","NAME_SV":"Clippertonön","NAME_TR":"Clipperton Adası","NAME_UK":"Кліппертон","NAME_UR":"جزیرہ کلپرٹن","NAME_VI":"Clipperton","NAME_ZH":"克利珀顿岛","NAME_ZHT":"克利珀頓島","FCLASS_ISO":"Unrecognized","TLC_DIFF":"1","FCLASS_TLC":"Admin-0 dependency","FCLASS_US":null,"FCLASS_FR":null,"FCLASS_RU":null,"FCLASS_ES":null,"FCLASS_CN":null,"FCLASS_TW":null,"FCLASS_IN":null,"FCLASS_NP":null,"FCLASS_PK":null,"FCLASS_DE":null,"FCLASS_GB":null,"FCLASS_BR":null,"FCLASS_IL":null,"FCLASS_PS":null,"FCLASS_SA":null,"FCLASS_EG":null,"FCLASS_MA":null,"FCLASS_PT":null,"FCLASS_AR":null,"FCLASS_JP":null,"FCLASS_KO":null,"FCLASS_VN":null,"FCLASS_TR":null,"FCLASS_ID":null,"FCLASS_PL":null,"FCLASS_GR":null,"FCLASS_IT":null,"FCLASS_NL":null,"FCLASS_SE":null,"FCLASS_BD":null,"FCLASS_UA":null},"bbox":[-109.234242,10.281562,-109.210357,10.311021],"geometry":{"type":"Polygon","coordinates":[[[-109.212026,10.30268],[-109.210357,10.288723],[-109.218577,10.281562],[-109.228017,10.292141],[-109.234242,10.307929],[-109.225942,10.311021],[-109.212026,10.30268]]]}}]}
